config_id,direction,family,effect,shared_prefix
434:all:single:434:,noise,0,0.42138671875,False
434:all:single:434:,noise,2,0.2265625,False
434:all:single:434:,noise,4,0.14935302734375,False
434:all:single:434:,noise,6,-0.158447265625,False
434:all:single:434:,noise,8,0.263916015625,False
434:all:single:434:,noise,12,0.25250244140625,False
434:all:single:434:,noise,14,-0.18377685546875,False
434:all:single:434:,noise,16,0.12134552001953125,False
434:all:single:434:,noise,20,-0.04267597198486328,False
434:all:single:434:,noise,24,0.94744873046875,False
434:all:single:434:,noise,26,0.2303466796875,False
434:all:single:434:,noise,28,0.5087890625,False
434:all:single:434:,noise,30,0.042572021484375,False
434:all:single:434:,noise,32,0.02691650390625,False
434:all:single:434:,noise,34,0.8017430305480957,False
434:all:single:434:,noise,36,0.4240708351135254,False
434:all:single:434:,noise,38,0.559722900390625,False
434:all:single:434:,noise,40,0.16529464721679688,False
434:all:single:434:,noise,44,-0.89959716796875,False
434:all:single:434:,noise,46,-0.460784912109375,False
434:all:single:434:,noise,48,0.06446075439453125,False
434:all:single:434:,noise,50,0.00177001953125,False
434:all:single:434:,noise,52,0.1723785400390625,False
434:all:single:434:,noise,54,0.310150146484375,False
434:all:single:434:,noise,56,-0.1124725341796875,False
434:all:single:434:,noise,58,0.3371124267578125,False
434:all:single:434:,noise,60,-0.3284454345703125,False
434:all:single:434:,noise,62,0.1121826171875,False
434:all:single:434:,noise,64,0.26129150390625,False
434:all:single:434:,noise,66,0.5831298828125,False
434:all:single:434:,noise,68,0.4788818359375,False
434:all:single:434:,noise,70,-0.1754150390625,False
434:all:single:434:,noise,72,0.36376953125,False
434:all:single:434:,noise,76,0.03753662109375,False
434:all:single:434:,noise,78,-0.27069091796875,False
434:all:single:434:,noise,80,0.3114013671875,False
434:all:single:434:,noise,82,0.0146484375,False
434:all:single:434:,noise,84,0.1276397705078125,False
434:all:single:434:,noise,86,0.31427001953125,False
434:all:single:434:,noise,88,-0.5323486328125,False
434:all:single:434:,noise,90,0.1446075439453125,False
434:all:single:434:,noise,92,0.602783203125,False
434:all:single:434:,noise,94,0.0172119140625,False
434:all:single:434:,noise,96,1.1061019897460938,False
434:all:single:434:,noise,98,0.9008598327636719,False
434:all:single:434:,noise,100,0.8269271850585938,False
434:all:single:434:,noise,102,0.8437042236328125,False
434:all:single:434:,noise,104,0.0828857421875,False
434:all:single:434:,noise,108,0.5914115905761719,False
434:all:single:434:,noise,110,0.231689453125,False
434:all:single:434:,noise,112,1.3394241333007812,False
434:all:single:434:,noise,114,0.5704345703125,False
434:all:single:434:,noise,116,0.97381591796875,False
434:all:single:434:,noise,118,0.0093536376953125,False
434:all:single:434:,noise,120,1.199310302734375,False
434:all:single:434:,noise,122,0.43880367279052734,False
434:all:single:434:,noise,124,0.97515869140625,False
434:all:single:434:,noise,126,0.11529541015625,False
434:all:single:434:,noise,128,-0.2332305908203125,False
434:all:single:434:,noise,130,-0.09731292724609375,False
434:all:single:434:,noise,132,0.4517822265625,False
434:all:single:434:,noise,134,0.077972412109375,False
434:all:single:434:,noise,136,1.019287109375,False
434:all:single:434:,noise,138,0.314300537109375,False
434:all:single:434:,noise,140,0.28387451171875,False
434:all:single:434:,noise,142,0.683837890625,False
434:all:single:434:,noise,148,1.16162109375,False
434:all:single:434:,noise,150,0.06103515625,False
434:all:single:434:,noise,152,-0.3809814453125,False
434:all:single:434:,noise,154,0.680908203125,False
434:all:single:434:,noise,156,0.2312774658203125,False
434:all:single:434:,noise,158,0.48974609375,False
434:all:single:434:,noise,160,0.8193426132202148,False
434:all:single:434:,noise,162,-0.03515625,False
434:all:single:434:,noise,166,-0.102752685546875,False
434:all:single:434:,noise,168,0.2548828125,True
434:all:single:434:,noise,170,0.950225830078125,False
434:all:single:434:,noise,172,0.3787841796875,False
434:all:single:434:,noise,174,-0.50830078125,True
434:all:single:434:,noise,176,0.23779296875,False
434:all:single:434:,noise,178,1.0960502624511719,False
434:all:single:434:,noise,180,-0.031005859375,False
434:all:single:434:,noise,182,0.999267578125,False
434:all:single:434:,noise,186,0.6156005859375,False
434:all:single:434:,noise,188,1.14471435546875,False
434:all:single:434:,noise,192,0.372589111328125,False
434:all:single:434:,noise,194,-0.027099609375,False
434:all:single:434:,noise,196,0.1923828125,False
434:all:single:434:,noise,198,0.4410400390625,False
434:colon:single:434:,noise,0,0.018646240234375,False
434:colon:single:434:,noise,2,0.02099609375,False
434:colon:single:434:,noise,4,0.07769775390625,False
434:colon:single:434:,noise,6,0.0118408203125,False
434:colon:single:434:,noise,8,0.014404296875,False
434:colon:single:434:,noise,12,0.014892578125,False
434:colon:single:434:,noise,14,0.00628662109375,False
434:colon:single:434:,noise,16,0.0363006591796875,False
434:colon:single:434:,noise,20,0.060901641845703125,False
434:colon:single:434:,noise,24,0.04583740234375,False
434:colon:single:434:,noise,26,0.0244140625,False
434:colon:single:434:,noise,28,0.00537109375,False
434:colon:single:434:,noise,30,0.03631591796875,False
434:colon:single:434:,noise,32,0.0122222900390625,False
434:colon:single:434:,noise,34,0.029780864715576172,False
434:colon:single:434:,noise,36,-0.0034637451171875,False
434:colon:single:434:,noise,38,0.027252197265625,False
434:colon:single:434:,noise,40,0.021709442138671875,False
434:colon:single:434:,noise,44,-0.03253173828125,False
434:colon:single:434:,noise,46,-0.026763916015625,False
434:colon:single:434:,noise,48,0.0142364501953125,False
434:colon:single:434:,noise,50,0.03179931640625,False
434:colon:single:434:,noise,52,-0.000396728515625,False
434:colon:single:434:,noise,54,0.002471923828125,False
434:colon:single:434:,noise,56,-0.004547119140625,False
434:colon:single:434:,noise,58,-0.00260162353515625,False
434:colon:single:434:,noise,60,-0.0028076171875,False
434:colon:single:434:,noise,62,0.017181396484375,False
434:colon:single:434:,noise,64,0.0032958984375,False
434:colon:single:434:,noise,66,0.015625,False
434:colon:single:434:,noise,68,0.132568359375,False
434:colon:single:434:,noise,70,0.0089111328125,False
434:colon:single:434:,noise,72,0.0245361328125,False
434:colon:single:434:,noise,76,0.01898193359375,False
434:colon:single:434:,noise,78,-0.004150390625,False
434:colon:single:434:,noise,80,0.02703857421875,False
434:colon:single:434:,noise,82,0.00469970703125,False
434:colon:single:434:,noise,84,-0.0409393310546875,False
434:colon:single:434:,noise,86,0.0091552734375,False
434:colon:single:434:,noise,88,-0.0052490234375,False
434:colon:single:434:,noise,90,0.0045013427734375,False
434:colon:single:434:,noise,92,0.0382080078125,False
434:colon:single:434:,noise,94,0.0234375,False
434:colon:single:434:,noise,96,0.130828857421875,False
434:colon:single:434:,noise,98,0.021697998046875,False
434:colon:single:434:,noise,100,0.072052001953125,False
434:colon:single:434:,noise,102,0.0047454833984375,False
434:colon:single:434:,noise,104,-0.002838134765625,False
434:colon:single:434:,noise,108,0.022043228149414062,False
434:colon:single:434:,noise,110,0.0078125,False
434:colon:single:434:,noise,112,0.024139404296875,False
434:colon:single:434:,noise,114,0.04339599609375,False
434:colon:single:434:,noise,116,0.02642822265625,False
434:colon:single:434:,noise,118,0.0029296875,False
434:colon:single:434:,noise,120,0.0623779296875,False
434:colon:single:434:,noise,122,0.004263877868652344,False
434:colon:single:434:,noise,124,0.10357666015625,False
434:colon:single:434:,noise,126,0.0103759765625,False
434:colon:single:434:,noise,128,0.0001068115234375,False
434:colon:single:434:,noise,130,-0.003997802734375,False
434:colon:single:434:,noise,132,0.08837890625,False
434:colon:single:434:,noise,134,-0.01318359375,False
434:colon:single:434:,noise,136,0.0283203125,False
434:colon:single:434:,noise,138,0.057708740234375,False
434:colon:single:434:,noise,140,0.031005859375,False
434:colon:single:434:,noise,142,0.059814453125,False
434:colon:single:434:,noise,148,-0.00146484375,False
434:colon:single:434:,noise,150,0.030364990234375,False
434:colon:single:434:,noise,152,0.0172119140625,False
434:colon:single:434:,noise,154,0.0592041015625,False
434:colon:single:434:,noise,156,0.0008697509765625,False
434:colon:single:434:,noise,158,0.0020751953125,False
434:colon:single:434:,noise,160,-0.032273292541503906,False
434:colon:single:434:,noise,162,-0.003173828125,False
434:colon:single:434:,noise,166,0.023345947265625,False
434:colon:single:434:,noise,168,0.013671875,True
434:colon:single:434:,noise,170,0.021484375,False
434:colon:single:434:,noise,172,0.017578125,False
434:colon:single:434:,noise,174,0.014404296875,True
434:colon:single:434:,noise,176,-0.0025634765625,False
434:colon:single:434:,noise,178,0.038417816162109375,False
434:colon:single:434:,noise,180,0.0372314453125,False
434:colon:single:434:,noise,182,0.01171875,False
434:colon:single:434:,noise,186,0.03009033203125,False
434:colon:single:434:,noise,188,0.092376708984375,False
434:colon:single:434:,noise,192,0.02081298828125,False
434:colon:single:434:,noise,194,0.02655029296875,False
434:colon:single:434:,noise,196,0.03076171875,False
434:colon:single:434:,noise,198,0.0443115234375,False
787:all:single:787:,noise,0,-0.04119873046875,False
787:all:single:787:,noise,2,0.30419921875,False
787:all:single:787:,noise,4,0.30712890625,False
787:all:single:787:,noise,6,0.0919189453125,False
787:all:single:787:,noise,8,0.2939453125,False
787:all:single:787:,noise,12,0.4464569091796875,False
787:all:single:787:,noise,14,0.66766357421875,False
787:all:single:787:,noise,16,0.608978271484375,False
787:all:single:787:,noise,20,0.357177734375,False
787:all:single:787:,noise,24,0.27703857421875,False
787:all:single:787:,noise,26,0.4039306640625,False
787:all:single:787:,noise,28,0.530029296875,False
787:all:single:787:,noise,30,0.011444091796875,False
787:all:single:787:,noise,32,0.0519866943359375,False
787:all:single:787:,noise,34,0.004864215850830078,False
787:all:single:787:,noise,36,0.38054656982421875,False
787:all:single:787:,noise,38,0.05792236328125,False
787:all:single:787:,noise,40,0.3006782531738281,False
787:all:single:787:,noise,44,0.3798675537109375,False
787:all:single:787:,noise,46,0.32493019104003906,False
787:all:single:787:,noise,48,0.3691558837890625,False
787:all:single:787:,noise,50,0.247314453125,False
787:all:single:787:,noise,52,0.351318359375,False
787:all:single:787:,noise,54,0.28289794921875,False
787:all:single:787:,noise,56,0.307281494140625,False
787:all:single:787:,noise,58,0.5156478881835938,False
787:all:single:787:,noise,60,0.3424530029296875,False
787:all:single:787:,noise,62,-0.01678466796875,False
787:all:single:787:,noise,64,0.30877685546875,False
787:all:single:787:,noise,66,0.46484375,False
787:all:single:787:,noise,68,0.427001953125,False
787:all:single:787:,noise,70,0.3009033203125,False
787:all:single:787:,noise,72,0.173828125,False
787:all:single:787:,noise,76,0.50970458984375,False
787:all:single:787:,noise,78,0.0352783203125,False
787:all:single:787:,noise,80,0.29931640625,False
787:all:single:787:,noise,82,0.42376708984375,False
787:all:single:787:,noise,84,0.6107025146484375,False
787:all:single:787:,noise,86,0.18389892578125,False
787:all:single:787:,noise,88,0.31915283203125,False
787:all:single:787:,noise,90,0.2548408508300781,False
787:all:single:787:,noise,92,0.26763916015625,False
787:all:single:787:,noise,94,0.11835479736328125,False
787:all:single:787:,noise,96,0.1452789306640625,False
787:all:single:787:,noise,98,0.49603271484375,False
787:all:single:787:,noise,100,0.29736328125,False
787:all:single:787:,noise,102,0.5830698013305664,False
787:all:single:787:,noise,104,0.316558837890625,False
787:all:single:787:,noise,108,0.18563461303710938,False
787:all:single:787:,noise,110,0.4556884765625,False
787:all:single:787:,noise,112,0.285064697265625,False
787:all:single:787:,noise,114,0.562255859375,False
787:all:single:787:,noise,116,0.2203369140625,False
787:all:single:787:,noise,118,0.089080810546875,False
787:all:single:787:,noise,120,0.21307373046875,False
787:all:single:787:,noise,122,0.5290403366088867,False
787:all:single:787:,noise,124,0.3662109375,False
787:all:single:787:,noise,126,0.58148193359375,False
787:all:single:787:,noise,128,0.333648681640625,False
787:all:single:787:,noise,130,0.14593505859375,False
787:all:single:787:,noise,132,0.350341796875,False
787:all:single:787:,noise,134,0.423431396484375,False
787:all:single:787:,noise,136,0.413818359375,False
787:all:single:787:,noise,138,0.2883148193359375,False
787:all:single:787:,noise,140,0.48199462890625,False
787:all:single:787:,noise,142,0.55615234375,False
787:all:single:787:,noise,148,0.5926513671875,False
787:all:single:787:,noise,150,0.051666259765625,False
787:all:single:787:,noise,152,0.30865478515625,False
787:all:single:787:,noise,154,0.593017578125,False
787:all:single:787:,noise,156,0.16033458709716797,False
787:all:single:787:,noise,158,0.3607177734375,False
787:all:single:787:,noise,160,0.3645963668823242,False
787:all:single:787:,noise,162,0.879150390625,False
787:all:single:787:,noise,166,0.571075439453125,False
787:all:single:787:,noise,168,0.032958984375,True
787:all:single:787:,noise,170,0.85723876953125,False
787:all:single:787:,noise,172,0.265869140625,False
787:all:single:787:,noise,174,-0.00146484375,True
787:all:single:787:,noise,176,0.6229248046875,False
787:all:single:787:,noise,178,0.4659843444824219,False
787:all:single:787:,noise,180,0.09161376953125,False
787:all:single:787:,noise,182,0.182861328125,False
787:all:single:787:,noise,186,0.36065673828125,False
787:all:single:787:,noise,188,0.19671630859375,False
787:all:single:787:,noise,192,0.37841796875,False
787:all:single:787:,noise,194,0.4903564453125,False
787:all:single:787:,noise,196,0.83349609375,False
787:all:single:787:,noise,198,0.8118896484375,False
787:colon:single:787:,noise,0,-0.026641845703125,False
787:colon:single:787:,noise,2,0.3507080078125,False
787:colon:single:787:,noise,4,0.2645263671875,False
787:colon:single:787:,noise,6,0.1226806640625,False
787:colon:single:787:,noise,8,0.285888671875,False
787:colon:single:787:,noise,12,0.4569854736328125,False
787:colon:single:787:,noise,14,0.6690673828125,False
787:colon:single:787:,noise,16,0.6063995361328125,False
787:colon:single:787:,noise,20,0.38627147674560547,False
787:colon:single:787:,noise,24,0.32220458984375,False
787:colon:single:787:,noise,26,0.4068603515625,False
787:colon:single:787:,noise,28,0.54443359375,False
787:colon:single:787:,noise,30,0.0164794921875,False
787:colon:single:787:,noise,32,0.05181884765625,False
787:colon:single:787:,noise,34,-0.011474132537841797,False
787:colon:single:787:,noise,36,0.4040374755859375,False
787:colon:single:787:,noise,38,0.0029296875,False
787:colon:single:787:,noise,40,0.29768991470336914,False
787:colon:single:787:,noise,44,0.39823150634765625,False
787:colon:single:787:,noise,46,0.33756256103515625,False
787:colon:single:787:,noise,48,0.4072418212890625,False
787:colon:single:787:,noise,50,0.232177734375,False
787:colon:single:787:,noise,52,0.351287841796875,False
787:colon:single:787:,noise,54,0.260009765625,False
787:colon:single:787:,noise,56,0.29083251953125,False
787:colon:single:787:,noise,58,0.490020751953125,False
787:colon:single:787:,noise,60,0.362884521484375,False
787:colon:single:787:,noise,62,0.00537109375,False
787:colon:single:787:,noise,64,0.313720703125,False
787:colon:single:787:,noise,66,0.55078125,False
787:colon:single:787:,noise,68,0.43963623046875,False
787:colon:single:787:,noise,70,0.27734375,False
787:colon:single:787:,noise,72,0.1805419921875,False
787:colon:single:787:,noise,76,0.4873046875,False
787:colon:single:787:,noise,78,0.05157470703125,False
787:colon:single:787:,noise,80,0.3199462890625,False
787:colon:single:787:,noise,82,0.489013671875,False
787:colon:single:787:,noise,84,0.6181488037109375,False
787:colon:single:787:,noise,86,0.21160888671875,False
787:colon:single:787:,noise,88,0.33197021484375,False
787:colon:single:787:,noise,90,0.26517486572265625,False
787:colon:single:787:,noise,92,0.24591064453125,False
787:colon:single:787:,noise,94,0.07830810546875,False
787:colon:single:787:,noise,96,0.07193183898925781,False
787:colon:single:787:,noise,98,0.44775390625,False
787:colon:single:787:,noise,100,0.384735107421875,False
787:colon:single:787:,noise,102,0.6138114929199219,False
787:colon:single:787:,noise,104,0.36529541015625,False
787:colon:single:787:,noise,108,0.19116592407226562,False
787:colon:single:787:,noise,110,0.468505859375,False
787:colon:single:787:,noise,112,0.21438026428222656,False
787:colon:single:787:,noise,114,0.5784912109375,False
787:colon:single:787:,noise,116,0.2244873046875,False
787:colon:single:787:,noise,118,0.09539794921875,False
787:colon:single:787:,noise,120,0.18292236328125,False
787:colon:single:787:,noise,122,0.5282049179077148,False
787:colon:single:787:,noise,124,0.37164306640625,False
787:colon:single:787:,noise,126,0.5777587890625,False
787:colon:single:787:,noise,128,0.3612823486328125,False
787:colon:single:787:,noise,130,0.1360626220703125,False
787:colon:single:787:,noise,132,0.3421630859375,False
787:colon:single:787:,noise,134,0.435638427734375,False
787:colon:single:787:,noise,136,0.38623046875,False
787:colon:single:787:,noise,138,0.279022216796875,False
787:colon:single:787:,noise,140,0.4581298828125,False
787:colon:single:787:,noise,142,0.62890625,False
787:colon:single:787:,noise,148,0.59375,False
787:colon:single:787:,noise,150,0.095855712890625,False
787:colon:single:787:,noise,152,0.323333740234375,False
787:colon:single:787:,noise,154,0.5731201171875,False
787:colon:single:787:,noise,156,0.25159454345703125,False
787:colon:single:787:,noise,158,0.3790283203125,False
787:colon:single:787:,noise,160,0.3594932556152344,False
787:colon:single:787:,noise,162,0.90673828125,False
787:colon:single:787:,noise,166,0.5946829319000244,False
787:colon:single:787:,noise,168,0.02685546875,True
787:colon:single:787:,noise,170,0.85028076171875,False
787:colon:single:787:,noise,172,0.2796630859375,False
787:colon:single:787:,noise,174,0.027099609375,True
787:colon:single:787:,noise,176,0.6248779296875,False
787:colon:single:787:,noise,178,0.43761444091796875,False
787:colon:single:787:,noise,180,0.07763671875,False
787:colon:single:787:,noise,182,0.178466796875,False
787:colon:single:787:,noise,186,0.37298583984375,False
787:colon:single:787:,noise,188,0.17633056640625,False
787:colon:single:787:,noise,192,0.36309814453125,False
787:colon:single:787:,noise,194,0.483154296875,False
787:colon:single:787:,noise,196,0.84228515625,False
787:colon:single:787:,noise,198,0.784912109375,False
