head,exact_importance_40,estimated_importance_40,absolute_error_40
L0H0,0.0007732391357421875,-5.653697553498205e-06,0.0007788928332956857
L0H1,0.009851646423339844,0.033848098712041974,0.02399645228870213
L0H2,0.003145599365234375,0.0017024346147081816,0.0014431647505261935
L0H3,0.00067596435546875,0.00026434463743498784,0.0004116197180337621
L0H4,0.005298233032226563,0.005126330978237092,0.0001719020539894707
L0H5,0.00231475830078125,0.0007927117534563876,0.001522046547324862
L0H6,0.0022806167602539063,0.0021533737643039787,0.00012724299594992763
L0H7,-0.14249582290649415,-0.022340311895823105,0.12015551101067104
L0H8,-0.0002902984619140625,-3.511808371285952e-05,0.000255180378201203
L0H9,-0.00059814453125,-0.0005295562790706754,6.858825217932469e-05
L0H10,0.0013822555541992188,0.0010809185878315475,0.00030133696636767135
L0H11,-0.0011247634887695313,-6.351271504172473e-05,0.0010612507737278066
L0H12,0.0032102584838867186,0.0020842865749727936,0.001125971908913925
L0H13,-0.0002227783203125,-0.001547959899471607,0.001325181579159107
L0H14,0.010683822631835937,0.0035994152902276257,0.007084407341608311
L0H15,-0.0021396636962890624,-0.0057774202432483435,0.003637756546959281
L0H16,0.01354389190673828,0.010821892833337187,0.0027219990734010935
L0H17,0.000446319580078125,0.0001462063928556745,0.0003001131872224505
L0H18,-0.0007869720458984375,3.7355363019742072e-06,0.0007907075822004118
L0H19,-0.0006803512573242187,-7.57097453060851e-05,0.0006046415120181337
L0H20,0.00020008087158203126,-0.00020623311429517343,0.0004063139858772047
L0H21,-0.0013200759887695313,-0.00011520651169121266,0.0012048694770783186
L0H22,0.007736587524414062,0.002585843834094703,0.005150743690319359
L0H23,-0.0018972396850585938,-2.8836779893026688e-05,0.0018684029051655672
L0H24,0.07824516296386719,0.011229922459460796,0.0670152405044064
L0H25,-0.0004991531372070312,2.9263837677717675e-05,0.0005284169748847489
L0H26,-0.00041251182556152345,0.0235272953636013,0.02393980718916282
L0H27,-0.0002501487731933594,-0.008657579487771728,0.00840743071457837
L0H28,-0.0014226913452148437,-0.0002437998351524584,0.0011788915100623854
L0H29,0.0003314971923828125,0.0017564096495334524,0.0014249124571506398
L0H30,-0.00010204315185546875,-0.0004888980743999128,0.000386854922544444
L0H31,-0.00097808837890625,5.2447211965045425e-05,0.0010305355908712954
L1H0,0.0036397933959960937,0.002210571510659065,0.0014292218853370286
L1H1,0.08409900665283203,0.08004230614751577,0.0040567005053162575
L1H2,0.0005199432373046875,0.002606486815784592,0.0020865435784799043
L1H3,-0.0002288818359375,-0.0003589327709050849,0.0001300509349675849
L1H4,-0.005389022827148438,-0.012143842877412681,0.006754820050264243
L1H5,-0.0009511947631835937,0.0003309869622171391,0.0012821817254007328
L1H6,0.0021762847900390625,0.0036799226480070503,0.0015036378579679878
L1H7,0.0014436721801757812,0.0012009207435767165,0.00024275143659906466
L1H8,0.005274367332458496,0.006684113526716828,0.0014097461942583324
L1H9,0.0071380615234375,0.004929636637098156,0.0022084248863393444
L1H10,-0.00260014533996582,-0.009146436559967696,0.006546291220001876
L1H11,-0.003994369506835937,-0.010088851139880717,0.00609448163304478
L1H12,0.009549331665039063,-0.017793627409264445,0.027342959074303508
L1H13,0.034194564819335936,0.008617511042393744,0.025577053776942194
L1H14,0.0013063430786132812,-0.0003648580517619848,0.001671201130375266
L1H15,2.899169921875e-05,0.00106890486786142,0.0010399131686426699
L1H16,0.022988414764404295,0.004510276659857482,0.018478138104546814
L1H17,0.007696914672851563,-0.0007088776677846908,0.008405792340636254
L1H18,-0.00036449432373046874,-0.013514526025392114,0.013150031701661645
L1H19,-0.02365264892578125,-0.025737509480677545,0.0020848605548962965
L1H20,0.0011941909790039063,0.001594204464345239,0.0004000134853413327
L1H21,0.004691505432128906,0.004665904318972025,2.5601113156880663e-05
L1H22,-0.021665191650390624,-0.02029801905155182,0.0013671725988388048
L1H23,-0.0018610000610351563,-0.0032074139278847726,0.0013464138668496163
L1H24,0.06355323791503906,0.11686978382058441,0.053316545905545354
L1H25,0.28951225280761717,0.1359423548914492,0.15356989791616796
L1H26,-0.0035785675048828126,-0.006722517806338146,0.0031439503014553337
L1H27,0.02895050048828125,0.019256548793055116,0.009693951695226133
L1H28,0.0009008407592773438,0.00043722151458496227,0.0004636192446923815
L1H29,0.0018306732177734374,0.0009549226830131375,0.0008757505347603
L1H30,0.00640716552734375,0.0018249669345095753,0.004582198592834174
L1H31,-0.000957489013671875,-0.028855710456264207,0.02789822144259233
L2H0,0.0032329559326171875,0.003329181662411429,9.622572979424166e-05
L2H1,-0.02518291473388672,-0.039650481287389995,0.014467566553503276
L2H2,-0.0010141372680664063,-0.0008173164424079005,0.00019682082565850587
L2H3,-0.0018545150756835937,-0.008085564733482898,0.0062310496577993035
L2H4,-0.0007814407348632812,0.0004934360807965277,0.0012748768156598089
L2H5,-0.016825103759765626,-0.015499757375800982,0.0013253463839646446
L2H6,0.005806922912597656,-0.0014199507524608635,0.0072268736650585195
L2H7,0.0075225830078125,0.005694485548883676,0.0018280974589288236
L2H8,-0.03610858917236328,-0.049166749231517315,0.013058160059154035
L2H9,0.0002056121826171875,0.0003768502108869143,0.0001712380282697268
L2H10,-0.0012121200561523438,-0.0007961521376273594,0.0004159679185249843
L2H11,-0.0010816574096679688,0.0004983107501175255,0.0015799681597854943
L2H12,-0.0015943527221679687,-0.0006213554835994728,0.0009729972385684959
L2H13,-0.0017644882202148438,-0.0057183745549991725,0.003953886334784329
L2H14,-0.00147857666015625,0.00037187740235822275,0.0018504540625144728
L2H15,0.0012451171875,-0.018967886478640138,0.020213003666140136
L2H16,0.004594230651855468,-0.014771436620503665,0.01936566727235913
L2H17,-0.00025539398193359376,-0.0012383220848278143,0.0009829281028942206
L2H18,0.0052010536193847655,0.004738266044296324,0.00046278757508844137
L2H19,-0.0011457443237304688,-0.0004889867228484946,0.0006567576008819743
L2H20,-0.00044345855712890625,0.0006674526215647347,0.001110911178693641
L2H21,-0.006174659729003907,-0.00789823358063586,0.0017235738516319533
L2H22,-0.005842399597167969,-0.0007899737451225519,0.005052425852045417
L2H23,-0.0034162521362304686,-0.004840778635116294,0.0014245264988858256
L2H24,0.02020435333251953,0.01684966206084937,0.003354691271670162
L2H25,-0.0004184722900390625,0.00016036361048463733,0.0005788359005236999
L2H26,-0.0018499374389648437,-0.0012449490459403023,0.0006049883930245414
L2H27,0.001858997344970703,0.0010235769310384057,0.0008354204139322974
L2H28,-0.0024654388427734373,-0.0013468963952618651,0.0011185424475115722
L2H29,0.00446319580078125,-0.0015760915237478911,0.006039287324529141
L2H30,0.0036195755004882813,0.0011112589651020243,0.002508316535386257
L2H31,0.0034952163696289062,0.001348814965240308,0.002146401404388598
L3H0,-0.0034759521484375,-0.0048426527006085966,0.0013667005521710964
L3H1,-0.002513694763183594,-0.0022228790920053145,0.00029081567117827944
L3H2,-0.00023102760314941406,-0.006165200477698818,0.005934172874549404
L3H3,-0.0006166458129882813,-0.0007535126758739352,0.0001368668628856539
L3H4,-0.011663055419921875,-0.013699199201073497,0.0020361437811516215
L3H5,-0.007498741149902344,-0.007049615524010733,0.000449125625891611
L3H6,0.00279998779296875,0.0022880872740643097,0.0005119005189044403
L3H7,0.002164745330810547,0.0021297775907441973,3.496774006634968e-05
L3H8,-0.00042781829833984377,0.00010959218998323195,0.0005374104883230758
L3H9,-0.0011377334594726562,-0.0005849809385836124,0.0005527525208890438
L3H10,0.0029687881469726562,0.0015012643358204513,0.001467523811152205
L3H11,0.007417869567871094,0.004243387083988637,0.003174482483882457
L3H12,0.003870391845703125,0.0022667888144496827,0.0016036030312534424
L3H13,-0.0018163681030273437,-0.000795531332551036,0.0010208367704763075
L3H14,0.007401466369628906,0.006959070911398158,0.0004423954582307484
L3H15,-0.0008174896240234375,0.0006609708274481818,0.0014784604514716192
L3H16,0.013332128524780273,0.008218312473036348,0.005113816051743925
L3H17,-0.00145111083984375,-0.0010280226313625462,0.0004230882084812037
L3H18,0.002748870849609375,0.0018632556369993837,0.0008856152126099914
L3H19,0.0012804031372070312,0.0013405326077190693,6.01294705120381e-05
L3H20,0.00019016265869140626,0.0018264275102410465,0.0016362648515496402
L3H21,-0.0014253616333007812,-0.0012132736563216894,0.00021208797697909172
L3H22,-0.0011610031127929688,-0.0012793164816685021,0.0001183133688755333
L3H23,0.0007549285888671875,0.0009719779729493894,0.0002170493840822019
L3H24,-0.0038347244262695312,-0.004112829033692833,0.00027810460742330213
L3H25,0.007012748718261718,0.006440682857646607,0.0005720658606151114
L3H26,0.005620288848876953,0.006789234012831003,0.0011689451639540493
L3H27,-0.0010469436645507812,-0.0029056232640868986,0.0018586795995361174
L3H28,0.0034250259399414063,-0.0018947063945233822,0.005319732334464788
L3H29,0.0008358001708984375,0.0007416996159008704,9.410055499756707e-05
L3H30,-0.014961433410644532,-0.02384567300323397,0.008884239592589438
L3H31,-0.0006954193115234375,-0.00010337577405152842,0.0005920435374719091
L4H0,-0.0028005599975585937,-0.0032858839840628207,0.000485323986504227
L4H1,0.006962203979492187,0.004514239187119529,0.0024479647923726583
L4H2,0.006314849853515625,0.006611914359382354,0.0002970645058667284
L4H3,-0.011610794067382812,-0.009688349004136398,0.0019224450632464134
L4H4,0.00021343231201171876,-0.00029544285498559473,0.0005088751669973135
L4H5,0.00018444061279296876,-4.188484017504379e-05,0.00022632545296801253
L4H6,0.0009984970092773438,0.0004318746374337934,0.0005666223718435503
L4H7,0.002861213684082031,0.0012365972943371162,0.001624616389744915
L4H8,0.004508781433105469,0.004488238460180582,2.0542972924886618e-05
L4H9,-0.00027675628662109374,-0.0002984655904583633,2.1709303837269545e-05
L4H10,0.03970346450805664,0.056618659873493016,0.016915195365436377
L4H11,-0.0003154754638671875,-0.0007755686237942427,0.00046009315992705523
L4H12,-0.003277015686035156,-0.002638679978372238,0.0006383357076629181
L4H13,0.0128997802734375,0.013947546359850094,0.0010477660864125944
L4H14,0.025115299224853515,0.02558795758523047,0.00047265836037695477
L4H15,0.004285049438476562,0.004588991601485759,0.00030394216300919704
L4H16,-0.0002590179443359375,-0.0006781665768357925,0.00041914863249985495
L4H17,-0.0001995086669921875,0.0003942742696381174,0.000593782936630305
L4H18,0.0016435623168945313,0.0023562645394122226,0.0007127022225176913
L4H19,0.0028720855712890624,0.00038734000991098584,0.0024847455613780764
L4H20,0.0033277034759521484,0.00405717259272933,0.0007294691167771821
L4H21,-0.0017578125,-8.261158800451084e-05,0.0016752009119954893
L4H22,-0.0019788742065429688,-0.001509013120085001,0.00046986108645796776
L4H23,-0.017282485961914062,-0.017212686111452057,6.979985046200524e-05
L4H24,0.0017297744750976562,0.0016963466165179852,3.3427858579671054e-05
L4H25,-0.00035724639892578127,0.00042793129396159204,0.0007851776928873733
L4H26,-0.0018039703369140624,-0.0011240353633183986,0.0006799349735956638
L4H27,-8.258819580078124e-05,-0.00014461259124800562,6.202439544722438e-05
L4H28,0.010579109191894531,0.008614475512877107,0.0019646336790174242
L4H29,-0.002499961853027344,-0.007365654967725277,0.0048656931146979325
L4H30,0.010551643371582032,0.010060670340317301,0.0004909730312647308
L4H31,-0.0023578643798828126,-0.0034524841234087945,0.001094619743525982
L5H0,0.003960037231445312,0.0022712311074428726,0.0016888061240024396
L5H1,0.008194923400878906,0.008815580199006945,0.0006206567981280383
L5H2,-0.005211067199707031,-0.0035464060099911878,0.0016646611897158433
L5H3,0.003553009033203125,0.004184695438016206,0.0006316864048130813
L5H4,0.003552818298339844,0.0015134306449908763,0.0020393876533489675
L5H5,0.002077484130859375,0.0020635831911931745,1.3900939666200603e-05
L5H6,0.003277015686035156,0.005004309565993026,0.00172729387995787
L5H7,-0.0028881072998046876,-0.0016549896681681275,0.00123311763163656
L5H8,-0.011027717590332031,-0.011624415108235553,0.0005966975179035224
L5H9,-0.002079296112060547,-0.00011604772880673409,0.001963248383253813
L5H10,0.014553070068359375,0.009748936770483852,0.004804133297875523
L5H11,-0.007079696655273438,-0.005585994350258261,0.0014937023050151767
L5H12,-0.003668403625488281,-0.0032933270384091886,0.0003750765870790926
L5H13,0.0013780593872070312,0.0002714993228437379,0.0011065600643632933
L5H14,-0.010319709777832031,-0.01099784620164428,0.0006781364238122485
L5H15,-0.0024663925170898436,-0.0012035575024128774,0.0012628350146769662
L5H16,-0.0010471343994140625,-0.0016503444290719925,0.00060321002965793
L5H17,-0.00210113525390625,-0.0010460260760737582,0.0010551091778324916
L5H18,-0.012072181701660157,-0.013510720332851634,0.0014385386311914772
L5H19,0.03330860137939453,0.03193440875038504,0.0013741926290094866
L5H20,-0.002999114990234375,-0.0010561259929090737,0.0019429889973253014
L5H21,0.004229354858398438,0.005052056955173611,0.0008227020967751736
L5H22,0.006913375854492187,0.003477465602918528,0.0034359102515736594
L5H23,0.00015087127685546874,-0.003382375347428024,0.0035332466242834924
L5H24,0.009578609466552734,0.010395063250325621,0.0008164537837728868
L5H25,0.10905628204345703,0.07468799198977649,0.03436829005368054
L5H26,-0.0030576705932617186,-0.0033500316203571856,0.000292361027095467
L5H27,0.006045341491699219,0.005141500468016602,0.0009038410236826165
L5H28,0.0031230926513671877,-0.004157383006531745,0.007280475657898933
L5H29,0.0012247085571289063,0.0009280454425606877,0.0002966631145682186
L5H30,-0.0001819610595703125,0.0009415191176231019,0.0011234801771934145
L5H31,-0.0070670127868652345,-0.007251050640479662,0.00018403785361442715
L6H0,-0.007674980163574219,-0.005972652754280716,0.0017023274092935027
L6H1,0.0005776405334472657,0.0010995377684594131,0.0005218972350121474
L6H2,-0.007234382629394531,-0.00837723376462236,0.0011428511352278284
L6H3,-0.000373077392578125,-0.0010328436299460008,0.0006597662373678758
L6H4,-0.0006467819213867188,0.0008372127536858898,0.0014839946750726087
L6H5,-0.0029699325561523436,-0.004452917081653141,0.001482984525500797
L6H6,-0.00382232666015625,-0.0036904196080286057,0.00013190705212764433
L6H7,0.011791038513183593,0.007690976234152913,0.00410006227903068
L6H8,0.001236724853515625,0.0017313082920736634,0.0004945834385580385
L6H9,0.0012136459350585937,0.000529005451244302,0.0006846404838142916
L6H10,-0.003112030029296875,-0.004106055569718592,0.0009940255404217169
L6H11,-0.00033969879150390624,-0.0013176278851460665,0.0009779290936421602
L6H12,-0.0039612770080566405,-0.0030528476636391133,0.0009084293444175271
L6H13,-0.002894020080566406,-0.0028182934125652536,7.572666800115258e-05
L6H14,0.000893402099609375,-0.0008296983025502414,0.0017231004021596164
L6H15,0.0020910263061523437,0.0002569070929894224,0.0018341192131629213
L6H16,-0.009548282623291016,-0.010707636422012001,0.0011593537987209853
L6H17,-0.002033042907714844,-0.0013303838844876737,0.0007026590232271702
L6H18,0.002071380615234375,0.0039895602385513484,0.0019181796233169734
L6H19,0.03160614967346191,0.03347950590541586,0.0018733562319539487
L6H20,0.0023555755615234375,0.003347594407387078,0.0009920188458636403
L6H21,0.003561592102050781,0.0034425172110786662,0.00011907489097211493
L6H22,-0.002701568603515625,-0.0023671388713410123,0.00033442973217461284
L6H23,0.007093048095703125,0.0007324086385779083,0.006360639457125217
L6H24,0.011005997657775879,0.02618574472144246,0.015179747063666583
L6H25,0.0018982887268066406,-0.0039034960587741806,0.005801784785580822
L6H26,-0.005310630798339844,-0.004460814839694649,0.0008498159586451948
L6H27,0.00487213134765625,0.003872651746496558,0.000999479601159692
L6H28,0.0004444122314453125,0.0011731441074516625,0.00072873187600635
L6H29,0.00264739990234375,0.0031052561971591786,0.00045785629481542856
L6H30,0.03530559539794922,0.022801011335104704,0.012504584062844513
L6H31,-0.0030206680297851563,-0.001267314788128715,0.0017533532416564414
L7H0,-0.007456207275390625,-0.010270182753447443,0.002813975478056818
L7H1,0.25744152069091797,0.1918936143629253,0.06554790632799268
L7H2,-0.008084297180175781,-0.008587900700513273,0.0005036035203374919
L7H3,9.765625e-05,0.00011417939094826579,1.6523140948265786e-05
L7H4,-0.0011246681213378906,0.0008182373392628505,0.0019429054606007411
L7H5,-0.0004962921142578125,0.00012697751153609716,0.0006232696257939096
L7H6,-0.02311229705810547,-0.025509694032371043,0.002397396974265574
L7H7,0.0034379959106445312,0.0017811315447033849,0.0016568643659411464
L7H8,0.06267547607421875,0.07185195419006049,0.00917647811584174
L7H9,-0.000264739990234375,-0.00012441572034731506,0.00014032426988705996
L7H10,0.0007818222045898437,0.0014840083778835834,0.0007021861732937396
L7H11,-0.009809398651123047,-0.0025367776048369705,0.007272621046286076
L7H12,0.00800914764404297,0.00489331092685461,0.0031158367171883593
L7H13,0.002886199951171875,0.001931581764074508,0.0009546181870973671
L7H14,0.0010778427124023438,0.0006930036004632711,0.0003848391119390727
L7H15,-0.01729307174682617,-0.01900062393397093,0.001707552187144759
L7H16,-0.006006431579589844,-0.005151305941399187,0.0008551256381906566
L7H17,-0.0026632308959960937,-0.0025500122181256303,0.00011321867787046332
L7H18,-0.013592815399169922,-0.013811693410389125,0.00021887801121920313
L7H19,0.0010555267333984375,0.001682924130000174,0.0006273973966017365
L7H20,-0.001642894744873047,-0.001922830584226176,0.00027993583935312914
L7H21,0.0029405593872070313,0.0025781099626328795,0.0003624494245741518
L7H22,0.005103683471679688,0.0028929920750670134,0.0022106913966126744
L7H23,0.0015232086181640625,-0.0002248687669634819,0.0017480773851275444
L7H24,0.003288459777832031,0.002862804973847233,0.00042565480398479814
L7H25,-0.004505348205566406,-0.003465943946503103,0.0010394042590633032
L7H26,-0.0017986297607421875,-0.001609149598516524,0.00018948016222566358
L7H27,-0.0018007278442382813,-0.00102737708366476,0.0007733507605735214
L7H28,-0.020877838134765625,-0.022118858969770373,0.0012410208350047483
L7H29,-0.0017848968505859374,-0.0015174304746324197,0.0002674663759535177
L7H30,0.008376693725585938,0.008706116085522807,0.0003294223599368696
L7H31,-0.0037578582763671876,-0.006250231817830354,0.0024923735414631664
L8H0,0.0005634307861328125,0.0007370309584075585,0.000173600172274746
L8H1,-0.0063629150390625,-0.005489311041310429,0.0008736039977520708
L8H2,0.002901458740234375,0.0033689888019580393,0.00046753006172366423
L8H3,0.003826284408569336,0.007881498173810541,0.004055213765241206
L8H4,0.015712499618530273,0.010613082407508046,0.005099417211022228
L8H5,-0.0022151947021484377,-0.003197305044159293,0.0009821103420108554
L8H6,-0.0032484054565429686,-0.0018899005372077227,0.001358504919335246
L8H7,0.002418327331542969,0.0018147949915146456,0.0006035323400283234
L8H8,-0.04021615982055664,-0.04525401206919923,0.005037852248642595
L8H9,0.0007183074951171875,-0.00019269839976914226,0.0009110058948863299
L8H10,0.0009052276611328125,0.001091629323491361,0.00018640166235854854
L8H11,0.0048858642578125,0.00553912166506052,0.00065325740724802
L8H12,0.020407819747924806,0.017116384918335826,0.00329143482958898
L8H13,-0.006899070739746094,-0.007937645982019603,0.0010385752422735093
L8H14,-0.005685615539550781,-0.005106863426044583,0.0005787521135061984
L8H15,0.3670095443725586,0.20840040361508727,0.15860914075747135
L8H16,-0.0037628173828125,-0.008997547184117138,0.005234729801304638
L8H17,-0.0013837814331054688,-0.0005618260329356417,0.000821955400169827
L8H18,-0.0010065078735351563,-0.00012927560019306838,0.0008772322733420879
L8H19,-0.006970405578613281,-0.002759477205108851,0.00421092837350443
L8H20,0.001967048645019531,0.002433778706472367,0.0004667300614528357
L8H21,0.025153088569641113,0.02113577430136502,0.004017314268276093
L8H22,0.0038562774658203124,0.005041751137468964,0.0011854736716486514
L8H23,-0.010710906982421876,-0.01097261606628308,0.00026170908386120503
L8H24,-0.004272842407226562,-0.002991722838487476,0.001281119568739086
L8H25,0.0025452613830566407,0.0030092957254964857,0.00046403434243984503
L8H26,-0.0015209197998046875,-0.0027133445953950288,0.0011924247955903413
L8H27,-0.00662384033203125,-0.005827939364826307,0.0007959009672049433
L8H28,0.00065155029296875,0.0009711407386930659,0.0003195904457243159
L8H29,0.005489540100097656,0.005999747273745015,0.000510207173647359
L8H30,-0.01077423095703125,-0.011048534981091507,0.0002743040240602568
L8H31,0.000344085693359375,0.0016669170574459713,0.0013228313640865964
L9H0,-0.00262908935546875,-0.0007641032920219004,0.0018649860634468497
L9H1,0.013177585601806641,0.012548752129077911,0.0006288334727287299
L9H2,0.05023651123046875,0.04475049851462245,0.005486012715846304
L9H3,0.016104698181152344,0.01625638937111944,0.00015169118996709655
L9H4,0.0018795967102050782,0.0027387137262849135,0.0008591170160798353
L9H5,0.00017299652099609376,0.0006694969270029105,0.0004965004060068168
L9H6,-0.06325407028198242,-0.06339901520404964,0.0001449449220672222
L9H7,-0.006589460372924805,-0.006034509092569351,0.0005549512803554538
L9H8,0.017330169677734375,0.018762305489508434,0.0014321358117740587
L9H9,-0.0024689674377441407,-0.0008164763799868524,0.0016524910577572884
L9H10,-0.005013179779052734,-0.005218303255969658,0.00020512347691692412
L9H11,-0.08940820693969727,-0.08993647871538997,0.0005282717756927013
L9H12,-0.00036449432373046874,0.0005743834422901273,0.000938877766020596
L9H13,-0.0031541824340820313,-0.0023505951336119323,0.000803587300470099
L9H14,0.0028276443481445312,0.002658436505589634,0.00016920784255489716
L9H15,0.001335906982421875,0.0005643584561767056,0.0007715485262451693
L9H16,0.1090993881225586,0.08699109070003033,0.02210829742252826
L9H17,0.03446216583251953,0.02989096464589238,0.004571201186627148
L9H18,0.08995532989501953,0.08245908215176315,0.0074962477432563845
L9H19,-0.009152984619140625,-0.007644188491394743,0.0015087961277458822
L9H20,0.003924179077148438,0.0035111057106405495,0.0004130733665078882
L9H21,-0.012705802917480469,-0.013101656327489764,0.00039585341000929544
L9H22,-0.0012098312377929687,-0.0022081668488681317,0.000998335611075163
L9H23,-0.0002071380615234375,-0.0004958044446539134,0.0002886663831304759
L9H24,0.18090152740478516,0.15882608806714416,0.022075439337641
L9H25,-0.0035915374755859375,-0.0022689232660923152,0.0013226142094936223
L9H26,-0.007602882385253906,-0.006331733148545027,0.0012711492367088791
L9H27,-0.0017240524291992187,-0.0008673465665197,0.0008567058626795187
L9H28,0.00157318115234375,0.0012497819101554342,0.00032339924218831567
L9H29,0.00012569427490234376,0.00030593924748245627,0.0001802449725801125
L9H30,0.0015832901000976563,0.002374627445533406,0.0007913373454357497
L9H31,0.006516265869140625,0.0025091395509662107,0.0040071263181744145
L10H0,0.004682731628417969,0.008184411493130029,0.0035016798647120604
L10H1,-0.030636119842529296,-0.03044926261063665,0.00018685723189264605
L10H2,0.012852668762207031,0.010567113920114935,0.002285554842092096
L10H3,0.005457305908203125,0.0052825364313321185,0.0001747694768710062
L10H4,-0.026314640045166017,-0.027705422311555594,0.0013907822663895772
L10H5,0.001407623291015625,0.002674329903675243,0.0012667066126596182
L10H6,0.00693807601928711,0.006816567515488714,0.00012150850379839557
L10H7,0.011919689178466798,0.013800213113427162,0.0018805239349603646
L10H8,0.0031055450439453126,-0.001875870325602591,0.004981415369547904
L10H9,0.0027300834655761717,0.0033150319621199744,0.0005849484965438027
L10H10,-0.003001976013183594,-0.004693729741848074,0.0016917537286644801
L10H11,-4.38690185546875e-06,0.0007791146435920382,0.000783501545447507
L10H12,0.0029109954833984376,0.004705638310406357,0.0017946428270079191
L10H13,-0.0036092758178710937,0.0024972912622615697,0.006106567080132663
L10H14,0.013735771179199219,0.013997611333616078,0.0002618401544168588
L10H15,0.0016895294189453124,-9.348407620564103e-05,0.0017830134951509534
L10H16,-0.026601189374923707,-0.03200040273368358,0.005399213358759876
L10H17,0.0010011672973632812,0.0013963783101644367,0.00039521101280115545
L10H18,-0.004825401306152344,-0.006000379228498787,0.001174977922346443
L10H19,0.023085784912109376,0.01936169038526714,0.003724094526842237
L10H20,0.0016279220581054688,0.00031458948069484904,0.0013133325774106197
L10H21,0.03237972259521484,0.03258554823696613,0.00020582564175129076
L10H22,0.037218570709228516,0.03238668772391975,0.004831882985308768
L10H23,0.053015279769897464,0.0524561723228544,0.0005591074470430654
L10H24,0.004100418090820313,0.003251287795137614,0.0008491302956826988
L10H25,0.006125450134277344,0.0012698097387328744,0.004855640395544469
L10H26,-0.0196685791015625,-0.01704011671245098,0.002628462389111519
L10H27,0.005161190032958984,0.009573494410142302,0.004412304377183318
L10H28,0.0033054351806640625,0.005768536987307016,0.0024631018066429535
L10H29,0.003331756591796875,0.0033254758862312885,6.280705565586426e-06
L10H30,0.002248382568359375,0.003830369510978926,0.001581986942619551
L10H31,-0.025455236434936523,-0.020467234263196587,0.004988002171739937
L11H0,-0.001706695556640625,-0.0011398357921279967,0.0005668597645126282
L11H1,-0.007623100280761718,-0.007038557517807931,0.0005845427629537873
L11H2,0.03577556610107422,0.023264141753315926,0.012511424347758295
L11H3,0.03150653839111328,0.02682031790027395,0.004686220490839332
L11H4,0.00442657470703125,0.00670273233554326,0.00227615762851201
L11H5,-0.0010951995849609376,-0.0007172640966018662,0.0003779354883590714
L11H6,-0.0020734786987304686,-0.0019685481849592177,0.00010493051377125084
L11H7,0.014999198913574218,0.03070337139070034,0.015704172477126122
L11H8,0.007005500793457031,0.00835958165116608,0.0013540808577090493
L11H9,0.004273700714111328,0.003868261814932339,0.00040543889917898923
L11H10,0.003426933288574219,-0.004503116852720268,0.007930050141294488
L11H11,0.004022026062011718,0.0019367779488675297,0.002085248113144189
L11H12,-0.016368389129638672,-0.014794476429233327,0.001573912700405345
L11H13,0.007003974914550781,0.0074329021852463486,0.0004289272706955675
L11H14,0.027682685852050783,0.02627199189737439,0.001410693954676391
L11H15,-0.0675471305847168,-0.11472754953429103,0.04718041894957423
L11H16,0.002257537841796875,0.0023333542834734545,7.581644167657968e-05
L11H17,-0.00978679656982422,-0.016441597827360967,0.006654801257536747
L11H18,0.0021887779235839843,0.0012978087761439383,0.000890969147440046
L11H19,-0.0019344329833984376,-0.001972299930639565,3.786694724112723e-05
L11H20,-0.010481643676757812,-0.00732310984749347,0.003158533829264342
L11H21,0.00350341796875,-0.00042253218998666853,0.003925950158736669
L11H22,-0.003871726989746094,-0.004656122101005166,0.0007843951112590725
L11H23,0.00011997222900390625,-0.0006085721775889397,0.0007285444065928459
L11H24,-0.007090187072753907,-0.010155589692294598,0.0030654026195406914
L11H25,0.0020503997802734375,0.002488698926754296,0.0004382991464808583
L11H26,-0.0013690948486328124,-0.0009622512734495103,0.0004068435751833021
L11H27,0.014305877685546874,0.018004386103712022,0.003698508418165148
L11H28,-0.011337089538574218,-0.015694452542811634,0.0043573630042374155
L11H29,0.19595985412597655,0.12670521223917602,0.06925464188680053
L11H30,0.009695816040039062,0.005038497183704749,0.004657318856334313
L11H31,-0.00027561187744140625,0.0004211196268443018,0.000696731504285708
L12H0,0.0019458770751953126,0.0017457838403061032,0.00020009323488920936
L12H1,-0.004133796691894532,-0.0034554454701719805,0.0006783512217225511
L12H2,0.012058448791503907,0.01104345073690638,0.0010149980545975275
L12H3,-0.03925175666809082,-0.03560535458382219,0.0036464020842686268
L12H4,0.0012713432312011718,-0.00011654368427116424,0.001387886915472336
L12H5,-0.005301284790039063,-0.0042031489429064095,0.0010981358471326532
L12H6,-0.004589653015136719,-0.004976311477366835,0.00038665846223011596
L12H7,0.05421581268310547,0.049893195391632617,0.004322617291472854
L12H8,-0.0031299591064453125,-0.0028796385420719163,0.00025032056437339616
L12H9,-0.004613304138183593,-0.00595677193487063,0.0013434677966870368
L12H10,-0.01102619171142578,-0.014852437959052622,0.003826246247626841
L12H11,-0.026990318298339845,-0.037597567588090894,0.010607249289751049
L12H12,-0.13285655975341798,-0.14603427185211332,0.013177712098695338
L12H13,0.008520698547363282,0.010529166256310419,0.002008467708947137
L12H14,0.010269927978515624,0.009296240855474026,0.0009736871230415986
L12H15,0.008388710021972657,0.008035183997708372,0.00035352602426428487
L12H16,0.01061840057373047,0.010007910308195278,0.000610490265535191
L12H17,0.2296274185180664,0.17931057447567583,0.05031684404239056
L12H18,-0.002022457122802734,-0.0017845131456851958,0.00023794397711753837
L12H19,0.004391860961914062,0.0036149007559288294,0.0007769602059852329
L12H20,-0.00012340545654296876,-0.0020173468365101144,0.0018939413799671455
L12H21,-0.012802886962890624,-0.012489856942556799,0.0003130300203338255
L12H22,-0.005906295776367187,-0.005182331913965754,0.0007239638624014335
L12H23,0.007028722763061523,0.008155429130420088,0.0011267063673585653
L12H24,-0.004817295074462891,-0.0057872714241966605,0.0009699763497337697
L12H25,-0.00070343017578125,-0.000985320471227169,0.00028189029544591906
L12H26,-0.021100616455078124,-0.022687717771623282,0.0015871013165451586
L12H27,0.0029376983642578126,-0.0007533783733379096,0.003691076737595722
L12H28,-0.0012798309326171875,-0.0017451122213969939,0.0004652812887798064
L12H29,0.005953025817871094,0.006646375340642408,0.0006933495227713143
L12H30,-0.00034074783325195314,0.0003326303296489641,0.0006733781629009172
L12H31,0.0025472640991210938,0.002717060735449195,0.00016979663632810116
L13H0,0.004544258117675781,0.0002822447335347533,0.004262013384141028
L13H1,-0.0008211135864257812,7.32143351342529e-05,0.0008943279215600341
L13H2,0.001708984375,0.0010142976767383515,0.0006946866982616485
L13H3,0.013831901550292968,0.013138311239890755,0.0006935903104022135
L13H4,0.001749420166015625,0.0016740365055738949,7.538366044173021e-05
L13H5,-0.059765625,-0.05942137606907636,0.0003442489309236421
L13H6,-0.01640777587890625,-0.014901267387904227,0.0015065084910020222
L13H7,-0.01620903015136719,-0.015422998741269112,0.0007860314100980766
L13H8,-0.004629707336425782,-0.004266483441460878,0.0003632238949649036
L13H9,-0.0005887985229492187,0.0006212089210748672,0.001210007444024086
L13H10,-0.8156453132629394,-0.9857797567732632,0.1701344435103238
L13H11,-0.0030208587646484374,-0.008550978561106603,0.005530119796458165
L13H12,-0.012298583984375,-0.009928659722208976,0.002369924262166024
L13H13,-0.01308298110961914,-0.014067101059481502,0.000984119949862361
L13H14,-0.006804752349853516,-0.007529328780947253,0.0007245764310937373
L13H15,0.00010700225830078125,-0.0005514803167898207,0.000658482575090602
L13H16,0.004280281066894531,0.004410478912177496,0.00013019784528296458
L13H17,-0.008979701995849609,-0.009772406553383916,0.0007927045575343069
L13H18,0.3872974395751953,0.4068435441236943,0.019546104548498977
L13H19,0.016261863708496093,0.01641435017227195,0.00015248646377585828
L13H20,0.013879013061523438,0.015038704354083166,0.0011596912925597273
L13H21,-0.0036401748657226562,-0.002769212453858927,0.0008709624118637292
L13H22,0.0014499664306640626,0.003651507472386584,0.0022015410417225213
L13H23,0.05133037567138672,0.05138177026528865,5.139459390193085e-05
L13H24,-0.008738327026367187,-0.0055534300045110285,0.0031848970218561583
L13H25,0.00528717041015625,0.004090346017619595,0.001196824392536655
L13H26,0.08856277465820313,0.08642290805000812,0.0021398666081950124
L13H27,-0.002974128723144531,-0.002573206802480854,0.00040092192066367707
L13H28,0.009708976745605469,0.010015887534245848,0.0003069107886403792
L13H29,0.0013993263244628906,0.0008420250640483573,0.0005573012604145333
L13H30,0.0009002685546875,0.0033849004947114738,0.0024846319400239738
L13H31,0.0009283065795898437,0.00030523446621373297,0.0006230721133761107
L14H0,0.0016313552856445312,0.0010808727005496622,0.000550482585094869
L14H1,0.0032482147216796875,0.0025046606082469226,0.0007435541134327649
L14H2,0.003330039978027344,0.001609586284030229,0.001720453693997115
L14H3,0.0038572311401367187,0.004949033248703927,0.001091802108567208
L14H4,-0.0058990478515625,-0.006776266428641975,0.0008772185770794744
L14H5,0.050980567932128906,0.04853578615002334,0.002444781782105568
L14H6,0.01558094024658203,0.014575121844245587,0.001005818402336444
L14H7,0.01832103729248047,0.01730197067372501,0.001019066618755459
L14H8,-0.01002044677734375,-0.013969525834545493,0.003949079057201743
L14H9,-0.0034862518310546874,-0.003445120534161106,4.1131296893581575e-05
L14H10,-0.005430841445922851,-0.01237297163461335,0.0069421301886904985
L14H11,-0.002886390686035156,-0.0036365903331898155,0.0007501996471546593
L14H12,0.25070819854736326,0.2027062177658081,0.048001980781555154
L14H13,0.012403488159179688,0.010592989693395793,0.0018104984657838948
L14H14,0.1343526840209961,0.10066184392198921,0.033690840099006886
L14H15,0.020797920227050782,0.01957298325141892,0.0012249369756318629
L14H16,0.12180099487304688,0.051827544905245305,0.06997344996780158
L14H17,0.00048618316650390626,-0.0017008028211421334,0.00218698598764604
L14H18,0.1431717574596405,0.13820064174942673,0.004971115710213775
L14H19,-0.00047245025634765623,-0.0025196099246386438,0.0020471596682909874
L14H20,-0.0021558284759521486,-0.003052232222398743,0.0008964037464465942
L14H21,-0.042954444885253906,-0.042971479991683735,1.7035106429828806e-05
L14H22,0.01061840057373047,0.006083705788478255,0.0045346947852522145
L14H23,-0.20261282920837403,-0.2315474770963192,0.02893464788794517
L14H24,0.03649444580078125,0.03634736981475726,0.00014707598602398814
L14H25,-0.01942892074584961,-0.033732412522658704,0.014303491776809094
L14H26,0.40526065826416013,0.40972403101623056,0.004463372752070427
L14H27,-0.07892341613769531,-0.07999041359871625,0.0010669974610209437
L14H28,0.004258441925048828,-0.0007402865332551301,0.004998728458303958
L14H29,-0.006473922729492187,-0.009352112305350602,0.0028781895758584145
L14H30,0.10732097625732422,0.09345089246053248,0.013870083796791735
L14H31,-0.08165721893310547,-0.07975460411980748,0.0019026148132979953
L15H0,0.0052623748779296875,0.0019898528698831797,0.003272522008046508
L15H1,0.005181694030761718,0.004110123944701627,0.0010715700860600913
L15H2,0.014857101440429687,0.0033288885839283465,0.01152821285650134
L15H3,-0.11119871139526367,-0.11297816676087677,0.0017794553656130946
L15H4,-0.01248016357421875,-0.012948972720187158,0.0004688091459684081
L15H5,0.034071159362792966,0.03283800068311393,0.0012331586796790334
L15H6,-0.0008296966552734375,-0.0009920833632349967,0.0001623867079615592
L15H7,-0.0007511138916015625,-0.0017585301291546784,0.0010074162375531158
L15H8,0.02219047546386719,0.016292450367473066,0.005898025096394123
L15H9,0.002286529541015625,0.003460577297664713,0.0011740477566490881
L15H10,0.002605628967285156,0.00041848240653052926,0.002187146560754627
L15H11,-0.004895853996276856,-0.006188463536091149,0.0012926095398142932
L15H12,0.0003879547119140625,0.0004249712510500103,3.701653913594781e-05
L15H13,0.004109382629394531,0.0030502173001877965,0.0010591653292067347
L15H14,-0.008383750915527344,-0.00909563199384138,0.0007118810783140368
L15H15,0.00503387451171875,0.004169594059931114,0.0008642804517876353
L15H16,0.005753326416015625,0.0001855701906606555,0.00556775622535497
L15H17,0.0016368865966796876,0.0009480070963036269,0.0006888795003760607
L15H18,0.034339070320129395,0.021011838590493426,0.013327231729635968
L15H19,0.02007904052734375,0.01787244618171826,0.0022065943456254927
L15H20,0.06860332489013672,0.06709456583485007,0.0015087590552866487
L15H21,-0.13745555877685547,-0.14886260471539572,0.01140704593854025
L15H22,0.002467441558837891,0.0019476448243949563,0.0005197967344429345
L15H23,0.22825298309326172,0.21421793833142147,0.014035044761840254
L15H24,-0.003081512451171875,-0.004084721894469112,0.0010032094432972372
L15H25,0.6612307786941528,0.6447599666193128,0.016470812074840024
L15H26,-0.000139617919921875,-0.0003574455098714679,0.00021782758994959292
L15H27,0.010307693481445312,0.010606593286502175,0.0002988998050568632
L15H28,0.01098775863647461,0.006752214161679149,0.004235544474795461
L15H29,0.005626106262207031,0.005406114389188588,0.00021999187301844324
L15H30,0.042011070251464847,0.040560282114893195,0.0014507881365716513
L15H31,0.0013486862182617188,0.000949651311384514,0.0003990349068772048
L16H0,-0.014306640625,-0.017058844119310378,0.0027522034943103773
L16H1,0.8772293090820312,0.8389174645300954,0.038311844551935814
L16H2,0.009399223327636718,0.008427445450797677,0.0009717778768390407
L16H3,0.005686330795288086,0.003724152664653957,0.001962178130634129
L16H4,0.015938568115234374,0.013589693192625419,0.0023488749226089553
L16H5,0.0007781982421875,-0.0001215434807818383,0.0008997417229693383
L16H6,-0.09733467102050782,-0.0981593050295487,0.0008246340090408838
L16H7,0.006726741790771484,0.006759566007531248,3.282421675976366e-05
L16H8,-0.24492216110229492,-0.2675690135452896,0.02264685244299469
L16H9,-0.0005535125732421875,-0.0003309897831059061,0.0002225227901362814
L16H10,-0.00195465087890625,-0.0019106966588879003,4.395422001834959e-05
L16H11,-0.001544952392578125,-0.0043324977857992055,0.0027875453932210805
L16H12,0.0021450042724609373,0.0007402718387311324,0.0014047324337298048
L16H13,-0.0026371002197265623,-0.002574533052393235,6.256716733332723e-05
L16H14,-0.00045566558837890626,-0.0004513579755439423,4.30761283496398e-06
L16H15,-0.006185722351074219,-0.013969978829845787,0.007784256478771568
L16H16,0.019186019897460938,0.01829779742984101,0.0008882224676199264
L16H17,0.0019208908081054688,0.0013896778764319606,0.0005312129316735082
L16H18,0.0036447525024414064,0.003989053712575697,0.00034430121013429016
L16H19,0.038205718994140624,0.0352178817964159,0.0029878371977247256
L16H20,0.00048274993896484374,0.00013127420388627797,0.0003514757350785658
L16H21,0.9031507492065429,0.6864117383956909,0.216739010810852
L16H22,0.002182769775390625,0.002275700640166178,9.2930864775553e-05
L16H23,0.013835763931274414,0.011286811134777964,0.0025489527964964506
L16H24,-0.07189035415649414,-0.07813203018158674,0.006241676025092596
L16H25,0.011036872863769531,0.010388507854077033,0.0006483650096924982
L16H26,0.0032827377319335936,0.0031032785977004097,0.0001794591342331839
L16H27,0.041135406494140624,0.03970802733674646,0.0014273791573941666
L16H28,0.004149055480957032,0.004358211578801274,0.00020915609784424253
L16H29,0.0015954017639160157,0.0017765340220648796,0.0001811322581488639
L16H30,0.004693412780761718,0.004876091712503694,0.0001826789317419756
L16H31,-0.17643308639526367,-0.180967508838512,0.004534422443248337
L17H0,-0.0004810333251953125,-0.0010282386851031334,0.0005472053599078209
L17H1,5.741884040832519,3.4997904315590858,2.2420936092734336
L17H2,-0.0018960952758789063,-0.001139525584585499,0.0007565696912934072
L17H3,-0.524808692932129,-0.5103759813588112,0.014432711573317714
L17H4,0.0018072128295898438,0.0013703039971005638,0.00043690883248927994
L17H5,-0.007547855377197266,-0.009829314588569105,0.0022814592113718397
L17H6,0.020965003967285158,0.02092665566597134,3.8348301313818195e-05
L17H7,-0.007515525817871094,-0.007934604672482238,0.0004190788546111438
L17H8,0.00871448516845703,0.008196643769042566,0.0005178413994144648
L17H9,-0.002445220947265625,-0.0021759695795481094,0.0002692513677175156
L17H10,-0.0035512566566467283,-0.003528226737398654,2.3029919248074293e-05
L17H11,0.020743179321289062,0.02046158195589669,0.0002815973653923706
L17H12,0.014876365661621094,0.014031927450560033,0.0008444382110610604
L17H13,0.006373786926269531,0.006244252395117655,0.00012953453115187568
L17H14,-0.002233123779296875,-0.002762481983518228,0.0005293582042213531
L17H15,0.0017345428466796875,0.0014907373464666308,0.00024380550021305667
L17H16,0.000238037109375,0.00016274401132250206,7.529309805249794e-05
L17H17,0.5068926811218262,0.5035499782301486,0.003342702891677596
L17H18,-0.013887500762939453,-0.015006467490456999,0.0011189667275175452
L17H19,0.007430744171142578,0.009759122249670326,0.0023283780785277484
L17H20,0.003765869140625,0.0027829088023281654,0.0009829603382968347
L17H21,-0.002822685241699219,-0.0018513128627091647,0.0009713723789900543
L17H22,0.018204307556152342,0.018079897382995112,0.00012441017315723002
L17H23,-0.00352630615234375,-0.0026288920664228497,0.0008974140859209002
L17H24,0.4964737892150879,0.49063721045386044,0.005836578761227451
L17H25,-0.0006343841552734375,-0.0013123007403919474,0.0006779165851185098
L17H26,0.20211963653564452,0.19935525748878719,0.002764379046857335
L17H27,0.006258583068847657,0.004926279676146806,0.001332303392700851
L17H28,-0.18630619049072267,-0.18222333225421608,0.004082858236506587
L17H29,0.03105010986328125,0.028885639901272953,0.002164469962008298
L17H30,0.0012601852416992188,0.0015546072914730757,0.0002944220497738568
L17H31,-0.0024675369262695313,-0.005028032202972099,0.002560495276702568
L18H0,-0.000231170654296875,-0.0002499502414138988,1.877958711702377e-05
L18H1,-0.1842866897583008,-0.17479361072182656,0.009493079036474228
L18H2,-0.0018484115600585938,-0.0014850669496809133,0.0003633446103776805
L18H3,-0.0006120681762695312,-0.0018256744515383616,0.0012136062752688304
L18H4,-0.00035114288330078124,-0.0003184198372764513,3.272304602432993e-05
L18H5,-0.006192302703857422,-0.0064823345805052664,0.0002900318766478442
L18H6,0.00442657470703125,0.004369985096855089,5.658961017616145e-05
L18H7,0.008198165893554687,0.004967261507408694,0.0032309043861459934
L18H8,-0.00041522979736328123,-0.00014818449344602413,0.00026704530391725707
L18H9,-0.006169509887695312,0.0016425447043729945,0.007812054592068306
L18H10,0.2172788619995117,0.20778748756274582,0.009491374436765898
L18H11,-0.024828720092773437,-0.02461613889026921,0.00021258120250422508
L18H12,-0.0004993438720703125,-0.0005220949955401011,2.2751123469788538e-05
L18H13,0.010686492919921875,0.009961564501281828,0.0007249284186400477
L18H14,-0.002517509460449219,-0.0023346030502580106,0.0001829064101912083
L18H15,0.004854774475097657,0.003728980154846795,0.0011257943202508617
L18H16,0.001221466064453125,0.0007791629221173934,0.00044230314233573154
L18H17,-0.0001583099365234375,9.796636295504868e-05,0.00025627629947848617
L18H18,2.767562675476074,2.3692374881356955,0.3983251873403786
L18H19,3.0803802490234373,2.8010682225227357,0.27931202650070164
L18H20,-0.0001529693603515625,-1.6917432367336006e-05,0.0001360519279842265
L18H21,0.003998184204101562,0.003259393898770213,0.0007387903053313492
L18H22,0.0702291488647461,0.07482933539431542,0.004600186529569325
L18H23,-0.0021465301513671877,-0.0011777469044318423,0.0009687832469353454
L18H24,-0.6463672637939453,-0.7355282347649336,0.0891609709709883
L18H25,0.19798030853271484,0.19216313934884965,0.005817169183865184
L18H26,0.02610492706298828,0.02470693924697116,0.0013979878160171218
L18H27,0.0017681121826171875,0.002068009853246622,0.0002998976706294343
L18H28,0.0006877899169921875,0.00022232738556340336,0.00046546253142878415
L18H29,-0.0029458999633789062,-0.0021132033871253952,0.000832696576253511
L18H30,0.0002227783203125,-0.0012710750685073434,0.0014938533888198434
L18H31,-0.0017187118530273438,-0.0016493433970026672,6.936845602467656e-05
L19H0,0.005165910720825196,0.004626408268813975,0.0005395024520112209
L19H1,0.0006830215454101563,0.0006232820087461732,5.973953666398306e-05
L19H2,0.00017642974853515625,0.0003616295492975041,0.00018519980076234786
L19H3,0.00015106201171875,-8.55375692481175e-06,0.00015961576864356175
L19H4,-0.0005077362060546875,-0.00020746914742630906,0.0003002670586283784
L19H5,0.0015369415283203124,0.0005055491274106316,0.0010313924009096808
L19H6,9.307861328125e-05,0.0003192360483808443,0.0002261574350995943
L19H7,-0.0017855167388916016,-0.0024993944505695255,0.000713877711677924
L19H8,-0.005452919006347656,-0.0037698334141168743,0.0016830855922307822
L19H9,0.011867332458496093,0.010649974836269394,0.0012173576222266995
L19H10,-2.288818359375e-06,-0.00021519719884963707,0.00021290838049026206
L19H11,-0.014130258560180664,-0.006493938530911692,0.007636320029268972
L19H12,-0.0007548332214355469,-0.0013399414972809609,0.000585108275845414
L19H13,-0.00010471343994140625,-0.0009317961637862026,0.0008270827238447964
L19H14,-0.000498199462890625,-0.0002222187915322138,0.0002759806713584112
L19H15,-0.002596473693847656,-0.0023081472623744047,0.00028832643147325143
L19H16,-0.8508807420730591,-0.856014447286725,0.005133705213665962
L19H17,0.000685882568359375,-0.00020976445011910982,0.0008956470184784849
L19H18,0.1339043617248535,0.12107354535255581,0.012830816372297701
L19H19,0.0018213272094726562,0.0007098617585143075,0.0011114654509583486
L19H20,-0.0015830039978027345,-0.0028896638948936017,0.0013066598970908672
L19H21,0.0009897232055664062,-0.0013480218418408184,0.0023377450474072244
L19H22,0.48919200897216797,0.47550521083176134,0.01368679814040663
L19H23,-0.01785588264465332,-0.018086663231952117,0.00023078058729879627
L19H24,0.00045452117919921877,0.0007031957866274752,0.0002486746074282564
L19H25,0.001986122131347656,0.0012474146795284468,0.0007387074518192093
L19H26,-0.0006174087524414062,6.247515884751919e-05,0.0006798839112889254
L19H27,-0.000555419921875,-0.00079083325836109,0.00023541333648609004
L19H28,4.8828125e-05,-7.660002629563678e-05,0.0001254281512956368
L19H29,0.020900535583496093,0.020640346844447776,0.0002601887390483171
L19H30,-0.09876737594604493,-0.09755176804028451,0.0012156079057604186
L19H31,0.000472259521484375,-0.000291607638791902,0.000763867160276277
L20H0,-0.0016641616821289062,-0.0012660780776059255,0.00039808360452298075
L20H1,-1.4342435836791991,-1.5629022728651762,0.12865868918597712
L20H2,-0.00097198486328125,-0.0008961042214650661,7.588064181618392e-05
L20H3,0.00122833251953125,0.000832993839867413,0.000395338679663837
L20H4,0.001788330078125,0.002248575008707121,0.00046024493058212097
L20H5,-0.000738525390625,-0.0007016568411927438,3.6868549432256216e-05
L20H6,-0.00012683868408203125,-0.00026136086526094,0.00013452218117890877
L20H7,-0.07729547023773194,-0.0586614633910358,0.01863400684669614
L20H8,-0.001062631607055664,0.0008879943517968059,0.00195062595885247
L20H9,7.457733154296875e-05,0.0005946663630311377,0.0005200890314881689
L20H10,0.00075531005859375,0.0002126555409631692,0.0005426545176305808
L20H11,0.00012226104736328124,0.00032087069666886237,0.00019860964930558113
L20H12,0.002838611602783203,0.002361062722047791,0.00047754888073541207
L20H13,0.004026222229003906,0.0034987460137926975,0.0005274762152112089
L20H14,0.013936424255371093,0.01348720237147063,0.0004492218839004629
L20H15,0.07177791595458985,0.06004421068355441,0.011733705271035441
L20H16,-0.0010419845581054687,-0.0013287076872074977,0.000286723129102029
L20H17,-0.0004772186279296875,-0.00033847646554932,0.00013874216238036747
L20H18,0.021002960205078126,0.020547777909087017,0.0004551822959911085
L20H19,0.00047893524169921874,0.0009582805680111051,0.00047934532631188636
L20H20,-0.0031831741333007814,-0.0010915764491073788,0.0020915976841934026
L20H21,-0.0005666732788085938,1.5368309686891734e-05,0.0005820415884954856
L20H22,-0.0027177810668945314,-0.0021791267296066507,0.0005386543372878807
L20H23,0.024416542053222655,0.022931763442466037,0.001484778610756618
L20H24,0.1076242446899414,0.10457676840014755,0.003047476289793849
L20H25,0.0005496978759765625,0.0007236252713482827,0.00017392739537172022
L20H26,0.00024662017822265627,1.783810439519584e-05,0.00022878207382746044
L20H27,-7.648468017578125e-05,0.00029194540693424644,0.0003684300871100277
L20H28,0.0005792617797851562,0.0004239842779497849,0.00015527750183537132
L20H29,-0.0006105422973632813,-0.0004816513905097963,0.00012889090685348499
L20H30,0.0007671356201171875,0.001077637974958634,0.0003105023548414465
L20H31,-0.13474102020263673,-0.13677988005802036,0.002038859855383629
L21H0,-0.000516510009765625,-0.000744088531791931,0.00022757852202630595
L21H1,0.001541900634765625,0.0010450775473145768,0.0004968230874510481
L21H2,-0.0002956390380859375,0.0007008628745097667,0.0009965019125957042
L21H3,0.0010944366455078124,0.0008909458345442544,0.000203490810963558
L21H4,0.001862812042236328,0.0012735477386740968,0.0005892643035622313
L21H5,0.0007238388061523438,0.00024940836156019943,0.0004744304445921443
L21H6,0.7522012710571289,0.6977119836956263,0.0544892873615026
L21H7,0.00041866302490234375,0.0005279505885482649,0.00010928756364592118
L21H8,0.03364696502685547,0.032384600170189515,0.0012623648566659554
L21H9,-6.427764892578126e-05,-0.0004867942945566028,0.00042251664563082154
L21H10,0.10916423797607422,0.10810300449375063,0.0010612334823235925
L21H11,-0.00031223297119140623,-1.5746137432870454e-05,0.0002964868337585358
L21H12,0.0032457351684570313,0.0029320770991034806,0.00031365806935355076
L21H13,-0.0005315780639648437,0.00021033692246419378,0.0007419149864290375
L21H14,0.0026544570922851563,0.002514507621526718,0.0001399494707584382
L21H15,-0.0005929946899414062,-0.0005809193127788604,1.2075377162545833e-05
L21H16,-0.0026165008544921874,-0.0031477963799261487,0.0005312955254339613
L21H17,-0.001625823974609375,-0.002965218473400455,0.00133939449879108
L21H18,1.8497880935668944,1.6045500181615353,0.24523807540535913
L21H19,0.0005483627319335938,0.00022362614909070543,0.0003247365828428883
L21H20,-0.002548027038574219,-0.0022517816440085882,0.0002962453945656307
L21H21,0.00796051025390625,0.007401225034845993,0.0005592852190602574
L21H22,0.00032196044921875,-0.0005313147354172543,0.0008532751846360043
L21H23,0.6337644577026367,0.6259385824203492,0.007825875282287509
L21H24,0.01803116798400879,0.016604627261403947,0.001426540722604841
L21H25,0.05524449348449707,0.0522380824200809,0.0030064110644161743
L21H26,0.000435638427734375,-0.00021567064395640046,0.0006513090716907755
L21H27,0.06289796829223633,0.053749607631471005,0.009148360660765326
L21H28,-0.010789847373962403,-0.00404407006863039,0.006745777305332013
L21H29,-0.00011472702026367187,-0.0007247020199429244,0.0006099749996792526
L21H30,0.000102996826171875,0.0006173549176310189,0.0005143580914591439
L21H31,-0.0018655776977539063,-0.001627857453422621,0.00023772024433128531
L22H0,0.0005907058715820312,0.00037209305010037496,0.00021861282148165627
L22H1,0.0005884170532226562,0.0003811756887444062,0.00020724136447825003
L22H2,-0.000853729248046875,-0.0006255039021198172,0.0002282253459270578
L22H3,0.0012073516845703125,0.0018041414412437006,0.0005967897566733881
L22H4,-0.001923370361328125,-0.0021983782848110423,0.0002750079234829174
L22H5,1.0682638168334961,1.0392309937626123,0.02903282307088384
L22H6,2.13623046875e-05,-0.0002563354173616972,0.00027769772204919716
L22H7,-0.004209709167480469,-0.004017637090873905,0.0001920720766065637
L22H8,-0.0005491256713867187,4.869789991062135e-05,0.0005978235712973401
L22H9,0.0008548736572265625,0.0013931269029853865,0.000538253245758824
L22H10,-0.008484172821044921,-0.00786371725553181,0.000620455565513111
L22H11,-0.00039730072021484377,-0.00013203533853811678,0.000265265381676727
L22H12,0.0009743690490722657,0.0012608293909579515,0.0002864603418856859
L22H13,0.000194549560546875,0.0004647489287890494,0.0002701993682421744
L22H14,-0.006554412841796875,-0.006744951213477179,0.00019053837168030423
L22H15,-1.277923583984375e-05,-9.214267993229442e-06,3.5649678466143083e-06
L22H16,0.0028959274291992187,0.0019114331546006725,0.0009844942745985462
L22H17,-0.0007520675659179688,-0.0007808206577465171,2.8753091828548306e-05
L22H18,0.004979753494262695,0.004540755040943622,0.0004389984533190727
L22H19,-0.00015888214111328124,-0.0001731506192300003,1.4268478116719047e-05
L22H20,-0.0008661270141601563,-0.0003799499034357723,0.000486177110724384
L22H21,0.005395126342773437,0.005605062522226945,0.00020993617945350759
L22H22,-0.0005842208862304688,-0.00028427870056475514,0.00029994218566571363
L22H23,0.0018815994262695312,0.0015930946392472833,0.0002885047870222479
L22H24,0.00066680908203125,0.0004424655344337225,0.00022434354759752755
L22H25,-0.00018749237060546874,0.00012143100684625097,0.00030892337745171974
L22H26,0.00896916389465332,0.00898972739232704,2.0563497673719427e-05
L22H27,0.14351882934570312,0.14449876199942083,0.0009799326537177078
L22H28,2.918243408203125e-05,0.0004207481586490758,0.0003915657245670445
L22H29,0.002600574493408203,-9.08456597244367e-05,0.0026914201531326397
L22H30,-0.008683204650878906,-0.009396141534671188,0.0007129368837922815
L22H31,0.014155864715576172,0.014013855053053702,0.0001420096625224694
L23H0,-0.0033895492553710936,-0.0029664855101145804,0.0004230637452565132
L23H1,0.011263561248779298,0.015854832122568042,0.004591270873788744
L23H2,-0.0011165618896484375,-0.001724655662837904,0.0006080937731894665
L23H3,-0.002283668518066406,-0.0052006177022121845,0.0029169491841457783
L23H4,-0.00015277862548828124,0.0001503347979451064,0.0003031134234333877
L23H5,0.0001094818115234375,-1.285640464629978e-05,0.00012233821616973727
L23H6,-0.00040750503540039064,-0.0001636073713598307,0.00024389766404055992
L23H7,-0.00025882720947265623,-0.00029115994657331613,3.23327371006599e-05
L23H8,-0.0007839202880859375,-0.0003601342465117341,0.0004237860415742034
L23H9,0.0003520965576171875,-0.00021305082154867704,0.0005651473791658645
L23H10,0.016782760620117188,0.015032616653479635,0.0017501439666375521
L23H11,-0.00091552734375,-0.00030750733931199646,0.0006080200044380035
L23H12,0.013017082214355468,0.012703388941008597,0.0003136932733468715
L23H13,0.0017782211303710937,0.0018822426340193489,0.0001040215036482552
L23H14,0.00218658447265625,0.0022345346165820955,4.795014392584536e-05
L23H15,-0.9492952346801757,-0.9441641682758928,0.005131066404282958
L23H16,-0.000249481201171875,-6.151430097816047e-05,0.00018796690019371457
L23H17,-0.0004932403564453125,-0.0003508857887936756,0.00014235456765163693
L23H18,-0.00068206787109375,-0.0004203725802653935,0.00026169529082835656
L23H19,0.0017205238342285155,0.001409827993484214,0.0003106958407443016
L23H20,-0.0020450592041015626,-0.0016255095404630992,0.0004195496636384634
L23H21,-0.012764167785644532,-0.01281998145277612,5.581366713158786e-05
L23H22,0.0003760337829589844,5.24633243912831e-05,0.0003235704585677013
L23H23,-0.0011186599731445312,-0.0009669421764556318,0.00015171779668889942
L23H24,-0.003950881958007813,-0.0039071804727427665,4.3701485265046185e-05
L23H25,0.06338729858398437,0.06328325794893316,0.00010404063505120575
L23H26,-0.0009023666381835938,-0.0006222863386938116,0.0002800802994897822
L23H27,0.000948333740234375,0.0003383771370863542,0.0006099566031480207
L23H28,0.003253936767578125,0.0031544287208816967,9.95080466964283e-05
L23H29,-0.0012393951416015624,-0.00044827095734945033,0.0007911241842521121
L23H30,0.0008165359497070313,0.0007624680009030271,5.4067948804004205e-05
L23H31,0.00568389892578125,0.005681348597863689,2.5503279175607615e-06
L24H0,-0.001218891143798828,-0.001454369368730113,0.00023547822493128487
L24H1,-0.000160980224609375,-0.00011926861334359274,4.1711611265782275e-05
L24H2,0.024503326416015624,0.04512736755423248,0.020624041138216857
L24H3,-0.0004926681518554688,-0.0007176542465458624,0.0002249860946903936
L24H4,-0.00015659332275390624,-0.00012657412480621133,3.001919794769491e-05
L24H5,-0.030791091918945312,-0.0314567506138701,0.0006656586949247874
L24H6,-0.004088783264160156,-0.003265428351005539,0.0008233549131546167
L24H7,0.014487648010253906,0.014050777581360308,0.0004368704288935984
L24H8,6.008148193359375e-05,-0.00029837503152521096,0.0003584565134588047
L24H9,0.001435089111328125,0.0005043450839366415,0.0009307440273914835
L24H10,0.1081085443496704,0.11978102886932902,0.011672484519658619
L24H11,0.00032176971435546873,0.0001803789407858858,0.00014139077356958293
L24H12,-0.0011112213134765625,-0.0006499196097138338,0.00046130170376272876
L24H13,-0.0001708984375,-6.301274788711453e-05,0.00010788568961288546
L24H14,-0.00024318695068359375,0.00021520447116927244,0.00045839142185286617
L24H15,-0.0008935928344726562,-0.0016489860223373397,0.0007553931878646835
L24H16,-0.023166656494140625,-0.022733683715341613,0.0004329727787990116
L24H17,0.03552989959716797,0.06598134962841869,0.030451450031250715
L24H18,0.0002155303955078125,0.0006572347367182374,0.00044170434121042494
L24H19,0.39023575782775877,0.38127995235845447,0.008955805469304301
L24H20,-0.0005321502685546875,5.1746066674240865e-05,0.0005838963352289284
L24H21,0.027216529846191405,0.028424420114606618,0.0012078902684152133
L24H22,-0.12133255004882812,-0.12217714032158256,0.0008445902727544363
L24H23,0.15909849405288695,0.16464619095204397,0.0055476968991570175
L24H24,0.017798423767089844,0.010797990573337302,0.007000433193752542
L24H25,1.48773193359375e-05,-0.00014823791025264654,0.00016311522958858404
L24H26,0.002662849426269531,0.002368348970412626,0.00029450045585690523
L24H27,0.0018968582153320312,0.0023262505870661697,0.0004293923717341385
L24H28,-0.0016931533813476563,-0.0007513444037613226,0.0009418089775863337
L24H29,-4.46319580078125e-05,0.00032421452269773,0.0003688464807055425
L24H30,-0.000119781494140625,2.1274448954500257e-06,0.00012190893903607503
L24H31,-0.0006677627563476563,-0.00068526716568158,1.7504409333923745e-05
L25H0,-0.006213688850402832,-0.007773743540747091,0.0015600546903442591
L25H1,-0.0010173797607421875,-0.001066973376146052,4.959361540386449e-05
L25H2,0.0011554718017578124,0.0009112312676734291,0.00024424053408438333
L25H3,-6.29425048828125e-05,7.37188591301674e-05,0.0001366613640129799
L25H4,0.00031652450561523435,-0.00505990949459374,0.005376434000208974
L25H5,-0.06781034469604492,-0.06756145827239379,0.0002488864236511318
L25H6,-0.012885093688964844,-0.013113203155808151,0.0002281094668433077
L25H7,-2.994537353515625e-05,0.0003220176506147254,0.00035196302414988164
L25H8,0.005957221984863282,0.005223508219205542,0.0007337137656577399
L25H9,0.0005359649658203125,0.0006248697260161862,8.89047601958737e-05
L25H10,0.1535665512084961,0.1876970685669221,0.03413051735842598
L25H11,-0.00034027099609375,-0.0005749843243393115,0.00023471332824556154
L25H12,-0.01526937484741211,-0.01486646996345371,0.00040290488395840034
L25H13,0.004630565643310547,0.005067681866057683,0.00043711622274713625
L25H14,-0.21240434646606446,-0.20644016284495592,0.0059641836211085375
L25H15,-0.0005311965942382812,-0.0003815923719230341,0.00014960422231524717
L25H16,-0.00018253326416015626,-0.00015017234654806088,3.236091761209538e-05
L25H17,1.3193326950073243,1.2288742631673812,0.09045843183994307
L25H18,0.0057316780090332035,0.005399827443761751,0.00033185056527145276
L25H19,-0.007541465759277344,-0.007560860834200866,1.9395074923522423e-05
L25H20,0.0012451171875,0.0012781564019860524,3.3039214486052515e-05
L25H21,0.026913833618164063,0.03307179457042366,0.006157960952259598
L25H22,-0.00010204315185546875,0.00047575099306413905,0.0005777941449196077
L25H23,0.0001651763916015625,-0.0003352051149704494,0.0005003815065720118
L25H24,-0.000267791748046875,-0.0004672428171033971,0.00019945106905652207
L25H25,0.02682838439941406,0.01135092485928908,0.015477459540124982
L25H26,-0.10537872314453126,-0.10911043041851372,0.0037317072739824625
L25H27,0.00018138885498046874,0.0002168667771911714,3.547792221070267e-05
L25H28,0.00084381103515625,0.0005006913685065229,0.0003431196666497271
L25H29,0.0006376266479492188,2.5761633514775896e-05,0.0006118650144344429
L25H30,0.0023084640502929687,0.004116518702358007,0.0018080546520650386
L25H31,-0.004146003723144531,-0.004836442819214426,0.0006904390960698953
L26H0,-0.00028438568115234374,-0.00018468804555595852,9.969763559638522e-05
L26H1,0.00026988983154296875,-0.00014392206921911565,0.00041381190076208443
L26H2,-0.000778961181640625,-4.647547575586941e-05,0.0007324857058847555
L26H3,-0.0005245208740234375,-0.00024669454633112763,0.00027782632769230987
L26H4,0.009578657150268555,0.043678540916880594,0.034099883766612035
L26H5,0.016926383972167967,0.014914245257386938,0.0020121387147810296
L26H6,5.245208740234375e-05,-0.0005249319143331377,0.0005773840017354815
L26H7,0.15386505126953126,0.15212041763588785,0.001744633633643411
L26H8,0.0008955001831054688,0.000531670178497734,0.00036383000460773476
L26H9,-0.0006540298461914062,-0.0005804495776828844,7.35802685085218e-05
L26H10,7.05718994140625e-05,0.00010492155925021507,3.4349659836152574e-05
L26H11,0.0018727302551269532,0.0013998222893860657,0.0004729079657408875
L26H12,0.0026769638061523438,0.0040192115644458685,0.0013422477582935247
L26H13,-0.023124551773071288,-0.019214086537249386,0.003910465235821902
L26H14,-0.005122184753417969,-0.0036299950443208218,0.001492189709097147
L26H15,-0.0037723541259765624,-0.003674894303549081,9.745982242748141e-05
L26H16,-0.002828025817871094,-0.002944445062894374,0.0001164192450232803
L26H17,0.0027762413024902343,0.003645985417824704,0.0008697441153344698
L26H18,-0.002533245086669922,-0.002582968684146181,4.972359747625879e-05
L26H19,-0.018882942199707032,-0.017561665485845878,0.001321276713861154
L26H20,-0.005633354187011719,-0.005679477579542435,4.612339253071661e-05
L26H21,0.0027322769165039062,0.009442889771889895,0.006710612855385989
L26H22,-0.002968025207519531,-0.0022324004210531713,0.0007356247864663597
L26H23,-0.43740090131759646,-0.4473389704944566,0.009938069176860131
L26H24,2.956390380859375e-05,-0.000241544189339038,0.00027110809314763175
L26H25,-0.0009279251098632812,1.9604365479608533e-05,0.0009475294753428897
L26H26,0.006935501098632812,0.00737408273271285,0.000438581634080038
L26H27,-0.00015497207641601562,-9.856494907580781e-05,5.640712734020781e-05
L26H28,-0.0007062911987304688,-0.001118566977675073,0.00041227577894460416
L26H29,-0.0006870269775390625,-0.0009399237860634457,0.00025289680852438325
L26H30,-0.0014965057373046875,-0.0007464749382052105,0.0007500307990994771
L26H31,0.008524322509765625,0.00927011194289662,0.0007457894331309948
L27H0,0.0027141571044921875,0.00320191976861679,0.0004877626641246026
L27H1,-0.023669624328613283,-0.02378790373040829,0.0001182794017950059
L27H2,0.004041481018066406,0.002648675740783801,0.0013928052772826053
L27H3,0.0007611274719238281,-0.00014946336168577545,0.0009105908336096036
L27H4,0.00031795501708984373,2.2020653977961048e-05,0.00029593436311188266
L27H5,-0.0003749847412109375,0.00010071175129269249,0.00047569649250362995
L27H6,3.221560478210449,2.714201934915036,0.5073585432954131
L27H7,-0.0003864288330078125,-0.0002677672331628855,0.00011866159984492698
L27H8,0.002495574951171875,0.0017529900884255766,0.0007425848627462986
L27H9,0.07863707542419433,0.07924044834217056,0.0006033729179762276
L27H10,0.00418853759765625,0.005089112397399731,0.000900574799743481
L27H11,-0.0008539199829101562,-0.00030601501121054755,0.0005479049716996087
L27H12,-0.0008432388305664063,-0.0007135471809306182,0.00012969164963578812
L27H13,0.0004993438720703125,0.0004236368378769839,7.570703419332861e-05
L27H14,0.0019329071044921875,0.0024800676212180404,0.000547160516725853
L27H15,0.009501838684082031,0.010167270043166355,0.0006654313590843241
L27H16,-0.000530242919921875,5.017756629968062e-05,0.0005804204862215556
L27H17,0.0001827239990234375,2.4044936253631022e-05,0.00015867906276980647
L27H18,0.00013065338134765625,0.0008056128863245249,0.0006749595049768686
L27H19,-7.89642333984375e-05,-0.00039547059786855244,0.00031650636447011493
L27H20,0.00314788818359375,0.0032553543118410745,0.00010746612824732429
L27H21,-0.007463598251342773,-0.005526638892479241,0.001936959358863532
L27H22,0.013273239135742188,0.008849512238884926,0.004423726896857261
L27H23,-0.0015672683715820313,-0.0018007081875111909,0.00023343981592915952
L27H24,-0.0009805679321289063,-0.0004656433447962627,0.0005149245873326436
L27H25,0.002944755554199219,0.002602572682371829,0.00034218287182739013
L27H26,-0.0017887115478515624,-0.0014460212027188391,0.0003426903451327233
L27H27,-0.0012500762939453125,-0.0012498850523115835,1.9124163372894777e-07
L27H28,0.0001140594482421875,3.628562062658602e-05,7.777382761560147e-05
L27H29,-0.023686552047729494,-0.02426398964016698,0.000577437592437488
L27H30,-0.0007459640502929688,-0.000630658442969434,0.00011530560732353479
L27H31,0.009778261184692383,0.010393978530919412,0.0006157173462270297
L28H0,-0.0001220703125,-0.0001483872576500289,2.6316945150028903e-05
L28H1,-0.000409698486328125,-9.391515777679161e-06,0.00040030697055044585
L28H2,-0.0024053573608398436,-0.0022053654298360924,0.00019999193100375115
L28H3,0.004320335388183594,0.004981298482744023,0.0006609630945604295
L28H4,0.0037298202514648438,0.0038432097404438536,0.00011338948897900982
L28H5,0.01869544982910156,0.021675295942259254,0.002979846113157693
L28H6,-3.376007080078125e-05,0.00021638584803440608,0.0002501459188351873
L28H7,-0.0002635955810546875,1.4696837388328276e-05,0.0002782924184430158
L28H8,0.0008419036865234375,0.0008139810233842582,2.7922663139179306e-05
L28H9,-0.00099639892578125,-0.000589277467224747,0.00040712145855650297
L28H10,0.001201629638671875,0.0007529617018008139,0.0004486679368710611
L28H11,-0.032132625579833984,-0.02469612201093696,0.007436503568897024
L28H12,-0.014910435676574707,-0.004724696080666035,0.010185739595908672
L28H13,0.004168319702148438,0.004950912607455393,0.0007825929053069556
L28H14,-0.0017190933227539062,-0.0015044544586999109,0.0002146388640539953
L28H15,-0.002044391632080078,-0.002091899975494016,4.750834341393784e-05
L28H16,-0.000202178955078125,-0.00013861023307981668,6.356872199830832e-05
L28H17,0.00028095245361328127,-1.8760653529170667e-05,0.00029971310714245193
L28H18,-0.018024659156799315,-0.019576746536768042,0.0015520873799687272
L28H19,-0.0010952711105346679,-0.0006845942552899942,0.0004106768552446737
L28H20,0.0008882522583007812,0.0012241013173479587,0.00033584905904717746
L28H21,0.0003971099853515625,0.0006486778565886198,0.0002515678712370573
L28H22,0.004971122741699219,0.005179237869015196,0.00020811512731597724
L28H23,0.009451866149902344,0.011829473328543828,0.002377607178641484
L28H24,0.0008609771728515625,0.001560472721757833,0.0006994955489062705
L28H25,0.0005218505859375,0.0002107059497575392,0.00031114463617996083
L28H26,-0.005521202087402343,-0.0050114712590584535,0.0005097308283438899
L28H27,0.060353660583496095,0.05880438176973257,0.001549278813763523
L28H28,-0.017309188842773438,-0.013468019268475472,0.0038411695742979653
L28H29,0.00045223236083984374,0.0004306544826249592,2.157787821488455e-05
L28H30,0.0012502670288085938,0.0010660086089046672,0.0001842584199039266
L28H31,-0.0009151458740234375,0.0004995079718355556,0.0014146538458589932
L29H0,0.00021343231201171876,0.0005026573868235573,0.0002892250748118386
L29H1,-0.0015226364135742187,-0.0006062282562197651,0.0009164081573544535
L29H2,-7.305145263671874e-05,-0.00039727672810840886,0.0003242252754716901
L29H3,-0.00843048095703125,-0.008208508159441408,0.00022197279758984223
L29H4,0.002153778076171875,0.002459460344107356,0.0003056822679354809
L29H5,0.0012933731079101563,0.0016576663947489578,0.00036429328683880153
L29H6,0.0012174606323242187,0.0019617323014244903,0.0007442716691002716
L29H7,-0.0013204574584960937,-0.0006133846469310811,0.0007070728115650126
L29H8,-0.00047435760498046873,-0.00029046574145468184,0.0001838918635257869
L29H9,0.012558746337890624,0.012424527705297806,0.0001342186325928186
L29H10,-0.0002635955810546875,-0.000656692951451987,0.00039309737039729955
L29H11,-0.011828804016113281,-0.011744075448950753,8.472856716252794e-05
L29H12,-0.00026073455810546873,-7.497848910134052e-05,0.0001857560690041282
L29H13,0.004295825958251953,0.004514854861190543,0.0002190289029385898
L29H14,0.007311630249023438,0.007186393734446028,0.00012523651457740925
L29H15,0.00017375946044921874,0.00028923941863467917,0.00011547995818546043
L29H16,0.00046911239624023435,0.0008090983290458098,0.0003399859328055754
L29H17,0.014042472839355469,0.015921921591507272,0.0018794487521518032
L29H18,-5.245208740234375e-05,0.0002671838956302963,0.00031963598303264007
L29H19,0.001126241683959961,0.0009505816793534905,0.0001756600046064705
L29H20,-0.00031604766845703123,-0.00019096083206022741,0.00012508683639680381
L29H21,0.0007429122924804688,0.0011448414588812739,0.0004019291664008051
L29H22,-6.7138671875e-05,-7.310410037462134e-05,5.965428499621339e-06
L29H23,0.0030004501342773436,0.0029981971194501965,2.253014827147126e-06
L29H24,0.00034074783325195314,0.0006705340070766397,0.00032978617382468657
L29H25,-0.0005924224853515625,1.7301711159234402e-05,0.000609724196510797
L29H26,-0.0019008636474609375,-0.0019021712316316553,1.307584170717746e-06
L29H27,-0.0005765914916992188,5.404063267633319e-05,0.000630632124375552
L29H28,0.00042629241943359375,0.000165728795400355,0.0002605636240332387
L29H29,0.002695178985595703,0.0028793292454793117,0.00018415025988360867
L29H30,-0.0006448745727539063,-0.00035674252430908384,0.00028813204844482245
L29H31,-0.000205230712890625,-0.0001772241565049626,2.8006556385662385e-05
L30H0,-0.018023109436035155,-0.01680135683855042,0.0012217525974847349
L30H1,-0.000200653076171875,-0.000326324492925778,0.000125671416753903
L30H2,-0.0009744644165039062,-0.0006933092903636861,0.00028115512614022007
L30H3,-0.005191898345947266,-0.004176065753563307,0.001015832592383959
L30H4,0.022009944915771483,0.02183314473950304,0.00017680017626844208
L30H5,0.10763778686523437,0.12007390757789835,0.012436120712663978
L30H6,-0.005237770080566406,-0.004020481460611336,0.0012172886199550703
L30H7,0.008068084716796875,0.008702663330041105,0.0006345786132442299
L30H8,-0.21457262039184571,-0.21457470958121122,2.089189365506172e-06
L30H9,-0.09557075500488281,-0.09432569014606998,0.0012450648588128305
L30H10,0.003595924377441406,0.003929501587117556,0.00033357720967614997
L30H11,0.00029468536376953125,-5.9491291540325617e-05,0.0003541766553098569
L30H12,0.014768218994140625,0.013933510016067885,0.0008347089780727408
L30H13,0.6981149673461914,0.7402803154662252,0.04216534812003381
L30H14,0.005944538116455078,0.00532357778865844,0.0006209603277966382
L30H15,-0.0005064010620117188,-1.4093084428168367e-05,0.0004923079775835503
L30H16,-0.004018592834472656,-0.004428483898664126,0.00040989106419146975
L30H17,0.0017688751220703125,0.0021031054133345607,0.0003342302912642482
L30H18,-1.1451318740844727,-1.13006628183648,0.015065592247992754
L30H19,-0.002342414855957031,-0.0021977191881887848,0.00014469566776824632
L30H20,-0.0005201339721679687,-0.0003696072024467867,0.00015052676972118203
L30H21,0.00037384033203125,0.00015236835897667334,0.00022147197305457666
L30H22,-0.002688026428222656,-0.002776269254809449,8.824282658679303e-05
L30H23,-3.032684326171875e-05,0.00010070779226225567,0.00013103463552397444
L30H24,0.0002185821533203125,-9.82794248557184e-05,0.0003168615781760309
L30H25,0.018197250366210938,0.01855158365215175,0.00035433328594081104
L30H26,0.0050140380859375,0.004839485404954757,0.00017455268098274298
L30H27,-0.00027103424072265624,-6.413881455955562e-05,0.00020689542616310062
L30H28,-0.00042324066162109376,5.842600648975349e-05,0.00048166666811084725
L30H29,-0.000524139404296875,-0.00032440331196994523,0.0001997360923269298
L30H30,0.002015495300292969,0.0021099861434777266,9.449084318475772e-05
L30H31,-0.006425666809082031,-0.006112502378528006,0.00031316443055402505
L31H0,0.002449512481689453,0.0029468919150531293,0.0004973794333636762
L31H1,-0.006552219390869141,-0.005852429146762006,0.0006997902441071343
L31H2,-0.0005975723266601563,0.00015757167043375375,0.00075514399709391
L31H3,0.005768013000488281,0.006277510047948453,0.0005094970474601723
L31H4,-0.0007085800170898438,-0.00047304841646109705,0.0002355316006287467
L31H5,-0.0014362335205078125,-0.001027751894434914,0.0004084816260728984
L31H6,-0.0001628875732421875,0.00046586583885073197,0.0006287534120929195
L31H7,-0.0906141757965088,-0.0897633657354163,0.0008508100610924996
L31H8,-0.005111598968505859,-0.0047866023247479465,0.00032499664375791257
L31H9,0.03293285369873047,0.033465385995805265,0.0005325322970747975
L31H10,0.01573190689086914,0.016146600706269963,0.00041469381540082395
L31H11,-0.0013227462768554688,-0.0008246454992331565,0.0004981007776223123
L31H12,1.506805419921875e-05,0.00026815195014933123,0.00025308389595011247
L31H13,-0.0046024322509765625,-0.0040687965745746625,0.0005336356764019
L31H14,-0.002389335632324219,-0.002142347902190522,0.0002469877301336967
L31H15,-0.0009601593017578125,-0.00102000637416495,5.98470724071376e-05
L31H16,-0.0034070968627929687,-0.002929294132627547,0.0004778027301654219
L31H17,0.0016384124755859375,0.002228041073976783,0.0005896285983908456
L31H18,-0.000127410888671875,-2.8877949807792903e-05,9.85329388640821e-05
L31H19,0.0004119873046875,0.00040407626729574984,7.911037391750164e-06
L31H20,0.026702690124511718,0.027525657799560576,0.0008229676750488579
L31H21,-0.00011539459228515625,-3.549615212250501e-06,0.00011184497707290575
L31H22,-0.000237274169921875,-8.401039267482701e-05,0.000153263777247048
L31H23,1.9073486328125e-06,0.0004720193974208087,0.0004701120487879962
L31H24,-0.000814056396484375,-0.0002550289153077756,0.0005590274811765994
L31H25,-0.0012076377868652343,-0.0010534762492170557,0.00015416153764817868
L31H26,9.136199951171875e-05,6.24281743512256e-05,2.8933825160493146e-05
L31H27,-0.04874858856201172,-0.04810075573914219,0.0006478328228695304
L31H28,-0.007463645935058594,-0.007353288898593746,0.0001103570364648478
L31H29,0.0012348175048828125,0.0012758426775690169,4.10251726862044e-05
L31H30,-0.00010204315185546875,-0.0001237449556356296,2.170180378016084e-05
L31H31,-4.367828369140625e-05,2.8520485284388996e-05,7.219876897579525e-05
