id,direction,donor_mean,mean_replacement_mean,donor_retained,mean_retained,same_mean_sign,donor_classification,mean_classification
G1:I1:conditional:L18H18,noise,3.693218124046754,2.361732126621718,True,True,True,coherent,coherent
G1:I1:conditional:L18H18,restore,3.6059766726547413,2.157787817247798,True,True,True,coherent,coherent
G1:I1:conditional:L18H19,noise,4.297184097632933,2.7840477134404558,True,True,True,coherent,coherent
G1:I1:conditional:L18H19,restore,4.180347201529513,2.596969016482321,True,True,True,coherent,coherent
G1:I1:whole,noise,5.339535311366735,2.957198349277625,True,True,True,coherent,coherent
G1:I1:whole,restore,5.335905192943102,2.7718799475873452,True,True,True,coherent,coherent
G1:I2:conditional:L18H18,noise,3.523102543327246,2.2107906341552734,True,True,True,coherent,coherent
G1:I2:conditional:L18H18,restore,3.4680982011087824,1.9915183474508564,True,True,True,coherent,coherent
G1:I2:conditional:L18H19,noise,4.202759967761093,2.680781814489472,True,True,True,coherent,coherent
G1:I2:conditional:L18H19,restore,4.135394482130415,2.4973933348494968,True,True,True,coherent,coherent
G1:I2:whole,noise,5.460764311672596,3.1530666083432317,True,True,True,coherent,coherent
G1:I2:whole,restore,5.495287187983481,2.9116767551122087,True,True,True,coherent,coherent
G1:I3:conditional:L18H18,noise,3.2264729510532337,2.110008909461204,True,True,True,coherent,coherent
G1:I3:conditional:L18H18,restore,3.1213041798452315,1.9230233846085796,True,True,True,coherent,coherent
G1:I3:conditional:L18H19,noise,3.764624884959017,2.456547938036115,True,True,True,coherent,coherent
G1:I3:conditional:L18H19,restore,3.6506024264217762,2.2910638552033498,True,True,True,coherent,coherent
G1:I3:whole,noise,5.574127588379249,3.001819069465894,True,True,True,coherent,coherent
G1:I3:whole,restore,5.5744647336809825,2.818131478984704,True,True,True,coherent,coherent
G1:O1:whole,noise,5.737452362360579,3.5666550103198276,True,True,True,coherent,coherent
G1:O1:whole,restore,5.7777491874909135,3.3878323630000766,True,True,True,coherent,coherent
G1:O3:conditional:L18H19,noise,2.920695619636707,2.127903188212534,True,True,True,coherent,coherent
G1:O3:conditional:L18H19,restore,2.8767311224776706,2.0283685534187916,True,True,True,coherent,coherent
G1:O3:whole,noise,6.528266198179695,3.0719727023263994,True,True,True,coherent,coherent
G1:O3:whole,restore,6.5675191557809205,2.935486118445236,True,True,True,coherent,coherent
G1:O4:conditional:L18H19,noise,2.906222793493378,1.945986758457141,True,True,True,coherent,coherent
G1:O4:conditional:L18H19,restore,2.80691537428438,1.8376035154535528,True,True,True,coherent,coherent
G1:O4:whole,noise,5.629542549004715,3.2072084137562955,True,True,True,coherent,coherent
G1:O4:whole,restore,5.671762777178475,3.0227726711316056,True,True,True,coherent,coherent
G2:L14H23:change,noise,-0.0034436308935786903,0.000997243302591731,False,False,False,below_rule,below_rule
G2:L14H23:change,restore,0.001605955402502853,0.0056214734409632304,False,False,True,below_rule,below_rule
G2:L14H23:conditional,noise,-0.21501205610425284,-0.1341525088535266,True,True,True,coherent,heterogeneous
G2:L14H23:conditional,restore,-0.20057762874646134,-0.10446254590923866,True,True,True,coherent,heterogeneous
G2:L15H3:change,noise,0.0019955407367663438,-0.0016916789365618416,False,False,False,below_rule,below_rule
G2:L15H3:change,restore,0.0038401142934734902,-0.0018811788451805543,False,False,False,below_rule,below_rule
G2:L15H3:conditional,noise,-0.10403674238183525,-0.1539640212326907,True,True,True,coherent,coherent
G2:L15H3:conditional,restore,-0.08622377374198999,-0.14795426304420728,False,True,True,below_rule,coherent
G2:L16H1:change,noise,-0.07029077846012759,-0.09860821252458551,False,True,True,below_rule,heterogeneous
G2:L16H1:change,restore,-0.07314490736200568,-0.11475074960944358,False,True,True,below_rule,coherent
G2:L16H1:conditional,noise,0.797624476839987,1.6883102936691112,True,True,True,coherent,coherent
G2:L16H1:conditional,restore,0.7688864804385753,1.6644837722349703,True,True,True,coherent,coherent
G2:L16H21:change,noise,-0.03185427724645379,-0.008892005748963087,False,False,True,below_rule,below_rule
G2:L16H21:change,restore,-0.0660185840692413,-0.019275607352846124,True,False,True,heterogeneous,below_rule
G2:L16H21:conditional,noise,0.8926693442162503,0.999264443858286,True,True,True,coherent,coherent
G2:L16H21:conditional,restore,0.9992877686961313,1.0732147630011097,True,True,True,coherent,coherent
G2:L16H31:change,noise,0.014296846443347716,0.014008902431873794,False,False,True,below_rule,below_rule
G2:L16H31:change,restore,0.01771686853987447,0.015415685900141684,False,False,True,below_rule,below_rule
G2:L16H31:conditional,noise,-0.17328275321574693,-0.2607327043340447,True,True,True,coherent,coherent
G2:L16H31:conditional,restore,-0.16655344909496522,-0.24854155068986872,True,True,True,coherent,coherent
G2:L17H24:change,noise,-0.02011471517970053,0.007965800467501866,False,False,False,below_rule,below_rule
G2:L17H24:change,restore,-0.022868124286780197,-0.0005449096808272801,False,False,True,below_rule,below_rule
G2:L17H24:conditional,noise,0.4125053279855278,0.3243382914682453,True,True,True,coherent,coherent
G2:L17H24:conditional,restore,0.4131420435530416,0.3051506883642647,True,True,True,coherent,coherent
G2:L18H19:change,noise,-0.06574637568398808,0.06259873208035244,True,False,False,heterogeneous,below_rule
G2:L18H19:change,restore,-0.08985028106175112,0.056758181432659705,True,False,False,heterogeneous,below_rule
G2:L18H19:conditional,noise,3.0063918587866794,1.6889638686448,True,True,True,coherent,coherent
G2:L18H19:conditional,restore,3.12895338187057,1.6293470055869457,True,True,True,coherent,coherent
G2:L19H16:change,noise,-0.05394700805792648,-0.036998625551716666,False,False,True,below_rule,below_rule
G2:L19H16:change,restore,-0.07133444775356336,-0.026026937399017677,True,False,True,heterogeneous,below_rule
G2:L19H16:conditional,noise,-0.8737313332182638,-0.4483487739991606,True,True,True,coherent,coherent
G2:L19H16:conditional,restore,-0.8926031294833409,-0.4272139340304257,True,True,True,coherent,coherent
G2:L20H7:change,noise,0.058065153239818104,0.003933826189362601,True,False,True,heterogeneous,below_rule
G2:L20H7:change,restore,0.020147899563392895,-0.0023763099413239555,False,False,False,below_rule,below_rule
G2:L20H7:conditional,noise,0.031951144839940444,-0.17662190855219123,True,True,False,heterogeneous,coherent
G2:L20H7:conditional,restore,0.09921596559245935,-0.10117491175619404,True,True,False,heterogeneous,coherent
G2:L22H5:change,noise,0.10542105155044727,0.09253435992123035,True,False,True,coherent,below_rule
G2:L22H5:change,restore,0.10685044192196277,0.08116874534092593,True,False,True,coherent,below_rule
G2:L22H5:conditional,noise,1.0878861151384505,0.3043331349833628,True,True,True,coherent,coherent
G2:L22H5:conditional,restore,1.1145947167042936,0.2807041902220651,True,True,True,coherent,coherent
G2:L23H15:change,noise,0.014025009080265344,7.726369279154231e-05,True,False,True,heterogeneous,below_rule
G2:L23H15:change,restore,0.023416961177011555,0.004388720801707064,True,False,True,heterogeneous,below_rule
G2:L23H15:conditional,noise,-0.9328657094012486,-0.3942497071255459,True,True,True,coherent,coherent
G2:L23H15:conditional,restore,-0.9019715946711852,-0.34622964162505077,True,True,True,coherent,coherent
G2:L26H23:change,noise,0.0008357977599240421,-0.0006010130550084489,False,False,False,below_rule,below_rule
G2:L26H23:change,restore,-0.006668993596280559,0.0025212041447671613,False,False,False,below_rule,below_rule
G2:L26H23:conditional,noise,-0.3666035178002347,-0.16742899176779757,True,True,True,coherent,coherent
G2:L26H23:conditional,restore,-0.35367338309127294,-0.14526940195747975,True,True,True,coherent,coherent
G2:L6H24:change,noise,-0.005318163486009234,-0.0006194757611564036,False,False,True,below_rule,below_rule
G2:L6H24:change,restore,-0.010834728733877117,0.005729061833928141,False,False,False,below_rule,below_rule
G2:L6H24:conditional,noise,0.09603064381674434,-0.06489704432112448,True,True,False,heterogeneous,heterogeneous
G2:L6H24:conditional,restore,0.1034898597202944,-0.03636326682701539,True,True,False,heterogeneous,heterogeneous
G2:L8H15:change,noise,0.004591337750467022,-0.013123753365505947,False,False,False,below_rule,below_rule
G2:L8H15:change,restore,0.01411650154028046,-0.007801355940572331,False,False,False,below_rule,below_rule
G2:L8H15:conditional,noise,0.2840294047687831,0.13010552224148525,True,True,True,coherent,heterogeneous
G2:L8H15:conditional,restore,0.3162273021226519,0.13776109191808808,True,True,True,coherent,heterogeneous
G2group:negative:change,noise,-0.14309273810868853,-0.04006357139415955,True,False,True,heterogeneous,below_rule
G2group:negative:change,restore,-0.14209850182693995,-0.024687839358040455,True,False,True,heterogeneous,below_rule
G2group:negative:intact,noise,-2.169887564155493,-0.9998382236180681,True,True,True,coherent,coherent
G2group:negative:intact,restore,-2.1016369294584467,-0.9316350422548444,True,True,True,coherent,coherent
G2group:negative:weakened,noise,-2.3129803022641813,-1.0399017950122276,True,True,True,coherent,coherent
G2group:negative:weakened,restore,-2.2437354312853866,-0.9563228816128848,True,True,True,coherent,coherent
G2group:positive:change,noise,-0.18750156847278723,-0.1353108286857605,True,True,True,coherent,coherent
G2group:positive:change,restore,-0.28015619985173257,-0.17036179478248853,True,True,True,coherent,coherent
G2group:positive:intact,noise,5.337455979893717,4.080671642603499,True,True,True,coherent,coherent
G2group:positive:intact,restore,5.520144087544987,4.061479547050562,True,True,True,coherent,coherent
G2group:positive:weakened,noise,5.1499544114209295,3.9453608139177385,True,True,True,coherent,coherent
G2group:positive:weakened,restore,5.239987887693255,3.891117752268073,True,True,True,coherent,coherent
G2group:reference1:change,noise,-0.020554385828168206,-0.013661341720752502,False,False,True,below_rule,below_rule
G2group:reference1:change,restore,-0.022629544976052275,-0.02108646510692125,False,False,True,below_rule,below_rule
G2group:reference1:intact,noise,0.05845662984955177,-0.022302418612362294,True,True,False,heterogeneous,heterogeneous
G2group:reference1:intact,restore,-0.05892786818943667,-0.0606012987286857,True,True,True,heterogeneous,heterogeneous
G2group:reference1:weakened,noise,0.03790224402138356,-0.0359637603331148,True,True,False,heterogeneous,heterogeneous
G2group:reference1:weakened,restore,-0.08155741316548894,-0.08168776383560696,True,True,True,heterogeneous,heterogeneous
G2group:reference2:change,noise,-0.014435729283965035,0.011939080913415116,False,False,False,below_rule,below_rule
G2group:reference2:change,restore,-0.017892676123072594,0.005586361617184757,False,False,False,below_rule,below_rule
G2group:reference2:intact,noise,0.10300851136111142,-0.07601157199130969,True,True,False,heterogeneous,heterogeneous
G2group:reference2:intact,restore,0.07898311400681399,-0.06532411361008547,True,True,False,heterogeneous,heterogeneous
G2group:reference2:weakened,noise,0.08857278207714638,-0.06407249107789457,True,True,False,heterogeneous,heterogeneous
G2group:reference2:weakened,restore,0.0610904378837414,-0.05973775199290072,True,True,False,heterogeneous,heterogeneous
G2group:reference3:change,noise,-0.005934547842218635,0.00990658127859737,False,False,False,below_rule,below_rule
G2group:reference3:change,restore,-0.020724883240260436,0.005247150914052899,False,False,False,below_rule,below_rule
G2group:reference3:intact,noise,-0.08482233861858925,-0.21012451407614718,True,True,True,heterogeneous,coherent
G2group:reference3:intact,restore,-0.07584110270725207,-0.1625639454702313,True,True,True,heterogeneous,coherent
G2group:reference3:weakened,noise,-0.09075688646080789,-0.20021793279754982,True,True,True,heterogeneous,coherent
G2group:reference3:weakened,restore,-0.0965659859475125,-0.1573167945561784,True,True,True,heterogeneous,coherent
G2group:reference4:change,noise,0.006516361504458309,-0.0034225522802117164,False,False,False,below_rule,below_rule
G2group:reference4:change,restore,0.005677880865804265,0.0022085489851705145,False,False,True,below_rule,below_rule
G2group:reference4:intact,noise,-0.08413470729013507,-0.11791649829135852,True,True,True,heterogeneous,heterogeneous
G2group:reference4:intact,restore,-0.045161985279469005,-0.06029483709442482,True,True,True,heterogeneous,heterogeneous
G2group:reference4:weakened,noise,-0.07761834578567677,-0.12133905057157024,True,True,True,heterogeneous,heterogeneous
G2group:reference4:weakened,restore,-0.03948410441366474,-0.0580862881092543,True,True,True,heterogeneous,heterogeneous
G2group:residual23:change,noise,0.0689355456427242,-0.0027686772721537043,True,False,False,heterogeneous,below_rule
G2group:residual23:change,restore,0.017844885922549816,-0.004120775822843059,True,False,False,heterogeneous,below_rule
G2group:residual23:intact,noise,0.11639698971523328,-0.6329687847180313,True,True,False,heterogeneous,coherent
G2group:residual23:intact,restore,0.23779426531845263,-0.6609686305013935,True,True,False,heterogeneous,coherent
G2group:residual23:weakened,noise,0.18533253535795746,-0.635737461990185,True,True,False,heterogeneous,coherent
G2group:residual23:weakened,restore,0.25563915124100245,-0.6650894063242366,True,True,False,heterogeneous,coherent
block:L17H1:query_sentence,noise,5.535144162981697,1.824571009432332,True,True,True,coherent,coherent
block:L17H1:query_sentence,restore,5.350544425878632,1.750848223654072,True,True,True,coherent,coherent
block:L17H1:query_sentence:self,noise,0.0,0.0,False,False,True,below_rule,below_rule
block:L17H1:query_sentence:self,restore,0.0,0.0,False,False,True,below_rule,below_rule
block:L17H1:query_sentence:source,noise,6.276379397745883,2.166586216915859,True,True,True,coherent,coherent
block:L17H1:query_sentence:source,restore,5.972021365433596,2.012569973977764,True,True,True,coherent,coherent
block:L17H1:query_writer_union,noise,4.978002012445685,1.6084513289205145,True,True,True,coherent,coherent
block:L17H1:query_writer_union,restore,4.790111766772323,1.4979610389538025,True,True,True,coherent,coherent
block:L17H1:query_writer_union:self,noise,0.0,0.0,False,False,True,below_rule,below_rule
block:L17H1:query_writer_union:self,restore,0.0,0.0,False,False,True,below_rule,below_rule
block:L17H1:query_writer_union:source,noise,5.663744588916221,1.904741346166375,True,True,True,coherent,coherent
block:L17H1:query_writer_union:source,restore,5.357709027408214,1.7196918230378226,True,True,True,coherent,coherent
