head,flat_id,layer,head_index,in_A,in_B,in_C,in_D,A_reasons,A_names_gap_rank,B_final_events,B_final_families,first_order_pairs,exact_pairs,exact_families,importance_exact40,importance_first_order,importance_exact178,residual_40,needs_scopeP_138,needs_scopeF_178
L0H1,1,0,1,False,False,False,True,0,False,,,178,178,89,0.009851646423339844,0.04011024639345287,0.07954119028670065,0.030258599970113025,False,False
L0H27,27,0,27,False,False,False,True,0,False,,,178,178,89,-0.0002501487731933594,-0.008513863112782703,9.953573848424332e-05,0.008263714339589345,False,False
L1H9,41,1,9,False,False,False,True,0,False,,,178,178,89,0.0071380615234375,-0.005258389176366579,-0.004647351382823473,0.012396450699804079,False,False
L1H27,59,1,27,True,False,False,True,5,True,,,178,178,89,0.02895050048828125,0.01097528090349953,0.021794962079337475,0.017975219584781717,False,True
L2H1,65,2,1,False,False,False,True,0,False,,,178,178,89,-0.02518291473388672,-0.018761072857200765,-0.008900990646876645,0.006421841876685954,False,False
L2H21,85,2,21,True,False,False,False,2,False,,,178,40,20,-0.006174659729003907,-0.0023644412266027727,,0.003810218502401134,True,True
L2H22,86,2,22,True,False,False,False,1,True,,,178,40,20,-0.005842399597167969,0.0016560653679784428,,0.007498464965146411,True,True
L3H11,107,3,11,False,False,False,True,0,False,,,178,178,89,0.007417869567871094,-0.001652667678243826,-0.0022394094574317504,0.00907053724611492,False,False
L3H20,116,3,20,False,False,False,True,0,False,,,178,178,89,0.00019016265869140626,-0.0010133070176012102,-0.0005884599149896857,0.0012034696762926165,False,False
L4H0,128,4,0,True,False,False,False,1,True,,,178,40,20,-0.0028005599975585937,0.0005020033833838926,,0.0033025633809424864,True,True
L4H13,141,4,13,False,False,False,True,0,False,,,178,178,89,0.0128997802734375,0.011167633884816609,0.013595883765917145,0.001732146388620891,False,False
L4H15,143,4,15,False,False,False,True,0,False,,,178,178,89,0.004285049438476562,-0.005275592039825834,-0.006259709261776356,0.009560641478302396,False,False
L5H6,166,5,6,False,False,False,True,0,False,,,178,178,89,0.003277015686035156,0.0030710064227891603,0.0022226826528484902,0.0002060092632459958,False,False
L5H18,178,5,18,True,False,False,False,1,True,,,178,40,20,-0.012072181701660157,-0.004990722794410134,,0.007081458907250022,True,True
L6H2,194,6,2,True,False,False,False,2,True,,,178,40,20,-0.007234382629394531,-0.0038334109152999467,,0.0034009717140945847,True,True
L6H11,203,6,11,False,False,False,True,0,False,,,178,178,89,-0.00033969879150390624,3.033014814882131e-05,3.906850064738413e-05,0.00037002893965272754,False,False
L6H12,204,6,12,False,False,False,True,0,False,,,178,178,89,-0.0039612770080566405,0.0016427802483111704,0.0004296892144706812,0.005604057256367811,False,False
L6H21,213,6,21,False,False,False,True,0,False,,,178,178,89,0.003561592102050781,-0.003581149844332399,-0.0036069302076704047,0.00714274194638318,False,False
L6H24,216,6,24,True,False,False,False,1,False,,,178,40,20,0.011005997657775879,0.09310174505278636,,0.08209574739501048,True,True
L7H1,225,7,1,False,False,False,True,0,False,,,178,178,89,0.25744152069091797,0.19414171450928355,0.23759243461523163,0.06329980618163442,False,False
L7H18,242,7,18,True,False,False,False,2,False,,,178,40,20,-0.013592815399169922,-0.002413436982341194,,0.011179378416828728,True,True
L7H25,249,7,25,True,False,False,False,3,True,,,178,40,20,-0.004505348205566406,0.003851320542227686,,0.008356668747794092,True,True
L7H27,251,7,27,False,False,False,True,0,False,,,178,178,89,-0.0018007278442382813,0.00032646796833514497,0.0007439302594474192,0.002127195812573426,False,False
L8H0,256,8,0,False,False,False,True,0,False,,,178,178,89,0.0005634307861328125,8.461100147092673e-05,-0.00010424517513660902,0.0004788197846618857,False,False
L8H5,261,8,5,False,False,False,True,0,False,,,178,178,89,-0.0022151947021484377,-0.0021380277401558383,-0.0019269257449032215,7.716696199259934e-05,False,False
L8H8,264,8,8,True,False,False,False,1,True,,,178,40,20,-0.04021615982055664,-0.04558512275211848,,0.0053689629315618395,True,True
L8H14,270,8,14,False,False,False,True,0,False,,,178,178,89,-0.005685615539550781,-0.003479594349392868,-0.0037738526805063313,0.0022060211901579136,False,False
L8H15,271,8,15,True,False,False,False,4,True,,,178,40,20,0.3670095443725586,0.2022510256953119,,0.16475851867724672,True,True
L8H16,272,8,16,True,False,False,False,1,True,,,178,40,20,-0.0037628173828125,-0.009946706694331063,,0.006183889311518562,True,True
L9H3,291,9,3,False,False,False,True,0,False,,,178,178,89,0.016104698181152344,0.013859643177077007,0.015039652920840831,0.0022450550040753366,False,False
L9H6,294,9,6,True,False,False,True,4,True,,,178,178,89,-0.06325407028198242,-0.03331830952933916,-0.034904565704002806,0.02993576075264326,False,True
L9H14,302,9,14,False,False,False,True,0,False,,,178,178,89,0.0028276443481445312,-6.508185290155953e-05,-0.0005769649248444632,0.0028927262010460908,False,False
L9H16,304,9,16,True,False,False,False,2,True,,,178,40,20,0.1090993881225586,0.0749911709657211,,0.0341082171568375,True,True
L9H17,305,9,17,True,False,False,True,3,True,,,178,178,89,0.03446216583251953,0.025204486472615868,0.027045694629797775,0.00925767935990366,False,True
L9H22,310,9,22,False,False,False,True,0,False,,,178,178,89,-0.0012098312377929687,-0.0021281731079510423,-0.0020332443580198824,0.0009183418701580737,False,False
L9H23,311,9,23,False,False,False,True,0,False,,,178,178,89,-0.0002071380615234375,0.000396620154052481,0.0005100711008136192,0.0006037582155759185,False,False
L9H26,314,9,26,False,False,False,True,0,False,,,178,178,89,-0.007602882385253906,-0.0003065091644131233,-0.0016403091087769926,0.007296373220840782,False,False
L10H16,336,10,16,True,False,False,False,1,False,,,178,40,20,-0.026601189374923707,-0.06099439974288257,,0.034393210367958865,True,True
L11H3,355,11,3,True,True,False,False,5,True,28,20,178,40,20,0.03150653839111328,0.01822408685575794,,0.01328245153535534,True,True
L11H4,356,11,4,True,False,False,False,3,True,,,178,40,20,0.00442657470703125,0.004898946073685846,,0.00047237136665459565,True,True
L11H7,359,11,7,True,False,False,False,4,False,,,178,40,20,0.014999198913574218,0.014978451350850335,,2.0747562723882895e-05,True,True
L11H14,366,11,14,False,True,False,False,0,False,3,1,178,40,20,0.027682685852050783,0.01693330320995301,,0.010749382642097773,True,True
L11H15,367,11,15,True,False,False,False,1,True,,,178,40,20,-0.0675471305847168,-0.09854312251018507,,0.030995991925468272,True,True
L11H20,372,11,20,False,False,False,True,0,False,,,178,178,89,-0.010481643676757812,-0.00033629844174458737,-0.0025060739410057496,0.010145345235013224,False,False
L11H22,374,11,22,False,False,False,True,0,False,,,178,178,89,-0.003871726989746094,0.002274272756734758,0.0029194649685634656,0.006145999746480852,False,False
L11H27,379,11,27,False,False,False,True,0,False,,,178,178,89,0.014305877685546874,-0.001172271559768346,-0.004102074698116002,0.01547814924531522,False,False
L12H2,386,12,2,True,False,False,True,1,True,,,178,178,89,0.012058448791503907,0.010396713353013306,0.01014419619956713,0.0016617354384906007,False,True
L12H9,393,12,9,True,False,False,False,1,True,,,178,40,20,-0.004613304138183593,-0.007286193822458219,,0.002672889684274626,True,True
L12H17,401,12,17,False,False,False,True,0,False,,,178,178,89,0.2296274185180664,0.15887626228079701,0.21354269713498233,0.07075115623726938,False,False
L13H1,417,13,1,True,False,False,False,1,False,,,178,40,20,-0.0008211135864257812,0.001974336024023216,,0.002795449610448997,True,True
L13H2,418,13,2,False,False,False,True,0,False,,,178,178,89,0.001708984375,0.006187644818525636,0.006909740105103911,0.004478660443525636,False,False
L13H10,426,13,10,False,False,True,True,0,False,,,178,178,89,-0.8156453132629394,-0.8754062066796455,-0.6808159699600734,0.059760893416706096,False,False
L13H14,430,13,14,False,True,False,False,0,False,2,2,178,40,20,-0.006804752349853516,-0.0018259749742580598,,0.004978777375595456,True,True
L13H19,435,13,19,False,True,False,False,0,False,1,1,178,40,20,0.016261863708496093,0.012679560013178192,,0.0035823036953179007,True,True
L13H22,438,13,22,True,False,False,False,1,False,,,178,40,20,0.0014499664306640626,-0.005040678533128976,,0.006490644963793039,True,True
L13H30,446,13,30,False,False,False,True,0,False,,,178,178,89,0.0009002685546875,0.004156375844083893,0.00251370065667656,0.0032561072893963934,False,False
L14H7,455,14,7,False,True,False,False,0,False,2,1,178,40,20,0.01832103729248047,0.03020089923330907,,0.011879861940828601,True,True
L14H10,458,14,10,True,False,False,False,1,True,,,178,40,20,-0.005430841445922851,-0.011051184174688429,,0.005620342728765578,True,True
L14H23,471,14,23,True,False,False,False,1,False,,,178,40,20,-0.20261282920837403,-0.2559907279929586,,0.05337789878458454,True,True
L14H26,474,14,26,False,False,True,True,0,False,,,178,178,89,0.40526065826416013,0.38685306213963566,0.3985126634662071,0.018407596124524472,False,False
L15H0,480,15,0,True,False,False,False,2,False,,,178,40,20,0.0052623748779296875,0.0029961905151793962,,0.0022661843627502913,True,True
L15H2,482,15,2,True,False,False,False,1,False,,,178,40,20,0.014857101440429687,0.012268916813635759,,0.002588184626793928,True,True
L15H3,483,15,3,True,True,False,False,1,True,1,1,178,40,20,-0.11119871139526367,-0.10818099413914711,,0.0030177172561165616,True,True
L15H10,490,15,10,False,False,False,True,0,False,,,178,178,89,0.002605628967285156,-0.0030026415224302183,-0.00146431333563301,0.005608270489715374,False,False
L15H18,498,15,18,True,False,False,False,1,True,,,178,40,20,0.034339070320129395,0.009767041006648724,,0.02457202931348067,True,True
L15H25,505,15,25,False,False,True,True,0,False,,,178,178,89,0.6612307786941528,0.6668913751798734,0.6793103164501404,0.005660596485720593,False,False
L15H27,507,15,27,False,False,False,True,0,False,,,178,178,89,0.010307693481445312,0.0062146842122611625,0.006103997819879082,0.00409300926918415,False,False
L15H28,508,15,28,True,True,False,False,2,False,2,2,178,40,20,0.01098775863647461,0.010487804911360981,,0.000499953725113628,True,True
L15H29,509,15,29,True,False,False,False,1,False,,,178,40,20,0.005626106262207031,0.004074541656326586,,0.0015515646058804448,True,True
L16H0,512,16,0,False,True,False,False,0,False,6,4,178,40,20,-0.014306640625,-0.005777428261517139,,0.008529212363482861,True,True
L16H1,513,16,1,True,True,True,True,8,False,223,76,178,178,89,0.8772293090820312,0.8121692788148864,0.8679152553001147,0.0650600302671448,False,True
L16H2,514,16,2,True,True,False,False,6,False,81,42,178,40,20,0.009399223327636718,0.005731874898996916,,0.0036673484286398024,True,True
L16H4,516,16,4,True,True,False,True,9,True,63,32,178,178,89,0.015938568115234374,0.02427639065341752,0.02572816141535727,0.008337822538183146,False,True
L16H16,528,16,16,True,False,False,False,2,True,,,178,40,20,0.019186019897460938,0.020703682574911796,,0.0015176626774508588,True,True
L16H18,530,16,18,False,False,False,True,0,False,,,178,178,89,0.0036447525024414064,0.0027886805068335256,0.0032192348094468707,0.0008560719956078808,False,False
L16H21,533,16,21,True,True,True,True,8,True,230,79,178,178,89,0.9031507492065429,0.6954315940880876,0.9245236214627041,0.2077191551184553,False,True
L16H24,536,16,24,True,True,False,False,10,True,68,35,178,40,20,-0.07189035415649414,-0.05195106234234036,,0.019939291814153784,True,True
L16H31,543,16,31,True,True,False,False,16,True,23,14,178,40,20,-0.17643308639526367,-0.1935377285797463,,0.017104642184482627,True,True
L17H1,545,17,1,False,False,True,True,0,False,,,178,178,89,5.741884040832519,3.361867394926173,5.701261729336856,2.3800166459063465,False,False
L17H3,547,17,3,False,False,True,True,0,False,,,178,178,89,-0.524808692932129,-0.5400773121666665,-0.5459773085090551,0.015268619234537595,False,False
L17H5,549,17,5,True,False,False,False,5,True,,,178,40,20,-0.007547855377197266,-0.014588695634261108,,0.007040840257063842,True,True
L17H16,560,17,16,False,False,False,True,0,False,,,178,178,89,0.000238037109375,0.0008032669725610738,0.0005978144956438728,0.0005652298631860738,False,False
L17H17,561,17,17,False,False,True,True,0,False,,,178,178,89,0.5068926811218262,0.5266509741816795,0.5325947504365043,0.019758293059853327,False,False
L17H19,563,17,19,False,False,False,True,0,False,,,178,178,89,0.007430744171142578,-0.0045494481658280485,-0.004876790421732356,0.011980192336970626,False,False
L17H24,568,17,24,True,False,True,True,2,False,,,178,178,89,0.4964737892150879,0.4310835927536481,0.43262004316522834,0.06539019646143979,False,True
L18H5,581,18,5,False,False,False,True,0,False,,,178,178,89,-0.006192302703857422,-0.008758814474358485,-0.008214977350127831,0.0025665117705010627,False,False
L18H15,591,18,15,True,False,False,False,2,True,,,178,40,20,0.004854774475097657,0.0039637455869769534,,0.0008910288881207032,True,True
L18H18,594,18,18,False,False,True,True,0,False,,,178,178,89,2.767562675476074,2.226012166463927,2.7036942390913374,0.5415505090121471,False,False
L18H19,595,18,19,True,False,True,True,1,False,,,178,178,89,3.0803802490234373,2.784680172591732,3.0721382344706676,0.2957000764317055,False,True
L18H22,598,18,22,False,False,False,True,0,False,,,178,178,89,0.0702291488647461,0.0857410992474787,0.08317061756434066,0.015511950382732606,False,False
L18H24,600,18,24,False,False,True,True,0,False,,,178,178,89,-0.6463672637939453,-0.6174754404222195,-0.5346279197864319,0.0288918233717258,False,False
L18H26,602,18,26,False,True,False,False,0,False,3,2,178,40,20,0.02610492706298828,0.020952708856987485,,0.005152218206000796,True,True
L19H13,621,19,13,False,False,False,True,0,False,,,178,178,89,-0.00010471343994140625,-0.0062251932411506936,-0.005948725711093859,0.006120479801209287,False,False
L19H16,624,19,16,True,False,True,True,4,True,,,178,178,89,-0.8508807420730591,-0.8286972105021725,-0.8197843251603373,0.022183531570886594,False,True
L19H20,628,19,20,False,False,False,True,0,False,,,178,178,89,-0.0015830039978027345,0.0012648623067822852,0.001910172151715568,0.0028478663045850196,False,False
L19H22,630,19,22,False,False,True,True,0,False,,,178,178,89,0.48919200897216797,0.4152654693828205,0.4289205958334248,0.07392653958934747,False,False
L20H1,641,20,1,False,False,True,True,0,False,,,178,178,89,-1.4342435836791991,-1.6718585003125535,-1.5629723634612693,0.23761491663335432,False,False
L20H6,646,20,6,False,False,False,True,0,False,,,178,178,89,-0.00012683868408203125,0.0006643546213136902,0.0003570706656809603,0.0007911933053957214,False,False
L20H7,647,20,7,True,False,False,False,6,True,,,178,40,20,-0.07729547023773194,-0.043580799358321376,,0.03371467087941056,True,True
L20H14,654,20,14,True,False,False,False,1,False,,,178,40,20,0.013936424255371093,0.01686061259942506,,0.0029241883440539653,True,True
L21H6,678,21,6,False,False,True,True,0,False,,,178,178,89,0.7522012710571289,0.6622701168918376,0.7023398956555998,0.0899311541652913,False,False
L21H11,683,21,11,False,False,False,True,0,False,,,178,178,89,-0.00031223297119140623,0.0001277269843689119,1.3514850916487447e-05,0.0004399599555603181,False,False
L21H18,690,21,18,False,False,True,True,0,False,,,178,178,89,1.8497880935668944,1.4798604700965492,1.7040413363596028,0.36992762347034525,False,False
L21H22,694,21,22,False,False,False,True,0,False,,,178,178,89,0.00032196044921875,-0.00036202272003924664,8.256247874056355e-05,0.0006839831692579967,False,False
L21H23,695,21,23,False,False,True,True,0,False,,,178,178,89,0.6337644577026367,0.6008470050645259,0.6109174931986948,0.032917452638110745,False,False
L21H24,696,21,24,True,False,False,False,1,True,,,178,40,20,0.01803116798400879,0.011280826072527745,,0.006750341911481043,True,True
L21H25,697,21,25,True,False,False,False,4,False,,,178,40,20,0.05524449348449707,0.05129044827105205,,0.003954045213445022,True,True
L21H27,699,21,27,True,False,False,False,2,False,,,178,40,20,0.06289796829223633,0.036162522388622165,,0.026735445903614166,True,True
L22H3,707,22,3,False,False,False,True,0,False,,,178,178,89,0.0012073516845703125,0.002630873619228225,0.0026387257522411563,0.0014235219346579123,False,False
L22H4,708,22,4,False,False,False,True,0,False,,,178,178,89,-0.001923370361328125,-0.0008441891823372061,-0.0006199633137563642,0.001079181178990919,False,False
L22H5,709,22,5,True,False,True,True,2,False,,,178,178,89,1.0682638168334961,0.9502323701548694,0.9824650635880031,0.11803144667862675,False,True
L22H15,719,22,15,False,False,False,True,0,False,,,178,178,89,-1.277923583984375e-05,-0.00017615147896393548,-0.00013231427482004914,0.00016337224312409172,False,False
L22H31,735,22,31,False,False,False,True,0,False,,,178,178,89,0.014155864715576172,0.019442265839224388,0.01868989762295498,0.005286401123648216,False,False
L23H3,739,23,3,False,False,False,True,0,False,,,178,178,89,-0.002283668518066406,0.003394018379929528,0.004780469315775325,0.005677686897995934,False,False
L23H10,746,23,10,True,False,False,False,3,True,,,178,40,20,0.016782760620117188,0.02543333094839132,,0.008650570328274133,True,True
L23H15,751,23,15,True,False,True,True,1,False,,,178,178,89,-0.9492952346801757,-0.9787324628886882,-0.9468907184815138,0.029437228208512467,False,True
L23H17,753,23,17,False,False,False,True,0,False,,,178,178,89,-0.0004932403564453125,-0.00014654492635313902,-0.00037554944499155107,0.0003466954300921735,False,False
L23H19,755,23,19,False,False,False,True,0,False,,,178,178,89,0.0017205238342285155,0.002764927728227183,0.0030851739176203695,0.0010444038939986674,False,False
L23H21,757,23,21,False,True,False,False,0,False,5,5,178,40,20,-0.012764167785644532,-0.0072151860457667135,,0.0055489817398778184,True,True
L24H17,785,24,17,True,False,False,False,1,False,,,178,40,20,0.03552989959716797,0.04838902755180018,,0.012859127954632212,True,True
L24H27,795,24,27,False,False,False,True,0,False,,,178,178,89,0.0018968582153320312,0.001833265898598808,0.001606322406383043,6.359231673322332e-05,False,False
L25H11,811,25,11,False,False,False,True,0,False,,,178,178,89,-0.00034027099609375,4.018633430195826e-05,0.00021147460080264658,0.00038045733039570825,False,False
L25H13,813,25,13,False,False,False,True,0,False,,,178,178,89,0.004630565643310547,0.005977447454038003,0.006096727392646704,0.001346881810727456,False,False
L25H15,815,25,15,False,False,False,True,0,False,,,178,178,89,-0.0005311965942382812,-0.0005017916791780663,-0.00019501568226332075,2.9404915060214903e-05,False,False
L25H17,817,25,17,False,False,True,True,0,False,,,178,178,89,1.3193326950073243,1.1829742432488233,1.267172958073991,0.13635845175850103,False,False
L25H18,818,25,18,True,False,False,False,3,True,,,178,40,20,0.0057316780090332035,-0.0013484170731010564,,0.00708009508213426,True,True
L25H20,820,25,20,False,False,False,True,0,False,,,178,178,89,0.0012451171875,0.00023293263743500085,0.00034789824753664854,0.0010121845500649991,False,False
L25H21,821,25,21,False,False,False,True,0,False,,,178,178,89,0.026913833618164063,0.008910328423829352,0.006917358784193403,0.01800350519433471,False,False
L26H13,845,26,13,False,True,False,False,0,False,1,1,178,40,20,-0.023124551773071288,-0.0004272588837389531,,0.022697292889332334,True,True
L26H23,855,26,23,True,False,True,True,3,True,,,178,178,89,-0.43740090131759646,-0.3751524363388046,-0.36743931556015874,0.062248464978791884,False,True
L26H31,863,26,31,True,False,False,False,4,True,,,178,40,20,0.008524322509765625,0.03131537962040414,,0.022791057110638516,True,True
L27H6,870,27,6,False,False,True,True,0,False,,,178,178,89,3.221560478210449,2.6401399021642544,3.070929406733995,0.5814205760461948,False,False
L27H21,885,27,21,False,False,False,True,0,False,,,178,178,89,-0.007463598251342773,0.00755615312386346,0.005180535691507747,0.015019751375206232,False,False
L27H23,887,27,23,True,False,False,False,4,False,,,178,40,20,-0.0015672683715820313,-0.0012191880386524829,,0.0003480803329295485,True,True
L28H1,897,28,1,False,False,False,True,0,False,,,178,178,89,-0.000409698486328125,-0.0003744491879250122,-0.0002968498830045207,3.524929840311282e-05,False,False
L28H15,911,28,15,False,False,False,True,0,False,,,178,178,89,-0.002044391632080078,-0.001309026464461179,-0.0009634735878933682,0.000735365167618899,False,False
L28H19,915,28,19,False,False,False,True,0,False,,,178,178,89,-0.0010952711105346679,0.0006433582434357468,0.00034010812137903794,0.0017386293539704148,False,False
L28H24,920,28,24,False,False,False,True,0,False,,,178,178,89,0.0008609771728515625,0.000631766061048714,0.00048252170005541167,0.00022921111180284844,False,False
L28H28,924,28,28,False,True,False,False,0,False,1,1,178,40,20,-0.017309188842773438,0.004156640671936565,,0.021465829514710003,True,True
L29H5,933,29,5,False,False,False,True,0,False,,,178,178,89,0.0012933731079101563,0.0010436493459483347,0.001097588056928656,0.00024972376196182164,False,False
L29H14,942,29,14,False,False,False,True,0,False,,,178,178,89,0.007311630249023438,0.0042838897440632216,0.0045068906934073805,0.003027740504960216,False,False
L30H3,963,30,3,True,False,False,False,5,True,,,178,40,20,-0.005191898345947266,0.003612117882061938,,0.008804016228009203,True,True
L30H13,973,30,13,False,False,True,True,0,False,,,178,178,89,0.6981149673461914,0.6722617874424277,0.6320201734478554,0.02585317990376368,False,False
L30H14,974,30,14,False,False,False,True,0,False,,,178,178,89,0.005944538116455078,0.004427853418092945,0.004517914204115278,0.0015166846983621337,False,False
L30H18,978,30,18,False,False,True,True,0,False,,,178,178,89,-1.1451318740844727,-1.0322463976502487,-1.057036999906047,0.11288547643422397,False,False
L31H1,993,31,1,True,False,False,False,1,True,,,178,40,20,-0.006552219390869141,1.2058312115207147e-05,,0.006564277702984348,True,True
L31H10,1002,31,10,False,False,False,True,0,False,,,178,178,89,0.01573190689086914,0.009311176814908015,0.00903026441509804,0.006420730075961124,False,False
L31H16,1008,31,16,False,True,False,False,0,False,1,1,178,40,20,-0.0034070968627929687,-0.0045569740171057666,,0.0011498771543127979,True,True
