config_id,comparator_config_id,source,site,receiver,channel,registry_section,is_direct_comparator,mediators,live_heads,raw_mean_signed,raw_mean_abs,increment_mean_signed,increment_mean_abs,increment_median,increment_std,positive_fraction,negative_fraction,sign_agreement,active_fraction,coherent,heterogeneous,retained,is_slot_control,extension_candidate
chain|src=L15H25|site=query_child_last|recv=L18H18|ch=Q|med=none|live=L16H1,direct_chain|src=L15H25|site=query_child_last|recv=L18H18|ch=Q|med=none|live=none,L15H25,query_child_last,L18H18,Q,chain,False,none,L16H1,0.09452285766601562,0.09452285766601562,0.09452285766601562,0.09452285766601562,0.082305908203125,0.050142620057566305,1.0,0.0,1.0,0.35,False,False,False,False,False
chain|src=L15H25|site=query_sentence|recv=L18H18|ch=Q|med=none|live=L16H21,direct_chain|src=L15H25|site=query_sentence|recv=L18H18|ch=Q|med=none|live=none,L15H25,query_sentence,L18H18,Q,chain,False,none,L16H21,0.09303722381591797,0.09303722381591797,0.09303722381591797,0.09303722381591797,0.07826042175292969,0.04899013125503405,1.0,0.0,1.0,0.35,False,False,False,False,False
chain|src=L17H1|site=query_writer_union|recv=L21H18|ch=Q|med=none|live=L18H18,direct_chain|src=L17H1|site=query_writer_union|recv=L21H18|ch=Q|med=none|live=none,L17H1,query_writer_union,L21H18,Q,chain,False,none,L18H18,0.08950557708740234,0.08950557708740234,0.08950557708740234,0.08950557708740234,0.070953369140625,0.0667936355901114,1.0,0.0,1.0,0.2,False,False,False,False,False
local|src=L20H7|site=colon|recv=residual_to_logits|ch=bypass|med=block21|live=none,local|src=L20H7|site=colon|recv=residual_to_logits|ch=bypass|med=none|live=none,L20H7,colon,residual_to_logits,bypass,local,False,block21,none,0.03748971223831177,0.11055718660354615,0.0029049038887023924,0.08876608610153199,-0.017333984375,0.1345757794022389,0.45,0.55,0.45,0.3,False,False,False,False,False
chain|src=L15H25|site=query_sentence|recv=L18H19|ch=Q|med=none|live=L16H1,direct_chain|src=L15H25|site=query_sentence|recv=L18H19|ch=Q|med=none|live=none,L15H25,query_sentence,L18H19,Q,chain,False,none,L16H1,0.08119773864746094,0.08119773864746094,0.08119773864746094,0.08119773864746094,0.06465911865234375,0.042820088595771036,1.0,0.0,1.0,0.35,False,False,False,False,False
chain|src=L15H25|site=query_child_last|recv=L18H18|ch=Q|med=none|live=L16H21,direct_chain|src=L15H25|site=query_child_last|recv=L18H18|ch=Q|med=none|live=none,L15H25,query_child_last,L18H18,Q,chain,False,none,L16H21,0.07460899353027343,0.07460899353027343,0.07460899353027343,0.07460899353027343,0.05908203125,0.04489342716203272,1.0,0.0,1.0,0.25,False,False,False,False,False
chain|src=L17H1|site=query_writer_union|recv=L21H6|ch=Q|med=none|live=L18H19,direct_chain|src=L17H1|site=query_writer_union|recv=L21H6|ch=Q|med=none|live=none,L17H1,query_writer_union,L21H6,Q,chain,False,none,L18H19,0.06824860572814942,0.06824860572814942,0.06824860572814942,0.06824860572814942,0.054962158203125,0.04910496825937669,1.0,0.0,1.0,0.15,False,False,False,False,False
chain|src=L15H25|site=query_child_last|recv=L18H19|ch=Q|med=none|live=L16H1,direct_chain|src=L15H25|site=query_child_last|recv=L18H19|ch=Q|med=none|live=none,L15H25,query_child_last,L18H19,Q,chain,False,none,L16H1,0.06151885986328125,0.06151885986328125,0.06151885986328125,0.06151885986328125,0.04799652099609375,0.03679893073374933,1.0,0.0,1.0,0.2,False,False,False,False,False
chain|src=L17H1|site=query_writer_union|recv=L22H5|ch=Q|med=none|live=L18H19,direct_chain|src=L17H1|site=query_writer_union|recv=L22H5|ch=Q|med=none|live=none,L17H1,query_writer_union,L22H5,Q,chain,False,none,L18H19,0.05706787109375,0.05719757080078125,0.05706787109375,0.05719757080078125,0.054901123046875,0.035004053239252354,0.95,0.05,0.95,0.1,False,False,False,False,False
chain|src=L15H25|site=query_sentence|recv=L18H19|ch=Q|med=none|live=L16H21,direct_chain|src=L15H25|site=query_sentence|recv=L18H19|ch=Q|med=none|live=none,L15H25,query_sentence,L18H19,Q,chain,False,none,L16H21,0.056948280334472655,0.056948280334472655,0.056948280334472655,0.056948280334472655,0.05123138427734375,0.03365861829514527,1.0,0.0,1.0,0.15,False,False,False,False,False
local|src=L8H15|site=other_answer_fact_sentence|recv=L18H18|ch=K|med=MLP8|live=none,local|src=L8H15|site=other_answer_fact_sentence|recv=L18H18|ch=K|med=none|live=none,L8H15,other_answer_fact_sentence,L18H18,K,local,False,MLP8,none,0.10118045806884765,0.10469989776611328,0.0384185791015625,0.050199127197265624,0.037353515625,0.04846810220835856,0.7,0.3,0.7,0.1,False,False,False,False,False
local|src=L20H7|site=colon|recv=L27H6|ch=Q|med=MLP20+block21+block22|live=none,local|src=L20H7|site=colon|recv=L27H6|ch=Q|med=none|live=none,L20H7,colon,L27H6,Q,local,False,MLP20+block21+block22,none,-0.04484500885009766,0.07676906585693359,-0.03644008636474609,0.04796161651611328,-0.04071044921875,0.05062348872653066,0.35,0.65,0.65,0.1,False,False,False,False,False
chain|src=L17H1|site=query_writer_union|recv=L21H18|ch=Q|med=none|live=L18H19,direct_chain|src=L17H1|site=query_writer_union|recv=L21H18|ch=Q|med=none|live=none,L17H1,query_writer_union,L21H18,Q,chain,False,none,L18H19,0.0456939697265625,0.0456939697265625,0.0456939697265625,0.0456939697265625,0.039005279541015625,0.03492739891599445,1.0,0.0,1.0,0.05,False,False,False,False,False
chain|src=L15H25|site=query_child_last|recv=L18H19|ch=Q|med=none|live=L16H21,direct_chain|src=L15H25|site=query_child_last|recv=L18H19|ch=Q|med=none|live=none,L15H25,query_child_last,L18H19,Q,chain,False,none,L16H21,0.04534225463867188,0.04534225463867188,0.04534225463867188,0.04534225463867188,0.04018402099609375,0.02903024397884265,1.0,0.0,1.0,0.0,False,False,False,False,False
local|src=L8H15|site=query_sentence|recv=L18H18|ch=K|med=MLP8|live=none,local|src=L8H15|site=query_sentence|recv=L18H18|ch=K|med=none|live=none,L8H15,query_sentence,L18H18,K,local,False,MLP8,none,-0.0017556190490722657,0.057392215728759764,-0.04014501571655273,0.043538570404052734,-0.03411865234375,0.036784395276733,0.1,0.9,0.9,0.05,False,False,False,False,False
local|src=L20H7|site=colon|recv=L30H18|ch=Q|med=MLP20+block21+block22|live=none,local|src=L20H7|site=colon|recv=L30H18|ch=Q|med=none|live=none,L20H7,colon,L30H18,Q,local,False,MLP20+block21+block22,none,-0.006284523010253906,0.05055103302001953,-0.01114482879638672,0.04050579071044922,-0.0136871337890625,0.0684514097108541,0.3,0.7,0.7,0.1,False,False,False,False,False
local|src=L8H15|site=other_answer_fact_sentence|recv=L18H18|ch=V|med=MLP8+MLP9|live=none,local|src=L8H15|site=other_answer_fact_sentence|recv=L18H18|ch=V|med=none|live=none,L8H15,other_answer_fact_sentence,L18H18,V,local,False,MLP8+MLP9,none,-0.0752634048461914,0.0752634048461914,0.039113426208496095,0.039113426208496095,0.034671783447265625,0.02202747712676506,1.0,0.0,1.0,0.0,False,False,False,False,False
local|src=L8H15|site=other_answer_fact_sentence|recv=L18H18|ch=V|med=MLP9|live=none,local|src=L8H15|site=other_answer_fact_sentence|recv=L18H18|ch=V|med=none|live=none,L8H15,other_answer_fact_sentence,L18H18,V,local,False,MLP9,none,-0.07641525268554687,0.07641525268554687,0.037961578369140624,0.037961578369140624,0.029449462890625,0.022539552231244105,1.0,0.0,1.0,0.0,False,False,False,False,False
local|src=L8H15|site=other_answer_fact_sentence|recv=L18H18|ch=K|med=MLP8+MLP9|live=none,local|src=L8H15|site=other_answer_fact_sentence|recv=L18H18|ch=K|med=none|live=none,L8H15,other_answer_fact_sentence,L18H18,K,local,False,MLP8+MLP9,none,0.06433696746826172,0.0705404281616211,0.0015750885009765624,0.03640251159667969,0.00255584716796875,0.05398921957652802,0.5,0.5,0.5,0.1,False,False,False,False,False
local|src=L8H15|site=query_sentence|recv=L18H18|ch=K|med=MLP8+MLP9|live=none,local|src=L8H15|site=query_sentence|recv=L18H18|ch=K|med=none|live=none,L8H15,query_sentence,L18H18,K,local,False,MLP8+MLP9,none,0.02781219482421875,0.04452438354492187,-0.010577201843261719,0.03517169952392578,-0.0048675537109375,0.059778348816846884,0.45,0.55,0.55,0.05,False,False,False,False,False
local|src=L8H15|site=query_sentence|recv=L18H18|ch=V|med=MLP8|live=none,local|src=L8H15|site=query_sentence|recv=L18H18|ch=V|med=none|live=none,L8H15,query_sentence,L18H18,V,local,False,MLP8,none,0.44386987686157225,0.44386987686157225,-0.033496856689453125,0.033496856689453125,-0.024623870849609375,0.0274254342814077,0.0,1.0,1.0,0.05,False,False,False,False,False
local|src=L8H15|site=query_sentence|recv=L18H19|ch=K|med=MLP8|live=none,local|src=L8H15|site=query_sentence|recv=L18H19|ch=K|med=none|live=none,L8H15,query_sentence,L18H19,K,local,False,MLP8,none,-0.017206573486328126,0.036998748779296875,-0.02897186279296875,0.03272552490234375,-0.028411865234375,0.02873383210416687,0.15,0.8,0.8,0.0,False,False,False,False,False
local|src=L20H7|site=colon|recv=L27H6|ch=Q|med=block22|live=none,local|src=L20H7|site=colon|recv=L27H6|ch=Q|med=none|live=none,L20H7,colon,L27H6,Q,local,False,block22,none,-0.02556300163269043,0.05665850639343262,-0.017158079147338866,0.028250837326049806,-0.015338897705078125,0.034019699234020824,0.3,0.7,0.7,0.0,False,False,False,False,False
local|src=L8H15|site=query_sentence|recv=L18H18|ch=K|med=MLP9|live=none,local|src=L8H15|site=query_sentence|recv=L18H18|ch=K|med=none|live=none,L8H15,query_sentence,L18H18,K,local,False,MLP9,none,0.034801292419433597,0.04932270050048828,-0.003588104248046875,0.027776336669921874,0.00034332275390625,0.043304083362714504,0.5,0.5,0.5,0.05,False,False,False,False,False
local|src=L20H7|site=colon|recv=L27H6|ch=Q|med=block21|live=none,local|src=L20H7|site=colon|recv=L27H6|ch=Q|med=none|live=none,L20H7,colon,L27H6,Q,local,False,block21,none,-0.018336951732635498,0.049844443798065186,-0.009932029247283935,0.027094733715057374,-0.0006256103515625,0.03221137075573475,0.5,0.5,0.5,0.0,False,False,False,False,False
local|src=L8H15|site=query_sentence|recv=L18H19|ch=K|med=MLP8+MLP9|live=none,local|src=L8H15|site=query_sentence|recv=L18H19|ch=K|med=none|live=none,L8H15,query_sentence,L18H19,K,local,False,MLP8+MLP9,none,0.0037679672241210938,0.03258380889892578,-0.00799732208251953,0.02450389862060547,0.0042400360107421875,0.03325856055469704,0.55,0.45,0.45,0.0,False,False,False,False,False
local|src=L20H7|site=colon|recv=L30H18|ch=Q|med=block22|live=none,local|src=L20H7|site=colon|recv=L30H18|ch=Q|med=none|live=none,L20H7,colon,L30H18,Q,local,False,block22,none,0.005762672424316407,0.03993511199951172,0.0009023666381835938,0.023869895935058595,0.0064697265625,0.04579636684802295,0.75,0.25,0.75,0.05,False,False,False,False,False
local|src=L16H31|site=colon|recv=residual_to_logits|ch=bypass|med=MLP16+block17+block18|live=none,local|src=L16H31|site=colon|recv=residual_to_logits|ch=bypass|med=none|live=none,L16H31,colon,residual_to_logits,bypass,local,False,MLP16+block17+block18,none,-0.02432117462158203,0.02432117462158203,-0.023853302001953125,0.023853302001953125,-0.0179595947265625,0.013426785401299166,0.0,1.0,1.0,0.0,False,False,False,False,False
local|src=L26H23|site=colon|recv=L30H18|ch=Q|med=MLP26+block27+block28|live=none,local|src=L26H23|site=colon|recv=L30H18|ch=Q|med=none|live=none,L26H23,colon,L30H18,Q,local,False,MLP26+block27+block28,none,-0.01598968505859375,0.02062835693359375,0.02088031768798828,0.02373218536376953,0.014862060546875,0.02488161519737201,0.85,0.15,0.85,0.0,False,False,False,False,False
local|src=L8H15|site=query_sentence|recv=L18H19|ch=V|med=MLP8|live=none,local|src=L8H15|site=query_sentence|recv=L18H19|ch=V|med=none|live=none,L8H15,query_sentence,L18H19,V,local,False,MLP8,none,0.4487277626991272,0.4487277626991272,-0.0032460570335388185,0.023413336277008055,-0.0033111572265625,0.03026895004511407,0.45,0.55,0.55,0.0,False,False,False,False,False
local|src=L26H23|site=colon|recv=L30H18|ch=Q|med=block27|live=none,local|src=L26H23|site=colon|recv=L30H18|ch=Q|med=none|live=none,L26H23,colon,L30H18,Q,local,False,block27,none,-0.018420028686523437,0.023270797729492188,0.018449974060058594,0.022540855407714843,0.013763427734375,0.02272085797121389,0.9,0.1,0.9,0.0,False,False,False,False,False
local|src=L20H7|site=colon|recv=L23H15|ch=Q|med=MLP20+block21+block22|live=none,local|src=L20H7|site=colon|recv=L23H15|ch=Q|med=none|live=none,L20H7,colon,L23H15,Q,local,False,MLP20+block21+block22,none,0.00428924560546875,0.02214508056640625,0.0123382568359375,0.022008514404296874,0.0074462890625,0.02985459762470324,0.75,0.25,0.75,0.0,False,False,False,False,False
local|src=L16H31|site=colon|recv=residual_to_logits|ch=bypass|med=block18|live=none,local|src=L16H31|site=colon|recv=residual_to_logits|ch=bypass|med=none|live=none,L16H31,colon,residual_to_logits,bypass,local,False,block18,none,-0.02190570831298828,0.02190570831298828,-0.021437835693359376,0.021437835693359376,-0.01898193359375,0.011771462311384684,0.0,1.0,1.0,0.0,False,False,False,False,False
local|src=L8H15|site=query_sentence|recv=L16H1|ch=K|med=MLP8|live=none,local|src=L8H15|site=query_sentence|recv=L16H1|ch=K|med=none|live=none,L8H15,query_sentence,L16H1,K,local,False,MLP8,none,-0.0032115936279296874,0.014184188842773438,-0.01248016357421875,0.020086669921875,-0.01300048828125,0.02090448350931436,0.25,0.75,0.75,0.0,False,False,False,False,False
local|src=L8H15|site=other_answer_fact_sentence|recv=L18H18|ch=K|med=MLP9|live=none,local|src=L8H15|site=other_answer_fact_sentence|recv=L18H18|ch=K|med=none|live=none,L8H15,other_answer_fact_sentence,L18H18,K,local,False,MLP9,none,0.055878067016601564,0.057426071166992186,-0.006883811950683594,0.019801521301269533,0.00276947021484375,0.04050452695601013,0.55,0.45,0.45,0.05,False,False,False,False,False
local|src=L26H23|site=colon|recv=residual_to_logits|ch=bypass|med=MLP26|live=none,local|src=L26H23|site=colon|recv=residual_to_logits|ch=bypass|med=none|live=none,L26H23,colon,residual_to_logits,bypass,local,False,MLP26,none,-0.22736721038818358,0.22736721038818358,-0.01709613800048828,0.019767951965332032,-0.00411224365234375,0.03747146333936793,0.25,0.75,0.75,0.05,False,False,False,False,False
local|src=L8H15|site=query_sentence|recv=L18H19|ch=K|med=MLP9|live=none,local|src=L8H15|site=query_sentence|recv=L18H19|ch=K|med=none|live=none,L8H15,query_sentence,L18H19,K,local,False,MLP9,none,0.012466049194335938,0.030967330932617186,0.0007007598876953125,0.01876411437988281,0.00054168701171875,0.02428139355681449,0.5,0.5,0.5,0.0,False,False,False,False,False
local|src=L8H15|site=other_answer_fact_sentence|recv=L18H19|ch=V|med=MLP9|live=none,local|src=L8H15|site=other_answer_fact_sentence|recv=L18H19|ch=V|med=none|live=none,L8H15,other_answer_fact_sentence,L18H19,V,local,False,MLP9,none,-0.03185882568359375,0.03185882568359375,0.018491744995117188,0.018491744995117188,0.01512908935546875,0.014690203869303505,1.0,0.0,1.0,0.0,False,False,False,False,False
local|src=L20H7|site=colon|recv=L30H18|ch=Q|med=block21|live=none,local|src=L20H7|site=colon|recv=L30H18|ch=Q|med=none|live=none,L20H7,colon,L30H18,Q,local,False,block21,none,0.003138160705566406,0.044164848327636716,-0.0017221450805664062,0.015601158142089844,-0.00160980224609375,0.025893224435062555,0.5,0.5,0.5,0.0,False,False,False,False,False
local|src=L20H7|site=colon|recv=L23H15|ch=Q|med=block22|live=none,local|src=L20H7|site=colon|recv=L23H15|ch=Q|med=none|live=none,L20H7,colon,L23H15,Q,local,False,block22,none,0.004988479614257813,0.016993331909179687,0.013037490844726562,0.015229415893554688,0.005096435546875,0.023125080440668206,0.75,0.25,0.75,0.0,False,False,False,False,False
local|src=L20H7|site=colon|recv=L30H18|ch=Q|med=MLP20|live=none,local|src=L20H7|site=colon|recv=L30H18|ch=Q|med=none|live=none,L20H7,colon,L30H18,Q,local,False,MLP20,none,0.0005985260009765625,0.030395889282226564,-0.00426177978515625,0.01472625732421875,-0.00140380859375,0.019638230534406845,0.5,0.5,0.5,0.0,False,False,False,False,False
local|src=L8H15|site=query_sentence|recv=L16H21|ch=K|med=MLP8+MLP9|live=none,local|src=L8H15|site=query_sentence|recv=L16H21|ch=K|med=none|live=none,L8H15,query_sentence,L16H21,K,local,False,MLP8+MLP9,none,0.008393001556396485,0.01624612808227539,0.0017733573913574219,0.014223957061767578,-0.0016326904296875,0.021102222714702065,0.35,0.65,0.35,0.0,False,False,False,False,False
local|src=L8H15|site=query_sentence|recv=L16H21|ch=K|med=MLP8|live=none,local|src=L8H15|site=query_sentence|recv=L16H21|ch=K|med=none|live=none,L8H15,query_sentence,L16H21,K,local,False,MLP8,none,0.009363746643066407,0.01904430389404297,0.002744102478027344,0.013666725158691407,0.002899169921875,0.01985133688934081,0.6,0.4,0.6,0.0,False,False,False,False,False
local|src=L20H7|site=colon|recv=L25H17|ch=Q|med=MLP20+block21+block22|live=none,local|src=L20H7|site=colon|recv=L25H17|ch=Q|med=none|live=none,L20H7,colon,L25H17,Q,local,False,MLP20+block21+block22,none,-0.0035994529724121095,0.015828609466552734,0.006443119049072266,0.013573741912841797,0.0052490234375,0.017420441916905928,0.75,0.25,0.75,0.0,False,False,False,False,False
local|src=L20H7|site=colon|recv=L23H15|ch=Q|med=block21|live=none,local|src=L20H7|site=colon|recv=L23H15|ch=Q|med=none|live=none,L20H7,colon,L23H15,Q,local,False,block21,none,-0.008476066589355468,0.021720695495605468,-0.00042705535888671876,0.013254737854003907,0.00054931640625,0.01874550785629218,0.5,0.5,0.5,0.0,False,False,False,False,False
local|src=L8H15|site=other_answer_fact_sentence|recv=L18H19|ch=V|med=MLP8+MLP9|live=none,local|src=L8H15|site=other_answer_fact_sentence|recv=L18H19|ch=V|med=none|live=none,L8H15,other_answer_fact_sentence,L18H19,V,local,False,MLP8+MLP9,none,-0.037537574768066406,0.037537574768066406,0.012812995910644531,0.013038825988769532,0.0100555419921875,0.010932212086296847,0.95,0.05,0.95,0.0,False,False,False,False,False
local|src=L20H7|site=colon|recv=L25H17|ch=Q|med=block21|live=none,local|src=L20H7|site=colon|recv=L25H17|ch=Q|med=none|live=none,L20H7,colon,L25H17,Q,local,False,block21,none,-0.007444000244140625,0.013206100463867188,0.00259857177734375,0.0125701904296875,0.003643035888671875,0.018517537650928628,0.7,0.3,0.7,0.0,False,False,False,False,False
local|src=L8H15|site=other_answer_fact_sentence|recv=L18H19|ch=K|med=MLP8|live=none,local|src=L8H15|site=other_answer_fact_sentence|recv=L18H19|ch=K|med=none|live=none,L8H15,other_answer_fact_sentence,L18H19,K,local,False,MLP8,none,0.027239608764648437,0.029668807983398438,0.00819568634033203,0.01241474151611328,0.00653076171875,0.014036693791762651,0.7,0.3,0.7,0.0,False,False,False,False,False
local|src=L8H15|site=query_sentence|recv=L16H21|ch=V|med=MLP8+MLP9|live=none,local|src=L8H15|site=query_sentence|recv=L16H21|ch=V|med=none|live=none,L8H15,query_sentence,L16H21,V,local,False,MLP8+MLP9,none,0.01455841064453125,0.0156280517578125,-0.011234664916992187,0.011703109741210938,-0.009860992431640625,0.0115311481534631,0.1,0.9,0.9,0.0,False,False,False,False,False
local|src=L8H15|site=query_sentence|recv=L16H1|ch=K|med=MLP8+MLP9|live=none,local|src=L8H15|site=query_sentence|recv=L16H1|ch=K|med=none|live=none,L8H15,query_sentence,L16H1,K,local,False,MLP8+MLP9,none,0.004122734069824219,0.010161781311035156,-0.005145835876464844,0.011548042297363281,-0.0017852783203125,0.014062498167581868,0.45,0.55,0.55,0.0,False,False,False,False,False
local|src=L16H31|site=colon|recv=L19H16|ch=Q|med=block18|live=none,local|src=L16H31|site=colon|recv=L19H16|ch=Q|med=none|live=none,L16H31,colon,L19H16,Q,local,False,block18,none,0.019985389709472657,0.019985389709472657,0.0107208251953125,0.0107208251953125,0.009857177734375,0.006944668506148572,1.0,0.0,1.0,0.0,False,False,False,False,False
local|src=L8H15|site=query_sentence|recv=L16H21|ch=V|med=MLP9|live=none,local|src=L8H15|site=query_sentence|recv=L16H21|ch=V|med=none|live=none,L8H15,query_sentence,L16H21,V,local,False,MLP9,none,0.01639080047607422,0.017085456848144533,-0.009402275085449219,0.010147666931152344,-0.007110595703125,0.009561711673164571,0.15,0.85,0.85,0.0,False,False,False,False,False
local|src=L20H7|site=colon|recv=residual_to_logits|ch=bypass|med=MLP20|live=none,local|src=L20H7|site=colon|recv=residual_to_logits|ch=bypass|med=none|live=none,L20H7,colon,residual_to_logits,bypass,local,False,MLP20,none,0.036166954040527347,0.06578617095947266,0.0015821456909179688,0.010032081604003906,-0.00128173828125,0.013418246462383541,0.45,0.55,0.45,0.0,False,False,False,False,False
local|src=L16H31|site=colon|recv=L19H16|ch=Q|med=MLP16+block17+block18|live=none,local|src=L16H31|site=colon|recv=L19H16|ch=Q|med=none|live=none,L16H31,colon,L19H16,Q,local,False,MLP16+block17+block18,none,0.019025611877441406,0.019025611877441406,0.00976104736328125,0.00976104736328125,0.009002685546875,0.0064861480331986545,1.0,0.0,1.0,0.0,False,False,False,False,False
local|src=L8H15|site=query_sentence|recv=L16H21|ch=K|med=MLP9|live=none,local|src=L8H15|site=query_sentence|recv=L16H21|ch=K|med=none|live=none,L8H15,query_sentence,L16H21,K,local,False,MLP9,none,0.006815719604492188,0.015755844116210938,0.000196075439453125,0.009627532958984376,-0.0006103515625,0.01308464074676869,0.45,0.5,0.45,0.0,False,False,False,False,False
local|src=L13H18|site=fact1_mother|recv=L18H18|ch=K|med=MLP13+MLP14|live=none,direct_l13_primary|src=L13H18|site=fact1_mother|recv=L18H18|ch=K|med=none|live=none,L13H18,fact1_mother,L18H18,K,local,False,MLP13+MLP14,none,0.024274253845214845,0.026889610290527343,0.0016622543334960938,0.008713722229003906,-0.001861572265625,0.012961224413343075,0.45,0.55,0.45,0.0,False,False,False,False,False
local|src=L8H15|site=query_sentence|recv=L16H1|ch=V|med=MLP8+MLP9|live=none,local|src=L8H15|site=query_sentence|recv=L16H1|ch=V|med=none|live=none,L8H15,query_sentence,L16H1,V,local,False,MLP8+MLP9,none,0.045110130310058595,0.045110130310058595,-0.006041145324707032,0.00865001678466797,-0.0072174072265625,0.009232035561147548,0.3,0.7,0.7,0.0,False,False,False,False,False
local|src=L8H15|site=other_answer_fact_sentence|recv=L18H19|ch=K|med=MLP8+MLP9|live=none,local|src=L8H15|site=other_answer_fact_sentence|recv=L18H19|ch=K|med=none|live=none,L8H15,other_answer_fact_sentence,L18H19,K,local,False,MLP8+MLP9,none,0.018349075317382814,0.021455764770507812,-0.0006948471069335938,0.008647727966308593,-0.003021240234375,0.01163073057197881,0.4,0.6,0.6,0.0,False,False,False,False,False
local|src=L20H7|site=colon|recv=L27H6|ch=Q|med=MLP20|live=none,local|src=L20H7|site=colon|recv=L27H6|ch=Q|med=none|live=none,L20H7,colon,L27H6,Q,local,False,MLP20,none,-0.010323143005371094,0.034714698791503906,-0.0019182205200195313,0.008623313903808594,-0.0020904541015625,0.01156894487696836,0.4,0.6,0.6,0.0,False,False,False,False,False
local|src=L8H15|site=other_answer_fact_sentence|recv=L18H19|ch=K|med=MLP9|live=none,local|src=L8H15|site=other_answer_fact_sentence|recv=L18H19|ch=K|med=none|live=none,L8H15,other_answer_fact_sentence,L18H19,K,local,False,MLP9,none,0.019417762756347656,0.020884132385253905,0.00037384033203125,0.00856781005859375,-0.00099945068359375,0.011049469816026239,0.5,0.5,0.5,0.0,False,False,False,False,False
local|src=L8H15|site=query_sentence|recv=L16H1|ch=V|med=MLP9|live=none,local|src=L8H15|site=query_sentence|recv=L16H1|ch=V|med=none|live=none,L8H15,query_sentence,L16H1,V,local,False,MLP9,none,0.045859146118164065,0.045859146118164065,-0.005292129516601562,0.008534622192382813,-0.0037994384765625,0.009639338561917577,0.3,0.7,0.7,0.0,False,False,False,False,False
local|src=L20H7|site=colon|recv=L25H17|ch=Q|med=block22|live=none,local|src=L20H7|site=colon|recv=L25H17|ch=Q|med=none|live=none,L20H7,colon,L25H17,Q,local,False,block22,none,-0.004998588562011718,0.019027900695800782,0.005043983459472656,0.008070564270019532,0.001220703125,0.012362976180661784,0.6,0.4,0.6,0.0,False,False,False,False,False
local|src=L8H15|site=query_sentence|recv=L16H1|ch=K|med=MLP9|live=none,local|src=L8H15|site=query_sentence|recv=L16H1|ch=K|med=none|live=none,L8H15,query_sentence,L16H1,K,local,False,MLP9,none,0.00916290283203125,0.016191864013671876,-0.0001056671142578125,0.0077533721923828125,-0.002536773681640625,0.008861560727737892,0.45,0.55,0.55,0.0,False,False,False,False,False
local|src=L13H18|site=fact3_template|recv=L18H18|ch=K|med=MLP13+MLP14|live=none,direct_l13_primary|src=L13H18|site=fact3_template|recv=L18H18|ch=K|med=none|live=none,L13H18,fact3_template,L18H18,K,local,False,MLP13+MLP14,none,0.030817413330078126,0.03383560180664062,0.0011754989624023437,0.007697486877441406,-0.000885009765625,0.009605666554138028,0.45,0.55,0.45,0.0,False,False,False,False,False
local|src=L8H15|site=other_answer_fact_sentence|recv=L16H1|ch=K|med=MLP8|live=none,local|src=L8H15|site=other_answer_fact_sentence|recv=L16H1|ch=K|med=none|live=none,L8H15,other_answer_fact_sentence,L16H1,K,local,False,MLP8,none,0.010563468933105469,0.012550544738769532,0.006383705139160156,0.007063865661621094,0.00555419921875,0.007029797879488498,0.8,0.2,0.8,0.0,False,False,False,False,False
local|src=L8H15|site=other_answer_fact_sentence|recv=L18H19|ch=V|med=MLP8|live=none,local|src=L8H15|site=other_answer_fact_sentence|recv=L18H19|ch=V|med=none|live=none,L8H15,other_answer_fact_sentence,L18H19,V,local,False,MLP8,none,-0.056229591369628906,0.056229591369628906,-0.005879020690917969,0.006756401062011719,-0.00542449951171875,0.005896930436998223,0.2,0.8,0.8,0.0,False,False,False,False,False
local|src=L16H31|site=colon|recv=L21H6|ch=Q|med=MLP16+block17+block18|live=none,local|src=L16H31|site=colon|recv=L21H6|ch=Q|med=none|live=none,L16H31,colon,L21H6,Q,local,False,MLP16+block17+block18,none,-0.00861053466796875,0.00885772705078125,-0.005286407470703125,0.006340789794921875,-0.00384521484375,0.006789065542778349,0.2,0.8,0.8,0.0,False,False,False,False,False
local|src=L16H31|site=colon|recv=L21H6|ch=Q|med=block18|live=none,local|src=L16H31|site=colon|recv=L21H6|ch=Q|med=none|live=none,L16H31,colon,L21H6,Q,local,False,block18,none,-0.008768463134765625,0.009024810791015626,-0.0054443359375,0.00607757568359375,-0.0029888153076171875,0.00709453448694944,0.15,0.85,0.85,0.0,False,False,False,False,False
local|src=L16H31|site=colon|recv=L21H18|ch=Q|med=block18|live=none,local|src=L16H31|site=colon|recv=L21H18|ch=Q|med=none|live=none,L16H31,colon,L21H18,Q,local,False,block18,none,-0.009952354431152343,0.010382652282714844,-0.004822540283203125,0.005692672729492187,-0.00406646728515625,0.0065403018842559585,0.15,0.85,0.85,0.0,False,False,False,False,False
local|src=L8H15|site=query_sentence|recv=L16H21|ch=V|med=MLP8|live=none,local|src=L8H15|site=query_sentence|recv=L16H21|ch=V|med=none|live=none,L8H15,query_sentence,L16H21,V,local,False,MLP8,none,0.025084304809570312,0.025471878051757813,-0.000708770751953125,0.00563201904296875,-0.000762939453125,0.007089240667075504,0.5,0.5,0.5,0.0,False,False,False,False,False
local|src=L16H31|site=colon|recv=L21H18|ch=Q|med=MLP16+block17+block18|live=none,local|src=L16H31|site=colon|recv=L21H18|ch=Q|med=none|live=none,L16H31,colon,L21H18,Q,local,False,MLP16+block17+block18,none,-0.010024070739746094,0.010368919372558594,-0.004894256591796875,0.005614471435546875,-0.003753662109375,0.006056310031700993,0.1,0.9,0.9,0.0,False,False,False,False,False
local|src=L8H15|site=query_sentence|recv=L16H1|ch=V|med=MLP8|live=none,local|src=L8H15|site=query_sentence|recv=L16H1|ch=V|med=none|live=none,L8H15,query_sentence,L16H1,V,local,False,MLP8,none,0.050528526306152344,0.050528526306152344,-0.0006227493286132812,0.005608940124511718,-0.0018768310546875,0.006658028111366276,0.4,0.6,0.6,0.0,False,False,False,False,False
local|src=L13H18|site=fact3_template|recv=L18H19|ch=K|med=MLP14|live=none,direct_l13_primary|src=L13H18|site=fact3_template|recv=L18H19|ch=K|med=none|live=none,L13H18,fact3_template,L18H19,K,local,False,MLP14,none,0.016233253479003906,0.022937202453613283,-0.0034883499145507814,0.005389595031738281,-0.00323486328125,0.0060980378811287105,0.3,0.7,0.7,0.0,False,False,False,False,False
local|src=L20H7|site=colon|recv=L25H17|ch=Q|med=MLP20|live=none,local|src=L20H7|site=colon|recv=L25H17|ch=Q|med=none|live=none,L20H7,colon,L25H17,Q,local,False,MLP20,none,-0.010831069946289063,0.017974090576171876,-0.0007884979248046875,0.005379104614257812,-0.002166748046875,0.006795256286117953,0.4,0.6,0.6,0.0,False,False,False,False,False
local|src=L13H18|site=fact3_template|recv=L18H18|ch=K|med=MLP14|live=none,direct_l13_primary|src=L13H18|site=fact3_template|recv=L18H18|ch=K|med=none|live=none,L13H18,fact3_template,L18H18,K,local,False,MLP14,none,0.02921142578125,0.033758544921875,-0.00043048858642578123,0.005347633361816406,-0.0016326904296875,0.006842161702002815,0.35,0.6,0.6,0.0,False,False,False,False,False
local|src=L13H18|site=fact3_template|recv=L18H18|ch=K|med=MLP13|live=none,direct_l13_primary|src=L13H18|site=fact3_template|recv=L18H18|ch=K|med=none|live=none,L13H18,fact3_template,L18H18,K,local,False,MLP13,none,0.03224964141845703,0.03730792999267578,0.00260772705078125,0.005280685424804687,0.0033721923828125,0.006876409732218806,0.8,0.2,0.8,0.0,False,False,False,False,False
local|src=L26H23|site=colon|recv=L30H18|ch=Q|med=block28|live=none,local|src=L26H23|site=colon|recv=L30H18|ch=Q|med=none|live=none,L26H23,colon,L30H18,Q,local,False,block28,none,-0.034180068969726564,0.034689712524414065,0.0026899337768554687,0.005259513854980469,0.00101470947265625,0.0072902533183507355,0.6,0.35,0.6,0.0,False,False,False,False,False
local|src=L13H18|site=fact3_template|recv=L18H19|ch=K|med=MLP13+MLP14|live=none,direct_l13_primary|src=L13H18|site=fact3_template|recv=L18H19|ch=K|med=none|live=none,L13H18,fact3_template,L18H19,K,local,False,MLP13+MLP14,none,0.01662731170654297,0.024670219421386717,-0.0030942916870117187,0.005183219909667969,-0.002498626708984375,0.0060680656504335136,0.25,0.7,0.7,0.0,False,False,False,False,False
local|src=L13H18|site=fact3_mother|recv=L18H18|ch=K|med=MLP13+MLP14|live=none,direct_l13_primary|src=L13H18|site=fact3_mother|recv=L18H18|ch=K|med=none|live=none,L13H18,fact3_mother,L18H18,K,local,False,MLP13+MLP14,none,0.013755416870117188,0.019438552856445312,-0.00011005401611328126,0.005182838439941407,-0.001129150390625,0.0068570972584313765,0.45,0.55,0.55,0.0,False,False,False,False,False
local|src=L13H18|site=fact1_mother|recv=L18H18|ch=K|med=MLP13|live=none,direct_l13_primary|src=L13H18|site=fact1_mother|recv=L18H18|ch=K|med=none|live=none,L13H18,fact1_mother,L18H18,K,local,False,MLP13,none,0.024576187133789062,0.028950881958007813,0.0019641876220703124,0.005061721801757813,0.00087738037109375,0.008193049359996917,0.55,0.45,0.55,0.0,False,False,False,False,False
local|src=L13H18|site=fact3_mother|recv=L18H18|ch=K|med=MLP13|live=none,direct_l13_primary|src=L13H18|site=fact3_mother|recv=L18H18|ch=K|med=none|live=none,L13H18,fact3_mother,L18H18,K,local,False,MLP13,none,0.015215682983398437,0.020883560180664062,0.0013502120971679687,0.004565620422363281,0.00042724609375,0.006034575223218159,0.5,0.5,0.5,0.0,False,False,False,False,False
local|src=L13H18|site=fact1_mother|recv=L18H18|ch=K|med=MLP14|live=none,direct_l13_primary|src=L13H18|site=fact1_mother|recv=L18H18|ch=K|med=none|live=none,L13H18,fact1_mother,L18H18,K,local,False,MLP14,none,0.02366504669189453,0.02713642120361328,0.0010530471801757813,0.004501533508300781,-0.0003376007080078125,0.00602872913209245,0.5,0.5,0.5,0.0,False,False,False,False,False
local|src=L8H15|site=other_answer_fact_sentence|recv=L16H1|ch=K|med=MLP8+MLP9|live=none,local|src=L8H15|site=other_answer_fact_sentence|recv=L16H1|ch=K|med=none|live=none,L8H15,other_answer_fact_sentence,L16H1,K,local,False,MLP8+MLP9,none,0.006787300109863281,0.007707786560058594,0.0026075363159179686,0.004381370544433594,0.0022125244140625,0.005187631670827588,0.65,0.35,0.65,0.0,False,False,False,False,False
local|src=L16H31|site=colon|recv=L22H5|ch=Q|med=block18|live=none,local|src=L16H31|site=colon|recv=L22H5|ch=Q|med=none|live=none,L16H31,colon,L22H5,Q,local,False,block18,none,-0.021124267578125,0.021124267578125,-0.002429962158203125,0.004251861572265625,-0.00170135498046875,0.0053070094798207245,0.4,0.6,0.6,0.0,False,False,False,False,False
local|src=L13H18|site=fact3_template|recv=L18H19|ch=K|med=MLP13|live=none,direct_l13_primary|src=L13H18|site=fact3_template|recv=L18H19|ch=K|med=none|live=none,L13H18,fact3_template,L18H19,K,local,False,MLP13,none,0.020723724365234376,0.027799224853515624,0.0010021209716796875,0.004082870483398437,0.00115966796875,0.005471074868444269,0.6,0.4,0.6,0.0,False,False,False,False,False
local|src=L13H18|site=fact1_mother|recv=L18H19|ch=K|med=MLP13+MLP14|live=none,direct_l13_primary|src=L13H18|site=fact1_mother|recv=L18H19|ch=K|med=none|live=none,L13H18,fact1_mother,L18H19,K,local,False,MLP13+MLP14,none,0.0110931396484375,0.01419219970703125,0.000537872314453125,0.003971099853515625,0.000186920166015625,0.0050200381624570705,0.55,0.45,0.55,0.0,False,False,False,False,False
local|src=L16H31|site=colon|recv=residual_to_logits|ch=bypass|med=MLP16|live=none,local|src=L16H31|site=colon|recv=residual_to_logits|ch=bypass|med=none|live=none,L16H31,colon,residual_to_logits,bypass,local,False,MLP16,none,-0.00012836456298828124,0.004559135437011719,0.000339508056640625,0.003920745849609375,0.0009765625,0.005127387817139327,0.7,0.3,0.7,0.0,False,False,False,False,False
local|src=L8H15|site=other_answer_fact_sentence|recv=L18H18|ch=V|med=MLP8|live=none,local|src=L8H15|site=other_answer_fact_sentence|recv=L18H18|ch=V|med=none|live=none,L8H15,other_answer_fact_sentence,L18H18,V,local,False,MLP8,none,-0.11499671936035157,0.11499671936035157,-0.0006198883056640625,0.0037822723388671875,-0.0005035400390625,0.0054324673485744894,0.45,0.55,0.55,0.0,False,False,False,False,False
local|src=L16H31|site=colon|recv=L22H5|ch=Q|med=MLP16+block17+block18|live=none,local|src=L16H31|site=colon|recv=L22H5|ch=Q|med=none|live=none,L16H31,colon,L22H5,Q,local,False,MLP16+block17+block18,none,-0.020292091369628906,0.020292091369628906,-0.0015977859497070313,0.0037466049194335937,-0.001129150390625,0.004784599441558454,0.45,0.55,0.55,0.0,False,False,False,False,False
local|src=L26H23|site=colon|recv=L30H18|ch=Q|med=MLP26|live=none,local|src=L26H23|site=colon|recv=L30H18|ch=Q|med=none|live=none,L26H23,colon,L30H18,Q,local,False,MLP26,none,-0.036734390258789065,0.03731117248535156,0.00013561248779296874,0.003681373596191406,-0.0011138916015625,0.005250619822249756,0.45,0.55,0.45,0.0,False,False,False,False,False
local|src=L13H18|site=fact1_mother|recv=L18H19|ch=K|med=MLP14|live=none,direct_l13_primary|src=L13H18|site=fact1_mother|recv=L18H19|ch=K|med=none|live=none,L13H18,fact1_mother,L18H19,K,local,False,MLP14,none,0.009682846069335938,0.012417984008789063,-0.0008724212646484375,0.0035182952880859373,-0.00030517578125,0.004449650161715206,0.45,0.55,0.55,0.0,False,False,False,False,False
local|src=L20H7|site=colon|recv=L23H15|ch=Q|med=MLP20|live=none,local|src=L20H7|site=colon|recv=L23H15|ch=Q|med=none|live=none,L20H7,colon,L23H15,Q,local,False,MLP20,none,-0.005593490600585937,0.016000747680664062,0.0024555206298828127,0.0033977508544921877,0.0026702880859375,0.003333596763669411,0.75,0.25,0.75,0.0,False,False,False,False,False
local|src=L13H18|site=fact3_mother|recv=L18H19|ch=K|med=MLP14|live=none,direct_l13_primary|src=L13H18|site=fact3_mother|recv=L18H19|ch=K|med=none|live=none,L13H18,fact3_mother,L18H19,K,local,False,MLP14,none,0.010629653930664062,0.01666603088378906,-0.00082855224609375,0.003362274169921875,0.00023651123046875,0.004164494180899969,0.5,0.5,0.5,0.0,False,False,False,False,False
local|src=L13H18|site=fact3_mother|recv=L18H18|ch=K|med=MLP14|live=none,direct_l13_primary|src=L13H18|site=fact3_mother|recv=L18H18|ch=K|med=none|live=none,L13H18,fact3_mother,L18H18,K,local,False,MLP14,none,0.013362312316894531,0.019249153137207032,-0.0005031585693359375,0.0033298492431640624,-0.000640869140625,0.004251329231472099,0.5,0.5,0.5,0.0,False,False,False,False,False
local|src=L13H18|site=fact3_mother|recv=L18H19|ch=K|med=MLP13|live=none,direct_l13_primary|src=L13H18|site=fact3_mother|recv=L18H19|ch=K|med=none|live=none,L13H18,fact3_mother,L18H19,K,local,False,MLP13,none,0.012889671325683593,0.016522789001464845,0.0014314651489257812,0.003249931335449219,0.00165557861328125,0.004068072191518256,0.7,0.3,0.7,0.0,False,False,False,False,False
local|src=L8H15|site=other_answer_fact_sentence|recv=L16H21|ch=K|med=MLP8+MLP9|live=none,local|src=L8H15|site=other_answer_fact_sentence|recv=L16H21|ch=K|med=none|live=none,L8H15,other_answer_fact_sentence,L16H21,K,local,False,MLP8+MLP9,none,0.0008771896362304687,0.003128242492675781,0.0013837814331054688,0.0030691146850585936,0.00104522705078125,0.004703127879176263,0.6,0.35,0.6,0.0,False,False,False,False,False
local|src=L8H15|site=other_answer_fact_sentence|recv=L16H21|ch=K|med=MLP8|live=none,local|src=L8H15|site=other_answer_fact_sentence|recv=L16H21|ch=K|med=none|live=none,L8H15,other_answer_fact_sentence,L16H21,K,local,False,MLP8,none,0.000559234619140625,0.00240478515625,0.001065826416015625,0.002993011474609375,0.0001220703125,0.004081827848247366,0.5,0.5,0.5,0.0,False,False,False,False,False
local|src=L13H18|site=fact3_mother|recv=L18H19|ch=K|med=MLP13+MLP14|live=none,direct_l13_primary|src=L13H18|site=fact3_mother|recv=L18H19|ch=K|med=none|live=none,L13H18,fact3_mother,L18H19,K,local,False,MLP13+MLP14,none,0.011250114440917969,0.016133689880371095,-0.00020809173583984374,0.0029874801635742187,-0.00058746337890625,0.0036627830494326773,0.4,0.6,0.6,0.0,False,False,False,False,False
local|src=L8H15|site=other_answer_fact_sentence|recv=L16H21|ch=V|med=MLP8+MLP9|live=none,local|src=L8H15|site=other_answer_fact_sentence|recv=L16H21|ch=V|med=none|live=none,L8H15,other_answer_fact_sentence,L16H21,V,local,False,MLP8+MLP9,none,-0.0008031845092773438,0.0027864456176757814,0.0008531570434570313,0.002985572814941406,0.00077056884765625,0.003616678896760477,0.55,0.45,0.55,0.0,False,False,False,False,False
local|src=L13H18|site=fact1_mother|recv=L18H19|ch=V|med=MLP14|live=none,direct_l13_primary|src=L13H18|site=fact1_mother|recv=L18H19|ch=V|med=none|live=none,L13H18,fact1_mother,L18H19,V,local,False,MLP14,none,0.005316352844238282,0.006415748596191406,-0.0012182235717773438,0.0029821395874023438,-0.001495361328125,0.0038364932683537436,0.35,0.65,0.65,0.0,False,False,False,False,False
local|src=L13H18|site=fact1_mother|recv=L18H18|ch=V|med=MLP13+MLP14|live=none,direct_l13_primary|src=L13H18|site=fact1_mother|recv=L18H18|ch=V|med=none|live=none,L13H18,fact1_mother,L18H18,V,local,False,MLP13+MLP14,none,-0.0052089691162109375,0.0055904388427734375,-0.0005064010620117188,0.002964210510253906,-0.00140380859375,0.003494066491752474,0.35,0.65,0.65,0.0,False,False,False,False,False
local|src=L8H15|site=other_answer_fact_sentence|recv=L16H1|ch=V|med=MLP9|live=none,local|src=L8H15|site=other_answer_fact_sentence|recv=L16H1|ch=V|med=none|live=none,L8H15,other_answer_fact_sentence,L16H1,V,local,False,MLP9,none,-0.0036592483520507812,0.004773902893066406,0.0014596939086914062,0.0029405593872070313,0.00201416015625,0.0034199226580693904,0.65,0.35,0.65,0.0,False,False,False,False,False
local|src=L13H18|site=fact3_template|recv=L16H21|ch=K|med=MLP13+MLP14|live=none,direct_l13_primary|src=L13H18|site=fact3_template|recv=L16H21|ch=K|med=none|live=none,L13H18,fact3_template,L16H21,K,local,False,MLP13+MLP14,none,-0.0005491256713867187,0.0032773971557617187,-0.00033054351806640627,0.0029352188110351564,0.0009002685546875,0.0035604483728896223,0.55,0.45,0.45,0.0,False,False,False,False,False
local|src=L16H31|site=colon|recv=residual_to_logits|ch=bypass|med=block17|live=none,local|src=L16H31|site=colon|recv=residual_to_logits|ch=bypass|med=none|live=none,L16H31,colon,residual_to_logits,bypass,local,False,block17,none,-0.0014621734619140625,0.005031204223632813,-0.0009943008422851562,0.0028615951538085937,-0.0016326904296875,0.0035830445973846882,0.35,0.65,0.65,0.0,False,False,False,False,False
local|src=L16H31|site=colon|recv=L22H5|ch=Q|med=block17|live=none,local|src=L16H31|site=colon|recv=L22H5|ch=Q|med=none|live=none,L16H31,colon,L22H5,Q,local,False,block17,none,-0.019810867309570313,0.019810867309570313,-0.0011165618896484375,0.00283203125,-0.0011749267578125,0.0037127783522451084,0.3,0.7,0.7,0.0,False,False,False,False,False
local|src=L13H18|site=fact1_mother|recv=L16H21|ch=K|med=MLP13+MLP14|live=none,direct_l13_primary|src=L13H18|site=fact1_mother|recv=L16H21|ch=K|med=none|live=none,L13H18,fact1_mother,L16H21,K,local,False,MLP13+MLP14,none,0.0003635406494140625,0.0020412445068359376,0.00022125244140625,0.00281982421875,0.001251220703125,0.00347918530217582,0.65,0.35,0.65,0.0,False,False,False,False,False
local|src=L13H18|site=fact3_template|recv=L16H1|ch=K|med=MLP13+MLP14|live=none,direct_l13_primary|src=L13H18|site=fact3_template|recv=L16H1|ch=K|med=none|live=none,L13H18,fact3_template,L16H1,K,local,False,MLP13+MLP14,none,0.0020605087280273437,0.0038114547729492187,-0.0002285003662109375,0.0028118133544921876,-0.0002593994140625,0.0037311475141989267,0.45,0.55,0.55,0.0,False,False,False,False,False
local|src=L16H31|site=colon|recv=L21H18|ch=Q|med=block17|live=none,local|src=L16H31|site=colon|recv=L21H18|ch=Q|med=none|live=none,L16H31,colon,L21H18,Q,local,False,block17,none,-0.005424308776855469,0.005424308776855469,-0.00029449462890625,0.002777099609375,-0.00012969970703125,0.0038152444547413867,0.45,0.55,0.55,0.0,False,False,False,False,False
slot_control|src=L13H18|site=fact2_template|recv=L16H21|ch=K|med=MLP13+MLP14|live=none,direct_l13_control|src=L13H18|site=fact2_template|recv=L16H21|ch=K|med=none|live=none,L13H18,fact2_template,L16H21,K,slot_control,False,MLP13+MLP14,none,-0.0018156051635742187,0.0033590316772460936,3.35693359375e-05,0.0026580810546875,4.57763671875e-05,0.0037900933526008092,0.5,0.45,0.5,0.0,False,False,False,True,False
local|src=L13H18|site=fact1_mother|recv=L16H1|ch=K|med=MLP14|live=none,direct_l13_primary|src=L13H18|site=fact1_mother|recv=L16H1|ch=K|med=none|live=none,L13H18,fact1_mother,L16H1,K,local,False,MLP14,none,0.0015775680541992188,0.003379631042480469,-0.00023670196533203124,0.002643394470214844,-0.0008087158203125,0.003084722086293877,0.4,0.6,0.6,0.0,False,False,False,False,False
local|src=L13H18|site=fact3_mother|recv=L16H21|ch=K|med=MLP14|live=none,direct_l13_primary|src=L13H18|site=fact3_mother|recv=L16H21|ch=K|med=none|live=none,L13H18,fact3_mother,L16H21,K,local,False,MLP14,none,-0.0004892349243164062,0.0024660110473632814,-3.719329833984375e-05,0.0026342391967773436,0.000213623046875,0.0032566067781511334,0.5,0.5,0.5,0.0,False,False,False,False,False
local|src=L13H18|site=fact3_template|recv=L16H21|ch=K|med=MLP13|live=none,direct_l13_primary|src=L13H18|site=fact3_template|recv=L16H21|ch=K|med=none|live=none,L13H18,fact3_template,L16H21,K,local,False,MLP13,none,-0.00027313232421875,0.001305389404296875,-5.45501708984375e-05,0.0026302337646484375,-0.000396728515625,0.0034535146822291755,0.4,0.55,0.55,0.0,False,False,False,False,False
local|src=L13H18|site=fact1_mother|recv=L18H19|ch=V|med=MLP13+MLP14|live=none,direct_l13_primary|src=L13H18|site=fact1_mother|recv=L18H19|ch=V|med=none|live=none,L13H18,fact1_mother,L18H19,V,local,False,MLP13+MLP14,none,0.005901336669921875,0.006380462646484375,-0.00063323974609375,0.002606964111328125,-0.0003662109375,0.00428526615778247,0.35,0.6,0.6,0.0,False,False,False,False,False
local|src=L13H18|site=fact3_mother|recv=L16H1|ch=K|med=MLP13+MLP14|live=none,direct_l13_primary|src=L13H18|site=fact3_mother|recv=L16H1|ch=K|med=none|live=none,L13H18,fact3_mother,L16H1,K,local,False,MLP13+MLP14,none,0.00111083984375,0.003232574462890625,-0.0005311965942382812,0.0025743484497070313,0.00042724609375,0.003062096418973869,0.55,0.45,0.45,0.0,False,False,False,False,False
local|src=L13H18|site=fact1_mother|recv=L18H18|ch=V|med=MLP14|live=none,direct_l13_primary|src=L13H18|site=fact1_mother|recv=L18H18|ch=V|med=none|live=none,L13H18,fact1_mother,L18H18,V,local,False,MLP14,none,-0.00459136962890625,0.005110931396484375,0.00011119842529296874,0.0025602340698242187,0.0004730224609375,0.0032319671701349297,0.55,0.45,0.55,0.0,False,False,False,False,False
local|src=L16H31|site=colon|recv=L19H16|ch=Q|med=block17|live=none,local|src=L16H31|site=colon|recv=L19H16|ch=Q|med=none|live=none,L16H31,colon,L19H16,Q,local,False,block17,none,0.008983993530273437,0.009560775756835938,-0.00028057098388671874,0.002534294128417969,-0.000629425048828125,0.0030813659299787745,0.45,0.55,0.55,0.0,False,False,False,False,False
local|src=L8H15|site=other_answer_fact_sentence|recv=L16H1|ch=K|med=MLP9|live=none,local|src=L8H15|site=other_answer_fact_sentence|recv=L16H1|ch=K|med=none|live=none,L8H15,other_answer_fact_sentence,L16H1,K,local,False,MLP9,none,0.004379653930664062,0.007452774047851563,0.00019989013671875,0.002520751953125,-0.00048828125,0.0038318534145988055,0.4,0.6,0.4,0.0,False,False,False,False,False
local|src=L13H18|site=fact3_template|recv=L16H1|ch=V|med=MLP14|live=none,direct_l13_primary|src=L13H18|site=fact3_template|recv=L16H1|ch=V|med=none|live=none,L13H18,fact3_template,L16H1,V,local,False,MLP14,none,0.0013399124145507812,0.0030870437622070312,0.0009624481201171875,0.0024951934814453126,0.00127410888671875,0.0028422942873700717,0.55,0.45,0.55,0.0,False,False,False,False,False
local|src=L13H18|site=fact1_mother|recv=L16H21|ch=V|med=MLP13|live=none,direct_l13_primary|src=L13H18|site=fact1_mother|recv=L16H21|ch=V|med=none|live=none,L13H18,fact1_mother,L16H21,V,local,False,MLP13,none,0.00069427490234375,0.0024688720703125,-0.0008829116821289062,0.0024915695190429687,-8.20159912109375e-05,0.0030387922915260475,0.5,0.5,0.5,0.0,False,False,False,False,False
local|src=L13H18|site=fact1_mother|recv=L18H19|ch=K|med=MLP13|live=none,direct_l13_primary|src=L13H18|site=fact1_mother|recv=L18H19|ch=K|med=none|live=none,L13H18,fact1_mother,L18H19,K,local,False,MLP13,none,0.011185836791992188,0.014688491821289062,0.0006305694580078125,0.0024906158447265624,0.000431060791015625,0.003024346849868952,0.6,0.4,0.6,0.0,False,False,False,False,False
local|src=L13H18|site=fact3_mother|recv=L16H1|ch=V|med=MLP13|live=none,direct_l13_primary|src=L13H18|site=fact3_mother|recv=L16H1|ch=V|med=none|live=none,L13H18,fact3_mother,L16H1,V,local,False,MLP13,none,0.00029144287109375,0.00333099365234375,-0.000811004638671875,0.00248260498046875,-0.0011749267578125,0.002871758486993764,0.35,0.65,0.65,0.0,False,False,False,False,False
local|src=L8H15|site=other_answer_fact_sentence|recv=L16H21|ch=K|med=MLP9|live=none,local|src=L8H15|site=other_answer_fact_sentence|recv=L16H21|ch=K|med=none|live=none,L8H15,other_answer_fact_sentence,L16H21,K,local,False,MLP9,none,8.945465087890625e-05,0.003204154968261719,0.0005960464477539062,0.0024812698364257814,-0.000263214111328125,0.0032234976861995673,0.45,0.55,0.45,0.0,False,False,False,False,False
local|src=L13H18|site=fact3_mother|recv=L16H21|ch=K|med=MLP13+MLP14|live=none,direct_l13_primary|src=L13H18|site=fact3_mother|recv=L16H21|ch=K|med=none|live=none,L13H18,fact3_mother,L16H21,K,local,False,MLP13+MLP14,none,-0.0005353927612304687,0.0021165847778320313,-8.335113525390626e-05,0.0024801254272460937,0.00018310546875,0.0033752335652797194,0.5,0.5,0.5,0.0,False,False,False,False,False
local|src=L16H31|site=colon|recv=L22H5|ch=Q|med=MLP16|live=none,local|src=L16H31|site=colon|recv=L22H5|ch=Q|med=none|live=none,L16H31,colon,L22H5,Q,local,False,MLP16,none,-0.016655349731445314,0.016655349731445314,0.0020389556884765625,0.0024730682373046873,0.00199127197265625,0.0022009195583779714,0.85,0.15,0.85,0.0,False,False,False,False,False
slot_control|src=L13H18|site=fact2_template|recv=L16H21|ch=V|med=MLP13+MLP14|live=none,direct_l13_control|src=L13H18|site=fact2_template|recv=L16H21|ch=V|med=none|live=none,L13H18,fact2_template,L16H21,V,slot_control,False,MLP13+MLP14,none,0.00048084259033203124,0.002816581726074219,0.0008762359619140625,0.0024478912353515627,0.0009765625,0.0029048961137506774,0.7,0.3,0.7,0.0,False,False,False,True,False
local|src=L13H18|site=fact3_mother|recv=L16H21|ch=V|med=MLP14|live=none,direct_l13_primary|src=L13H18|site=fact3_mother|recv=L16H21|ch=V|med=none|live=none,L13H18,fact3_mother,L16H21,V,local,False,MLP14,none,-0.00037994384765625,0.0023529052734375,0.0005720138549804687,0.0024446487426757813,0.0004425048828125,0.0033014351541283456,0.55,0.45,0.55,0.0,False,False,False,False,False
local|src=L13H18|site=fact3_template|recv=L16H21|ch=K|med=MLP14|live=none,direct_l13_primary|src=L13H18|site=fact3_template|recv=L16H21|ch=K|med=none|live=none,L13H18,fact3_template,L16H21,K,local,False,MLP14,none,-0.0002368927001953125,0.0018077850341796874,-1.8310546875e-05,0.002431488037109375,0.000335693359375,0.0030919484301324615,0.55,0.45,0.45,0.0,False,False,False,False,False
local|src=L26H23|site=colon|recv=L30H13|ch=Q|med=MLP26+block27+block28|live=none,local|src=L26H23|site=colon|recv=L30H13|ch=Q|med=none|live=none,L26H23,colon,L30H13,Q,local,False,MLP26+block27+block28,none,-0.005370712280273438,0.006560897827148438,-0.0015787124633789063,0.0024194717407226562,-0.000919342041015625,0.0034054522226645107,0.25,0.75,0.75,0.0,False,False,False,False,False
local|src=L13H18|site=fact3_mother|recv=L18H19|ch=V|med=MLP13+MLP14|live=none,direct_l13_primary|src=L13H18|site=fact3_mother|recv=L18H19|ch=V|med=none|live=none,L13H18,fact3_mother,L18H19,V,local,False,MLP13+MLP14,none,0.004048728942871093,0.005190086364746094,0.000167083740234375,0.002398681640625,8.392333984375e-05,0.002940706082563233,0.5,0.45,0.5,0.0,False,False,False,False,False
local|src=L13H18|site=fact3_mother|recv=L16H1|ch=K|med=MLP13|live=none,direct_l13_primary|src=L13H18|site=fact3_mother|recv=L16H1|ch=K|med=none|live=none,L13H18,fact3_mother,L16H1,K,local,False,MLP13,none,0.0011415481567382812,0.0032304763793945313,-0.00050048828125,0.00235443115234375,-6.103515625e-05,0.003039250493057662,0.45,0.5,0.5,0.0,False,False,False,False,False
local|src=L13H18|site=fact3_mother|recv=L16H21|ch=V|med=MLP13+MLP14|live=none,direct_l13_primary|src=L13H18|site=fact3_mother|recv=L16H21|ch=V|med=none|live=none,L13H18,fact3_mother,L16H21,V,local,False,MLP13+MLP14,none,-0.0007097244262695313,0.002462959289550781,0.0002422332763671875,0.0023136138916015625,-0.0005950927734375,0.0030260335759953053,0.35,0.65,0.35,0.0,False,False,False,False,False
local|src=L13H18|site=fact1_mother|recv=L16H1|ch=K|med=MLP13|live=none,direct_l13_primary|src=L13H18|site=fact1_mother|recv=L16H1|ch=K|med=none|live=none,L13H18,fact1_mother,L16H1,K,local,False,MLP13,none,0.0019001007080078126,0.0028461456298828126,8.58306884765625e-05,0.0023014068603515623,-0.000244140625,0.0027866704673414513,0.45,0.55,0.45,0.0,False,False,False,False,False
local|src=L8H15|site=other_answer_fact_sentence|recv=L16H1|ch=V|med=MLP8+MLP9|live=none,local|src=L8H15|site=other_answer_fact_sentence|recv=L16H1|ch=V|med=none|live=none,L8H15,other_answer_fact_sentence,L16H1,V,local,False,MLP8+MLP9,none,-0.0044155120849609375,0.0047321319580078125,0.00070343017578125,0.00228271484375,0.0009765625,0.0026824269127036643,0.6,0.4,0.6,0.0,False,False,False,False,False
slot_control|src=L13H18|site=fact2_mother|recv=L18H19|ch=V|med=MLP13+MLP14|live=none,direct_l13_control|src=L13H18|site=fact2_mother|recv=L18H19|ch=V|med=none|live=none,L13H18,fact2_mother,L18H19,V,slot_control,False,MLP13+MLP14,none,6.40869140625e-05,0.001929473876953125,-0.00028629302978515624,0.002282524108886719,-0.00091552734375,0.002644048703616105,0.45,0.55,0.55,0.0,False,False,False,True,False
local|src=L16H31|site=colon|recv=L19H16|ch=Q|med=MLP16|live=none,local|src=L16H31|site=colon|recv=L19H16|ch=Q|med=none|live=none,L16H31,colon,L19H16,Q,local,False,MLP16,none,0.008157157897949218,0.008189201354980469,-0.0011074066162109375,0.0022602081298828125,-0.00110626220703125,0.0027189383650570724,0.35,0.65,0.65,0.0,False,False,False,False,False
local|src=L13H18|site=fact3_template|recv=L16H21|ch=V|med=MLP13+MLP14|live=none,direct_l13_primary|src=L13H18|site=fact3_template|recv=L16H21|ch=V|med=none|live=none,L13H18,fact3_template,L16H21,V,local,False,MLP13+MLP14,none,-0.0008312225341796875,0.0030193328857421875,4.329681396484375e-05,0.002258491516113281,-0.000244140625,0.0030454888138919333,0.45,0.55,0.45,0.0,False,False,False,False,False
local|src=L13H18|site=fact3_template|recv=L16H21|ch=V|med=MLP14|live=none,direct_l13_primary|src=L13H18|site=fact3_template|recv=L16H21|ch=V|med=none|live=none,L13H18,fact3_template,L16H21,V,local,False,MLP14,none,-0.0011198043823242188,0.0034849166870117186,-0.0002452850341796875,0.0022533416748046877,-0.000732421875,0.0029413637612176287,0.4,0.6,0.6,0.0,False,False,False,False,False
local|src=L13H18|site=fact3_mother|recv=L16H1|ch=K|med=MLP14|live=none,direct_l13_primary|src=L13H18|site=fact3_mother|recv=L16H1|ch=K|med=none|live=none,L13H18,fact3_mother,L16H1,K,local,False,MLP14,none,0.0010150909423828126,0.0034839630126953123,-0.0006269454956054687,0.0022474288940429687,-0.00066375732421875,0.0027454661938627217,0.4,0.6,0.6,0.0,False,False,False,False,False
local|src=L13H18|site=fact1_mother|recv=L18H19|ch=V|med=MLP13|live=none,direct_l13_primary|src=L13H18|site=fact1_mother|recv=L18H19|ch=V|med=none|live=none,L13H18,fact1_mother,L18H19,V,local,False,MLP13,none,0.006687545776367187,0.007223892211914063,0.0001529693603515625,0.0022426605224609374,0.0005035400390625,0.0043863899229051075,0.6,0.4,0.6,0.0,False,False,False,False,False
slot_control|src=L13H18|site=fact2_mother|recv=L18H18|ch=K|med=MLP13+MLP14|live=none,direct_l13_control|src=L13H18|site=fact2_mother|recv=L18H18|ch=K|med=none|live=none,L13H18,fact2_mother,L18H18,K,slot_control,False,MLP13+MLP14,none,0.0005743026733398438,0.0025018692016601563,-0.0010650634765625,0.0022369384765625,-0.001129150390625,0.002492690277804703,0.3,0.7,0.7,0.0,False,False,False,True,False
local|src=L13H18|site=fact1_mother|recv=L16H21|ch=K|med=MLP14|live=none,direct_l13_primary|src=L13H18|site=fact1_mother|recv=L16H21|ch=K|med=none|live=none,L13H18,fact1_mother,L16H21,K,local,False,MLP14,none,2.593994140625e-05,0.002104949951171875,-0.0001163482666015625,0.0022365570068359373,0.00103759765625,0.00314416603274989,0.6,0.4,0.4,0.0,False,False,False,False,False
local|src=L13H18|site=fact3_mother|recv=L16H1|ch=V|med=MLP14|live=none,direct_l13_primary|src=L13H18|site=fact3_mother|recv=L16H1|ch=V|med=none|live=none,L13H18,fact3_mother,L16H1,V,local,False,MLP14,none,0.0010370254516601563,0.0028287887573242186,-6.542205810546874e-05,0.0022344589233398438,-0.0004425048828125,0.002989297765804719,0.4,0.6,0.6,0.0,False,False,False,False,False
local|src=L13H18|site=fact3_template|recv=L18H19|ch=V|med=MLP13|live=none,direct_l13_primary|src=L13H18|site=fact3_template|recv=L18H19|ch=V|med=none|live=none,L13H18,fact3_template,L18H19,V,local,False,MLP13,none,0.004993820190429687,0.006675338745117188,0.000183868408203125,0.002214813232421875,-0.000179290771484375,0.0028816272527231574,0.5,0.5,0.5,0.0,False,False,False,False,False
local|src=L13H18|site=fact3_template|recv=L18H19|ch=V|med=MLP13+MLP14|live=none,direct_l13_primary|src=L13H18|site=fact3_template|recv=L18H19|ch=V|med=none|live=none,L13H18,fact3_template,L18H19,V,local,False,MLP13+MLP14,none,0.0044116973876953125,0.005539321899414062,-0.00039825439453125,0.002199554443359375,-0.00067138671875,0.002813854534451851,0.35,0.65,0.65,0.0,False,False,False,False,False
local|src=L13H18|site=fact3_template|recv=L18H18|ch=V|med=MLP13+MLP14|live=none,direct_l13_primary|src=L13H18|site=fact3_template|recv=L18H18|ch=V|med=none|live=none,L13H18,fact3_template,L18H18,V,local,False,MLP13+MLP14,none,-0.001314544677734375,0.003083038330078125,0.00027828216552734376,0.0021890640258789063,0.00042724609375,0.0029642414642407897,0.55,0.45,0.55,0.0,False,False,False,False,False
local|src=L13H18|site=fact1_mother|recv=L16H21|ch=V|med=MLP14|live=none,direct_l13_primary|src=L13H18|site=fact1_mother|recv=L16H21|ch=V|med=none|live=none,L13H18,fact1_mother,L16H21,V,local,False,MLP14,none,0.0010690689086914062,0.002315711975097656,-0.00050811767578125,0.0021881103515625,0.0001220703125,0.0029099192753594075,0.5,0.45,0.45,0.0,False,False,False,False,False
slot_control|src=L13H18|site=fact2_template|recv=L16H1|ch=K|med=MLP13+MLP14|live=none,direct_l13_control|src=L13H18|site=fact2_template|recv=L16H1|ch=K|med=none|live=none,L13H18,fact2_template,L16H1,K,slot_control,False,MLP13+MLP14,none,-0.0003936767578125,0.002054595947265625,-0.00030345916748046874,0.002187156677246094,-0.00060272216796875,0.0028194304651656776,0.3,0.7,0.7,0.0,False,False,False,True,False
slot_control|src=L13H18|site=fact2_template|recv=L16H1|ch=V|med=MLP13+MLP14|live=none,direct_l13_control|src=L13H18|site=fact2_template|recv=L16H1|ch=V|med=none|live=none,L13H18,fact2_template,L16H1,V,slot_control,False,MLP13+MLP14,none,0.00036373138427734373,0.002240562438964844,-0.0001697540283203125,0.0021839141845703125,-0.000659942626953125,0.0027074297318034858,0.45,0.55,0.55,0.0,False,False,False,True,False
local|src=L13H18|site=fact3_template|recv=L16H1|ch=V|med=MLP13|live=none,direct_l13_primary|src=L13H18|site=fact3_template|recv=L16H1|ch=V|med=none|live=none,L13H18,fact3_template,L16H1,V,local,False,MLP13,none,0.001912689208984375,0.003487396240234375,0.0015352249145507812,0.0021776199340820313,0.0013885498046875,0.002455755302570226,0.7,0.25,0.7,0.0,False,False,False,False,False
local|src=L13H18|site=fact3_template|recv=L18H18|ch=V|med=MLP14|live=none,direct_l13_primary|src=L13H18|site=fact3_template|recv=L18H18|ch=V|med=none|live=none,L13H18,fact3_template,L18H18,V,local,False,MLP14,none,-0.0018280029296875,0.00274200439453125,-0.00023517608642578124,0.002164268493652344,0.0010986328125,0.0029123527707628966,0.6,0.4,0.4,0.0,False,False,False,False,False
slot_control|src=L13H18|site=fact2_template|recv=L18H19|ch=K|med=MLP13+MLP14|live=none,direct_l13_control|src=L13H18|site=fact2_template|recv=L18H19|ch=K|med=none|live=none,L13H18,fact2_template,L18H19,K,slot_control,False,MLP13+MLP14,none,0.000804901123046875,0.0028533935546875,2.536773681640625e-05,0.0021600723266601562,0.0001087188720703125,0.0027970671961860837,0.55,0.45,0.55,0.0,False,False,False,True,False
local|src=L8H15|site=other_answer_fact_sentence|recv=L16H1|ch=V|med=MLP8|live=none,local|src=L8H15|site=other_answer_fact_sentence|recv=L16H1|ch=V|med=none|live=none,L8H15,other_answer_fact_sentence,L16H1,V,local,False,MLP8,none,-0.004535293579101563,0.005351638793945313,0.000583648681640625,0.002149200439453125,0.000957489013671875,0.0025379208505873765,0.55,0.45,0.55,0.0,False,False,False,False,False
slot_control|src=L13H18|site=fact2_mother|recv=L16H21|ch=V|med=MLP13+MLP14|live=none,direct_l13_control|src=L13H18|site=fact2_mother|recv=L16H21|ch=V|med=none|live=none,L13H18,fact2_mother,L16H21,V,slot_control,False,MLP13+MLP14,none,0.0006549835205078125,0.0025959014892578125,0.000685882568359375,0.002146148681640625,0.000152587890625,0.002828709637079652,0.5,0.45,0.5,0.0,False,False,False,True,False
slot_control|src=L13H18|site=fact2_mother|recv=L18H18|ch=V|med=MLP13+MLP14|live=none,direct_l13_control|src=L13H18|site=fact2_mother|recv=L18H18|ch=V|med=none|live=none,L13H18,fact2_mother,L18H18,V,slot_control,False,MLP13+MLP14,none,0.0001430511474609375,0.0018482208251953125,0.0007402420043945313,0.0021448135375976562,0.00042724609375,0.0026663076448195555,0.55,0.45,0.55,0.0,False,False,False,True,False
local|src=L13H18|site=fact3_template|recv=L16H1|ch=K|med=MLP13|live=none,direct_l13_primary|src=L13H18|site=fact3_template|recv=L16H1|ch=K|med=none|live=none,L13H18,fact3_template,L16H1,K,local,False,MLP13,none,0.003127288818359375,0.005261993408203125,0.0008382797241210938,0.0021379470825195314,0.0006561279296875,0.0026609155546305162,0.55,0.4,0.55,0.0,False,False,False,False,False
local|src=L13H18|site=fact3_mother|recv=L18H19|ch=V|med=MLP13|live=none,direct_l13_primary|src=L13H18|site=fact3_mother|recv=L18H19|ch=V|med=none|live=none,L13H18,fact3_mother,L18H19,V,local,False,MLP13,none,0.0034910202026367187,0.004868888854980468,-0.000390625,0.00211181640625,-9.918212890625e-05,0.002634198209131155,0.45,0.55,0.55,0.0,False,False,False,False,False
local|src=L13H18|site=fact3_mother|recv=L18H19|ch=V|med=MLP14|live=none,direct_l13_primary|src=L13H18|site=fact3_mother|recv=L18H19|ch=V|med=none|live=none,L13H18,fact3_mother,L18H19,V,local,False,MLP14,none,0.0037088394165039062,0.005135536193847656,-0.0001728057861328125,0.0021015167236328124,0.000335693359375,0.0028218657149557584,0.6,0.4,0.4,0.0,False,False,False,False,False
local|src=L13H18|site=fact1_mother|recv=L18H18|ch=V|med=MLP13|live=none,direct_l13_primary|src=L13H18|site=fact1_mother|recv=L18H18|ch=V|med=none|live=none,L13H18,fact1_mother,L18H18,V,local,False,MLP13,none,-0.0051174163818359375,0.005805587768554688,-0.00041484832763671875,0.0020959854125976564,7.43865966796875e-05,0.0025153210835680423,0.5,0.5,0.5,0.0,False,False,False,False,False
local|src=L26H23|site=colon|recv=L30H13|ch=Q|med=MLP26|live=none,local|src=L26H23|site=colon|recv=L30H13|ch=Q|med=none|live=none,L26H23,colon,L30H13,Q,local,False,MLP26,none,-0.004516983032226562,0.0057506561279296875,-0.0007249832153320313,0.002058601379394531,-0.000518798828125,0.0025091004544219152,0.45,0.55,0.55,0.0,False,False,False,False,False
local|src=L13H18|site=fact3_template|recv=L18H18|ch=V|med=MLP13|live=none,direct_l13_primary|src=L13H18|site=fact3_template|recv=L18H18|ch=V|med=none|live=none,L13H18,fact3_template,L18H18,V,local,False,MLP13,none,-0.0016956329345703125,0.0028797149658203124,-0.00010280609130859375,0.002030754089355469,6.103515625e-05,0.002531196000963532,0.5,0.45,0.45,0.0,False,False,False,False,False
local|src=L13H18|site=fact1_mother|recv=L16H1|ch=V|med=MLP13+MLP14|live=none,direct_l13_primary|src=L13H18|site=fact1_mother|recv=L16H1|ch=V|med=none|live=none,L13H18,fact1_mother,L16H1,V,local,False,MLP13+MLP14,none,2.155303955078125e-05,0.0025911331176757812,-0.0007415771484375,0.0019989013671875,-0.000457763671875,0.002603870639581319,0.3,0.7,0.7,0.0,False,False,False,False,False
local|src=L16H31|site=colon|recv=L21H6|ch=Q|med=MLP16|live=none,local|src=L16H31|site=colon|recv=L21H6|ch=Q|med=none|live=none,L16H31,colon,L21H6,Q,local,False,MLP16,none,-0.0028818130493164064,0.0032938003540039064,0.00044231414794921876,0.0019842147827148437,0.000823974609375,0.002331562939259012,0.55,0.45,0.55,0.0,False,False,False,False,False
local|src=L13H18|site=fact3_template|recv=L16H1|ch=V|med=MLP13+MLP14|live=none,direct_l13_primary|src=L13H18|site=fact3_template|recv=L16H1|ch=V|med=none|live=none,L13H18,fact3_template,L16H1,V,local,False,MLP13+MLP14,none,0.000714111328125,0.002906036376953125,0.00033664703369140625,0.0019781112670898436,0.0004425048828125,0.0023876867590160718,0.55,0.45,0.55,0.0,False,False,False,False,False
local|src=L13H18|site=fact3_template|recv=L16H1|ch=K|med=MLP14|live=none,direct_l13_primary|src=L13H18|site=fact3_template|recv=L16H1|ch=K|med=none|live=none,L13H18,fact3_template,L16H1,K,local,False,MLP14,none,0.002794837951660156,0.004529762268066406,0.000505828857421875,0.0019683837890625,0.0002593994140625,0.002438601463801192,0.5,0.45,0.5,0.0,False,False,False,False,False
local|src=L8H15|site=other_answer_fact_sentence|recv=L16H21|ch=V|med=MLP9|live=none,local|src=L8H15|site=other_answer_fact_sentence|recv=L16H21|ch=V|med=none|live=none,L8H15,other_answer_fact_sentence,L16H21,V,local,False,MLP9,none,-0.0010759353637695313,0.0024290084838867188,0.0005804061889648438,0.0019399642944335938,0.00067138671875,0.002420035196266859,0.6,0.4,0.6,0.0,False,False,False,False,False
local|src=L26H23|site=colon|recv=L30H13|ch=Q|med=block27|live=none,local|src=L26H23|site=colon|recv=L30H13|ch=Q|med=none|live=none,L26H23,colon,L30H13,Q,local,False,block27,none,-0.004630851745605469,0.005910301208496093,-0.0008388519287109375,0.0019283294677734375,-0.0006103515625,0.0026236740267225472,0.35,0.65,0.65,0.0,False,False,False,False,False
local|src=L13H18|site=fact1_mother|recv=L16H21|ch=V|med=MLP13+MLP14|live=none,direct_l13_primary|src=L13H18|site=fact1_mother|recv=L16H21|ch=V|med=none|live=none,L13H18,fact1_mother,L16H21,V,local,False,MLP13+MLP14,none,0.00139923095703125,0.00224761962890625,-0.00017795562744140624,0.0019079208374023437,-0.000213623046875,0.0025950846653220185,0.5,0.5,0.5,0.0,False,False,False,False,False
slot_control|src=L13H18|site=fact2_mother|recv=L18H19|ch=K|med=MLP13+MLP14|live=none,direct_l13_control|src=L13H18|site=fact2_mother|recv=L18H19|ch=K|med=none|live=none,L13H18,fact2_mother,L18H19,K,slot_control,False,MLP13+MLP14,none,-9.6893310546875e-05,0.003212738037109375,-0.0005290985107421875,0.0018993377685546874,-0.00030517578125,0.002527791989845879,0.3,0.7,0.7,0.0,False,False,False,True,False
local|src=L13H18|site=fact1_mother|recv=L16H1|ch=V|med=MLP14|live=none,direct_l13_primary|src=L13H18|site=fact1_mother|recv=L16H1|ch=V|med=none|live=none,L13H18,fact1_mother,L16H1,V,local,False,MLP14,none,0.0012060165405273437,0.002139854431152344,0.0004428863525390625,0.0018978118896484375,0.0009002685546875,0.0022119282093994016,0.7,0.3,0.7,0.0,False,False,False,False,False
local|src=L13H18|site=fact1_mother|recv=L16H21|ch=K|med=MLP13|live=none,direct_l13_primary|src=L13H18|site=fact1_mother|recv=L16H21|ch=K|med=none|live=none,L13H18,fact1_mother,L16H21,K,local,False,MLP13,none,-0.00012416839599609374,0.0018476486206054688,-0.00026645660400390623,0.0018819808959960938,-0.0003814697265625,0.002617907144177486,0.4,0.6,0.6,0.0,False,False,False,False,False
local|src=L13H18|site=fact3_mother|recv=L16H1|ch=V|med=MLP13+MLP14|live=none,direct_l13_primary|src=L13H18|site=fact3_mother|recv=L16H1|ch=V|med=none|live=none,L13H18,fact3_mother,L16H1,V,local,False,MLP13+MLP14,none,0.0006986618041992188,0.0022794723510742186,-0.00040378570556640623,0.0018712997436523438,-0.00086212158203125,0.0022458463822173885,0.35,0.65,0.65,0.0,False,False,False,False,False
slot_control|src=L13H18|site=fact2_mother|recv=L16H1|ch=V|med=MLP13+MLP14|live=none,direct_l13_control|src=L13H18|site=fact2_mother|recv=L16H1|ch=V|med=none|live=none,L13H18,fact2_mother,L16H1,V,slot_control,False,MLP13+MLP14,none,-8.029937744140625e-05,0.002756690979003906,0.0003543853759765625,0.0018665313720703125,7.62939453125e-06,0.002365022246325214,0.5,0.5,0.5,0.0,False,False,False,True,False
local|src=L13H18|site=fact3_mother|recv=L18H18|ch=V|med=MLP13|live=none,direct_l13_primary|src=L13H18|site=fact3_mother|recv=L18H18|ch=V|med=none|live=none,L13H18,fact3_mother,L18H18,V,local,False,MLP13,none,-0.0020948410034179687,0.003365898132324219,-0.00015735626220703125,0.0018465042114257813,-0.00019073486328125,0.00258437545684995,0.4,0.6,0.6,0.0,False,False,False,False,False
slot_control|src=L13H18|site=fact2_mother|recv=L16H21|ch=K|med=MLP13+MLP14|live=none,direct_l13_control|src=L13H18|site=fact2_mother|recv=L16H21|ch=K|med=none|live=none,L13H18,fact2_mother,L16H21,K,slot_control,False,MLP13+MLP14,none,-0.0009490966796875,0.003739166259765625,0.0005992889404296875,0.0018169403076171875,0.000457763671875,0.0024080793505391624,0.55,0.4,0.55,0.0,False,False,False,True,False
local|src=L13H18|site=fact3_mother|recv=L16H21|ch=V|med=MLP13|live=none,direct_l13_primary|src=L13H18|site=fact3_mother|recv=L16H21|ch=V|med=none|live=none,L13H18,fact3_mother,L16H21,V,local,False,MLP13,none,-0.0012926101684570313,0.0024080276489257812,-0.0003406524658203125,0.0017673492431640625,-0.00061798095703125,0.002486712386971466,0.4,0.5,0.5,0.0,False,False,False,False,False
local|src=L13H18|site=fact3_template|recv=L18H19|ch=V|med=MLP14|live=none,direct_l13_primary|src=L13H18|site=fact3_template|recv=L18H19|ch=V|med=none|live=none,L13H18,fact3_template,L18H19,V,local,False,MLP14,none,0.004713821411132813,0.006137466430664063,-9.613037109375e-05,0.0017364501953125,0.0005035400390625,0.0023019892212919973,0.55,0.4,0.4,0.0,False,False,False,False,False
local|src=L16H31|site=colon|recv=L21H18|ch=Q|med=MLP16|live=none,local|src=L16H31|site=colon|recv=L21H18|ch=Q|med=none|live=none,L16H31,colon,L21H18,Q,local,False,MLP16,none,-0.004147148132324219,0.004936027526855469,0.000982666015625,0.0017333984375,0.0005645751953125,0.0022136479067822144,0.75,0.25,0.75,0.0,False,False,False,False,False
local|src=L26H23|site=colon|recv=L30H13|ch=Q|med=block28|live=none,local|src=L26H23|site=colon|recv=L30H13|ch=Q|med=none|live=none,L26H23,colon,L30H13,Q,local,False,block28,none,-0.0037656784057617187,0.005228996276855469,2.63214111328125e-05,0.0017322540283203126,0.000335693359375,0.00214952971989607,0.55,0.45,0.55,0.0,False,False,False,False,False
slot_control|src=L13H18|site=fact2_mother|recv=L16H1|ch=K|med=MLP13+MLP14|live=none,direct_l13_control|src=L13H18|site=fact2_mother|recv=L16H1|ch=K|med=none|live=none,L13H18,fact2_mother,L16H1,K,slot_control,False,MLP13+MLP14,none,-0.0002635955810546875,0.0020496368408203123,-0.0006826400756835937,0.0016893386840820313,-0.000579833984375,0.0022237453278114465,0.4,0.6,0.6,0.0,False,False,False,True,False
slot_control|src=L13H18|site=fact2_template|recv=L18H18|ch=V|med=MLP13+MLP14|live=none,direct_l13_control|src=L13H18|site=fact2_template|recv=L18H18|ch=V|med=none|live=none,L13H18,fact2_template,L18H18,V,slot_control,False,MLP13+MLP14,none,0.00041637420654296877,0.0014219284057617188,-0.0001556396484375,0.00168609619140625,-0.000244140625,0.002218916947433735,0.45,0.55,0.55,0.0,False,False,False,True,False
local|src=L16H31|site=colon|recv=L21H6|ch=Q|med=block17|live=none,local|src=L16H31|site=colon|recv=L21H6|ch=Q|med=none|live=none,L16H31,colon,L21H6,Q,local,False,block17,none,-0.0028348922729492187,0.0035139083862304687,0.0004892349243164062,0.0016679763793945312,0.00054168701171875,0.0019232127842786415,0.55,0.45,0.55,0.0,False,False,False,False,False
local|src=L13H18|site=fact1_mother|recv=L16H1|ch=K|med=MLP13+MLP14|live=none,direct_l13_primary|src=L13H18|site=fact1_mother|recv=L16H1|ch=K|med=none|live=none,L13H18,fact1_mother,L16H1,K,local,False,MLP13+MLP14,none,0.0013479232788085938,0.0025121688842773436,-0.00046634674072265625,0.0016111373901367188,-0.00060272216796875,0.0020570157539014917,0.4,0.55,0.55,0.0,False,False,False,False,False
local|src=L8H15|site=other_answer_fact_sentence|recv=L16H21|ch=V|med=MLP8|live=none,local|src=L8H15|site=other_answer_fact_sentence|recv=L16H21|ch=V|med=none|live=none,L8H15,other_answer_fact_sentence,L16H21,V,local,False,MLP8,none,-0.0024326324462890627,0.0028011322021484373,-0.0007762908935546875,0.0015850067138671875,-0.00081634521484375,0.0019444629223528316,0.4,0.6,0.6,0.0,False,False,False,False,False
local|src=L13H18|site=fact1_mother|recv=L16H1|ch=V|med=MLP13|live=none,direct_l13_primary|src=L13H18|site=fact1_mother|recv=L16H1|ch=V|med=none|live=none,L13H18,fact1_mother,L16H1,V,local,False,MLP13,none,0.0010532379150390626,0.0021488189697265623,0.00029010772705078124,0.0015600204467773437,0.000152587890625,0.0020605723847825974,0.5,0.4,0.5,0.0,False,False,False,False,False
slot_control|src=L13H18|site=fact2_template|recv=L18H19|ch=V|med=MLP13+MLP14|live=none,direct_l13_control|src=L13H18|site=fact2_template|recv=L18H19|ch=V|med=none|live=none,L13H18,fact2_template,L18H19,V,slot_control,False,MLP13+MLP14,none,-0.000165557861328125,0.001944732666015625,-0.000614166259765625,0.001546478271484375,-0.000640869140625,0.0019972354787235825,0.4,0.6,0.6,0.0,False,False,False,True,False
local|src=L13H18|site=fact3_mother|recv=L18H18|ch=V|med=MLP13+MLP14|live=none,direct_l13_primary|src=L13H18|site=fact3_mother|recv=L18H18|ch=V|med=none|live=none,L13H18,fact3_mother,L18H18,V,local,False,MLP13+MLP14,none,-0.0015924453735351562,0.002840614318847656,0.00034503936767578126,0.0014982223510742188,0.00018310546875,0.0022442628530455824,0.5,0.5,0.5,0.0,False,False,False,False,False
local|src=L13H18|site=fact3_template|recv=L16H21|ch=V|med=MLP13|live=none,direct_l13_primary|src=L13H18|site=fact3_template|recv=L16H21|ch=V|med=none|live=none,L13H18,fact3_template,L16H21,V,local,False,MLP13,none,-0.0010128021240234375,0.0028224945068359374,-0.00013828277587890625,0.0014352798461914062,-0.000518798828125,0.001962460569083132,0.35,0.65,0.65,0.0,False,False,False,False,False
local|src=L13H18|site=fact3_mother|recv=L18H18|ch=V|med=MLP14|live=none,direct_l13_primary|src=L13H18|site=fact3_mother|recv=L18H18|ch=V|med=none|live=none,L13H18,fact3_mother,L18H18,V,local,False,MLP14,none,-0.0009717941284179688,0.0021924972534179688,0.0009656906127929688,0.0014249801635742188,0.00060272216796875,0.0018797405361660486,0.6,0.35,0.6,0.0,False,False,False,False,False
local|src=L13H18|site=fact3_mother|recv=L16H21|ch=K|med=MLP13|live=none,direct_l13_primary|src=L13H18|site=fact3_mother|recv=L16H21|ch=K|med=none|live=none,L13H18,fact3_mother,L16H21,K,local,False,MLP13,none,-0.00044193267822265623,0.001957130432128906,1.010894775390625e-05,0.0013814926147460937,9.1552734375e-05,0.0018554502390330447,0.5,0.5,0.5,0.0,False,False,False,False,False
slot_control|src=L13H18|site=fact2_template|recv=L18H18|ch=K|med=MLP13+MLP14|live=none,direct_l13_control|src=L13H18|site=fact2_template|recv=L18H18|ch=K|med=none|live=none,L13H18,fact2_template,L18H18,K,slot_control,False,MLP13+MLP14,none,0.00047664642333984376,0.0015310287475585938,0.0005193710327148438,0.0013650894165039063,0.0008392333984375,0.0016220817067172405,0.65,0.35,0.65,0.0,False,False,False,True,False
slot_control|src=L13H18|site=fact0_mother|recv=L16H1|ch=K|med=MLP13+MLP14|live=none,direct_l13_control|src=L13H18|site=fact0_mother|recv=L16H1|ch=K|med=none|live=none,L13H18,fact0_mother,L16H1,K,slot_control,False,MLP13+MLP14,none,0.0,0.0,0.0,0.0,0.0,0.0,0.0,0.0,0.0,0.0,False,False,False,True,False
slot_control|src=L13H18|site=fact0_mother|recv=L16H1|ch=V|med=MLP13+MLP14|live=none,direct_l13_control|src=L13H18|site=fact0_mother|recv=L16H1|ch=V|med=none|live=none,L13H18,fact0_mother,L16H1,V,slot_control,False,MLP13+MLP14,none,0.0,0.0,0.0,0.0,0.0,0.0,0.0,0.0,0.0,0.0,False,False,False,True,False
slot_control|src=L13H18|site=fact0_mother|recv=L16H21|ch=K|med=MLP13+MLP14|live=none,direct_l13_control|src=L13H18|site=fact0_mother|recv=L16H21|ch=K|med=none|live=none,L13H18,fact0_mother,L16H21,K,slot_control,False,MLP13+MLP14,none,0.0,0.0,0.0,0.0,0.0,0.0,0.0,0.0,0.0,0.0,False,False,False,True,False
slot_control|src=L13H18|site=fact0_mother|recv=L16H21|ch=V|med=MLP13+MLP14|live=none,direct_l13_control|src=L13H18|site=fact0_mother|recv=L16H21|ch=V|med=none|live=none,L13H18,fact0_mother,L16H21,V,slot_control,False,MLP13+MLP14,none,0.0,0.0,0.0,0.0,0.0,0.0,0.0,0.0,0.0,0.0,False,False,False,True,False
slot_control|src=L13H18|site=fact0_mother|recv=L18H18|ch=K|med=MLP13+MLP14|live=none,direct_l13_control|src=L13H18|site=fact0_mother|recv=L18H18|ch=K|med=none|live=none,L13H18,fact0_mother,L18H18,K,slot_control,False,MLP13+MLP14,none,0.0,0.0,0.0,0.0,0.0,0.0,0.0,0.0,0.0,0.0,False,False,False,True,False
slot_control|src=L13H18|site=fact0_mother|recv=L18H18|ch=V|med=MLP13+MLP14|live=none,direct_l13_control|src=L13H18|site=fact0_mother|recv=L18H18|ch=V|med=none|live=none,L13H18,fact0_mother,L18H18,V,slot_control,False,MLP13+MLP14,none,0.0,0.0,0.0,0.0,0.0,0.0,0.0,0.0,0.0,0.0,False,False,False,True,False
slot_control|src=L13H18|site=fact0_mother|recv=L18H19|ch=K|med=MLP13+MLP14|live=none,direct_l13_control|src=L13H18|site=fact0_mother|recv=L18H19|ch=K|med=none|live=none,L13H18,fact0_mother,L18H19,K,slot_control,False,MLP13+MLP14,none,0.0,0.0,0.0,0.0,0.0,0.0,0.0,0.0,0.0,0.0,False,False,False,True,False
slot_control|src=L13H18|site=fact0_mother|recv=L18H19|ch=V|med=MLP13+MLP14|live=none,direct_l13_control|src=L13H18|site=fact0_mother|recv=L18H19|ch=V|med=none|live=none,L13H18,fact0_mother,L18H19,V,slot_control,False,MLP13+MLP14,none,0.0,0.0,0.0,0.0,0.0,0.0,0.0,0.0,0.0,0.0,False,False,False,True,False
