head,routing_signed,routing_mean_absolute,values_mean_absolute,interaction_mean_absolute
L0H1,-0.00030274337597107617,0.0027965267052811184,0.002788436546754301,0.004105492924036605
L1H27,0.00019262613875142644,0.0024697110894021023,0.0025361843323439695,0.003472301397430763
L2H1,-0.0006272310621283027,0.00254454505577516,0.0028418315930312937,0.004337053620413448
L2H21,-0.0005171432923734857,0.002237786068005508,0.002580811468402991,0.0038406420289800406
L2H22,-0.0005849157826284345,0.003205307414022724,0.0025936083847217344,0.004184870237714789
L3H11,-0.00036413214179906953,0.002831801939546392,0.003218942813658982,0.004081176907828684
L4H0,-0.0003393419672933857,0.002716476997632659,0.002645138944132944,0.004100649544362272
L5H18,-2.404009358266766e-05,0.0031322147069352394,0.003444087639283598,0.004715635535422336
L6H2,-0.0006092103679528397,0.002742161911525083,0.0028395920657040027,0.004217935412117605
L6H12,-0.00022394201728735078,0.0025935548075129477,0.002576067206564914,0.0036817186334159938
L6H24,-0.00014092948999297754,0.003079210774282391,0.0029704517193054887,0.003876809323771616
L7H1,0.0002786657783422577,0.0027566974082689605,0.002863953622539392,0.004320884018801571
L7H18,-0.0002782559126950382,0.0028035212098882437,0.00283931882193919,0.0032456403367974785
L7H25,-0.0005122891972573955,0.0028969357522685875,0.0027285533004932187,0.0037336590584744226
L8H8,0.00025816178053952334,0.0029369793581158926,0.0026880703615338613,0.004419776830780372
L8H15,-0.0002949746806969803,0.0030382027786769223,0.003255311022983508,0.003931158044365015
L8H16,-3.356612130497279e-05,0.0029453802644536734,0.0027972446398788625,0.004588748631852396
L9H6,-0.00042313136411516856,0.002851432628845901,0.004153015908230556,0.0039627203780613586
L9H16,0.00031453036190418716,0.002966623627737667,0.002818954124879301,0.00382836481158653
L9H17,-0.000822469089808089,0.003564668505379323,0.004180005427156941,0.004927921830938103
L9H22,-0.0010707485541868746,0.0030299813559885773,0.003325665934701984,0.0038695897948875855
L9H23,-0.0006380402640010534,0.00306999549437105,0.0027373506781760227,0.004251013980822616
L9H26,-0.0003343164251091775,0.0030279963204030242,0.003832040208109309,0.004706832800018653
L10H16,-0.0001363781061065331,0.0033176856094531797,0.003959853997391262,0.004154636618796359
L11H3,-0.0015947282984015646,0.005216199360536725,0.005423776219400127,0.005985702021738116
L11H4,0.00011723764826742451,0.0032501542166377723,0.003295743063594518,0.0034666114978575972
L11H7,0.0002992019224702642,0.0026485089505656383,0.0037849619147482883,0.00420151399762443
L11H15,-8.933731679166301e-05,0.002657175064086914,0.006968230343936534,0.003576586755473962
L11H20,6.4405162682694e-05,0.003165550446242429,0.003469306431459577,0.0038056025344334293
L11H27,0.0005377973063608233,0.012329112277941758,0.012434771891390339,0.007143079564812478
L12H2,-0.00021769491474280198,0.0033105357309405723,0.003992053899872169,0.004603166258736943
L12H9,-0.0012174134843804863,0.008949922711661692,0.009259320376964097,0.005396687582637487
L12H17,-0.0007952411523026027,0.004306509253684055,0.016866619667310394,0.004508610521809438
L13H1,-0.0004184058543001668,0.0027000662985812414,0.0026980357223682187,0.0034817309861772516
L13H10,-0.0012219086121977045,0.005008049225539304,0.033325982897469165,0.004908325966824306
L13H22,0.0005163878537295909,0.00857568590828542,0.00824190793412455,0.005267445960741365
L13H30,-4.810697576972876e-05,0.004072473290261258,0.0042322378480032586,0.005189807227488314
L14H10,-0.00016283185294504914,0.004705964849236306,0.010377841049365783,0.005946719244624791
L14H23,0.0003768165459793605,0.006248701824231095,0.033523184529850994,0.004432919320095791
L14H26,-0.0012935466980666258,0.008726827214273173,0.05738322118694863,0.004585775096764725
L15H0,0.0004781283689348885,0.008110233906949505,0.0024703995565350137,0.004042397724108749
L15H2,-0.002353341391917025,0.007266682185483783,0.010000255670440331,0.008904103482707162
L15H3,-0.010257994191030437,0.026435739538642797,0.05172210864806443,0.018142142992341116
L15H18,-0.006762804610005925,0.06895346052191231,0.051700683122270566,0.021267703409945028
L15H25,0.005101771836870172,0.02335340521308813,0.17200338170769508,0.019681437631671347
L15H27,0.0004867435841078169,0.005978911110524381,0.008209346385484331,0.003850208239608936
L15H28,0.001190153400549728,0.021787568424524884,0.022286061490519662,0.013790109184350861
L15H29,-0.0005740315726633822,0.0035184099433127414,0.0040665422932485516,0.005508452319027333
L16H1,0.043036728762508775,0.17634283558706218,0.8259381102711967,0.13726323575116275
L16H2,0.00019798921735099192,0.007436034384738194,0.01304519846198264,0.004950957351856017
L16H4,0.0029098746481906164,0.010711166296112403,0.02163435903827796,0.006664477037579826
L16H16,0.004612017213628533,0.008927275625507483,0.016042912943979328,0.0062203728750850375
L16H21,-0.05224114857362897,0.16841033871254224,0.9464142938678184,0.1282574621479163
L16H24,-0.003973130429728648,0.05155406373270442,0.05256434772791487,0.022838592529296875
L16H31,-0.0067957010162010625,0.03464728794740827,0.1663578145959404,0.031110364399599227
L17H1,-0.0001274280333786868,0.015377730466006847,0.05395217424028375,0.036245276418964516
L17H3,-0.10101765996954415,0.15287801388944133,0.3612047393670243,0.10509852612956186
L17H5,0.0005107997508531206,0.02230986584438367,0.05851079104991441,0.03270354431666685
L17H17,-0.011850158819991552,0.08298309733358662,0.5247589122043567,0.04366559660836552
L17H24,-0.006209678864211179,0.07091468103816,0.4220156026690194,0.14795596412058626
L18H5,-0.0008844150586074657,0.007229992512906535,0.009653190548500319,0.006872161050860802
L18H15,0.00018988566452197815,0.0077719554472505375,0.01119227891557672,0.008078009894724642
L18H18,0.10974017153964953,0.4062739061505607,2.8844732273830456,0.8106310233641206
L18H19,0.08061873510982213,0.256548736872298,3.157418727874756,0.5423982545231165
L18H22,0.017659535568751647,0.03539170575945565,0.08969974517822266,0.030135379748398
L18H24,-0.02824838509720363,0.288748446475254,0.5814457743355398,0.4709165819575278
L19H16,-0.16423480430345858,0.2030811095505618,0.6859003399195296,0.3213887830798546
L19H20,0.0028313143869464316,0.0050971802700771375,0.0028860274325595812,0.004733798209201084
L19H22,0.014048220066542036,0.06899151909217406,0.4203921275192432,0.1578067313419299
L20H1,-0.21467035807920307,0.3148033752870024,1.2969278807050726,0.5822802768664413
L20H7,-0.039472783549448075,0.10361488213699856,0.22124739443318228,0.13094648082604568
L20H14,2.0675444870852353e-05,0.019991269272364928,0.019652532727530835,0.023898874775747234
L21H6,0.004665572991531887,0.09028973204366277,0.6203096458751164,0.2836606117446771
L21H11,-0.0007585836260506276,0.0026437941561923937,0.0023063595375318207,0.003509108939867341
L21H18,0.011019240604357773,0.16002463758661506,1.6949202130349834,0.46601131926761585
L21H22,-0.0009269633989655569,0.003777683450934592,0.0023898676540074723,0.003884245840351233
L21H23,-0.0034353545542513387,0.0661656293976173,0.6386165190278814,0.23737699530097875
L21H24,0.004286524954806553,0.016480944129858125,0.015199554100465239,0.023238787490330384
L21H25,0.0014155152138699307,0.037702951538428835,0.05090716983495134,0.07660947488934806
L21H27,0.0011953450320811754,0.03857809238219529,0.03601715537939179,0.05301172813672698
L22H5,-0.004524198810705978,0.2381301944175463,1.0522937988967038,0.6131503608789337
L22H15,0.00026648767878500264,0.0023367110263095812,0.0016439148549283488,0.0027347575412707383
L22H31,0.00020393628752633428,0.014819659543841074,0.016653516319360625,0.0310788101024842
L23H10,0.005866522199652168,0.02231986870926418,0.03987730219123069,0.0432023841343569
L23H15,-0.09324709217200118,0.17120082726639307,0.8512617872002419,0.332384564903345
L23H17,-0.0004753745004032435,0.0024229917633399535,0.002061592059189014,0.002990537814879685
L24H17,-0.01691803771458315,0.06605413522613182,0.09032254272632384,0.09288869814926319
L25H11,0.0003473410445652651,0.001915095897203081,0.001805053668075733,0.0026632158943776336
L25H13,0.005237715967585531,0.012395314955979252,0.002654397085811315,0.0045181820901592125
L25H15,0.00022248471720834797,0.002543085076835718,0.002333946442336179,0.003526216142632988
L25H17,-0.016369567828231985,0.08463278245390131,1.2935328805044797,0.25865462254942134
L25H18,-0.012557276179281514,0.075392948107773,0.06555631723296776,0.12718208720175067
L25H20,0.0006918049930186754,0.002713562397474653,0.002169292964292376,0.00324122825365388
L25H21,-0.00622758704624819,0.047972724678811064,0.04436609182464943,0.09752415271287554
L26H23,-0.052419105272614556,0.2038070700141821,0.3359150029300304,0.5222446838121736
L26H31,0.0012191761745495742,0.0461323716667261,0.04806383540121357,0.08962224038799158
L27H6,0.2691686930281393,0.6746540819661001,2.667790589707621,1.253567331292656
L27H23,-0.00042589059036769224,0.005899231085616551,0.004824488350514616,0.007593401362386982
L28H1,0.0013452272736624385,0.0035639773593859727,0.0022403363431437633,0.004060895255442416
L28H15,-0.0023545683099982445,0.009487130668725861,0.007886891954400566,0.014595910404505355
L29H5,0.0008180570066644904,0.003070651815178689,0.0017606756660375703,0.0018622339441535178
L30H3,-0.02779173047355052,0.06173554966958721,0.06386599379978823,0.1259259856149052
L30H13,-0.033254269803507944,0.05655090460616551,0.5999773325545065,0.2612662904717949
L30H18,-0.17701265785131562,0.4373059112034487,0.8449861976537811,0.5875727621357093
L31H1,-0.005453538358881233,0.030803969736849325,0.02843447213762262,0.054770177669739455
