pair_id,family,order,writer,site,readout,intact_contrast,head_site_shift,head_span_shift,entity_swap_shift,irrelevant_shift,none_contrast
000/direct/base/0/order0,0,0,L15H25,query_child_last,identity,5.75,0.00390625,0.00390625,0.0,1.1914067268371582,5.82421875
000/direct/base/0/order0,0,0,L15H25,query_child_last,mother_of,5.173828125,0.0,0.0,0.003906726837158203,0.009765148162841797,5.205078601837158
000/direct/base/0/order0,0,0,L15H25,query_is,identity,5.97265625,0.00390625,0.00390625,-0.01953125,-0.109375,5.82421875
000/direct/base/0/order0,0,0,L15H25,query_is,mother_of,5.191405773162842,-0.0019521713256835938,-0.0019521713256835938,-0.005859375,0.003906726837158203,5.205078601837158
000/direct/base/0/order0,0,0,L17H1,query_is,identity,6.710937023162842,-0.3789057731628418,-0.3789057731628418,-0.3203115463256836,-0.2421875,5.82421875
000/direct/base/0/order0,0,0,L17H1,query_is,mother_of,5.2109375,-0.00390625,-0.00390625,0.001953601837158203,0.00390625,5.205078601837158
000/direct/base/0/order0,0,0,L17H1,query_period,identity,6.3984375,-0.046875,-0.046875,0.015625,0.328125,5.82421875
000/direct/base/0/order0,0,0,L17H1,query_period,mother_of,5.183594226837158,-0.015625476837158203,-0.015625476837158203,-0.021484851837158203,0.037108421325683594,5.205078601837158
000/direct/base/0/order1,0,1,L15H25,query_child_last,identity,6.00390625,0.00390625,0.00390625,0.0078125,1.0742182731628418,5.82421875
000/direct/base/0/order1,0,1,L15H25,query_child_last,mother_of,5.173828601837158,0.005859375,0.005859375,0.0078125,0.00390625,5.205078601837158
000/direct/base/0/order1,0,1,L15H25,query_is,identity,6.1171875,-0.00390625,-0.00390625,-0.22265625,-0.203125,5.82421875
000/direct/base/0/order1,0,1,L15H25,query_is,mother_of,5.193358898162842,0.001953601837158203,0.001953601837158203,0.001953601837158203,-0.007812023162841797,5.205078601837158
000/direct/base/0/order1,0,1,L17H1,query_is,identity,6.980468273162842,-0.5156240463256836,-0.5156240463256836,-0.4999990463256836,-0.609375,5.82421875
000/direct/base/0/order1,0,1,L17H1,query_is,mother_of,5.220703125,-0.017578125,-0.017578125,-0.003905773162841797,-0.005859851837158203,5.205078601837158
000/direct/base/0/order1,0,1,L17H1,query_period,identity,6.76171875,-0.019531726837158203,-0.019531726837158203,-0.01171875,-0.359375,5.82421875
000/direct/base/0/order1,0,1,L17H1,query_period,mother_of,5.22265625,-0.009765625,-0.009765625,0.0,-0.05859375,5.205078601837158
016/direct/base/0/order0,16,0,L15H25,query_child_last,identity,-0.68359375,-0.00390625,-0.00390625,0.04296875,0.09765625,0.7265625
016/direct/base/0/order0,16,0,L15H25,query_child_last,mother_of,0.572265625,0.00390625,0.00390625,0.001953125,-0.001953125,0.501953125
016/direct/base/0/order0,16,0,L15H25,query_is,identity,-0.30078125,0.00390625,0.00390625,-0.15625,-0.25,0.7265625
016/direct/base/0/order0,16,0,L15H25,query_is,mother_of,0.595703125,-0.00390625,-0.00390625,-0.017578125,-0.01171875,0.501953125
016/direct/base/0/order0,16,0,L17H1,query_is,identity,-0.8632817268371582,-0.40625,-0.40625,-0.47265625,-0.5585932731628418,0.7265625
016/direct/base/0/order0,16,0,L17H1,query_is,mother_of,0.59375,0.0,0.0,0.0,0.00390625,0.501953125
016/direct/base/0/order0,16,0,L17H1,query_period,identity,-1.07421875,-0.08203125,-0.08203125,-0.0703120231628418,-0.02734375,0.7265625
016/direct/base/0/order0,16,0,L17H1,query_period,mother_of,0.619140625,-0.03125,-0.03125,-0.0390625,-0.033203125,0.501953125
016/direct/base/0/order1,16,1,L15H25,query_child_last,identity,-0.61328125,0.00390625,0.00390625,0.015625,0.01953125,0.7265625
016/direct/base/0/order1,16,1,L15H25,query_child_last,mother_of,0.57421875,0.0,0.0,-0.001953125,-0.005859375,0.501953125
016/direct/base/0/order1,16,1,L15H25,query_is,identity,-0.328125,-0.00390625,-0.00390625,-0.21875,-0.1875,0.7265625
016/direct/base/0/order1,16,1,L15H25,query_is,mother_of,0.603515625,-0.001953125,-0.001953125,-0.015625,-0.025390625,0.501953125
016/direct/base/0/order1,16,1,L17H1,query_is,identity,-0.84765625,-0.5078125,-0.5078125,-0.6484375,-0.4843745231628418,0.7265625
016/direct/base/0/order1,16,1,L17H1,query_is,mother_of,0.599609375,-0.01171875,-0.01171875,-0.00390625,-0.001953125,0.501953125
016/direct/base/0/order1,16,1,L17H1,query_period,identity,-1.03515625,-0.0234375,-0.0234375,-0.05859375,-0.1171879768371582,0.7265625
016/direct/base/0/order1,16,1,L17H1,query_period,mother_of,0.591796875,-0.013671875,-0.013671875,-0.005859375,-0.015625,0.501953125
032/direct/base/0/order0,32,0,L15H25,query_child_last,identity,7.58984375,0.0,0.0,0.01171875,-0.1171879768371582,7.058594703674316
032/direct/base/0/order0,32,0,L15H25,query_child_last,mother_of,0.212890625,-0.00390625,-0.00390625,0.0,-0.001953125,0.140625
032/direct/base/0/order0,32,0,L15H25,query_is,identity,7.28125,-0.011719226837158203,-0.011719226837158203,-0.14453125,-0.12109375,7.058594703674316
032/direct/base/0/order0,32,0,L15H25,query_is,mother_of,0.220703125,0.0,0.0,0.005859375,0.025390625,0.140625
032/direct/base/0/order0,32,0,L17H1,query_is,identity,7.968750476837158,-0.3085942268371582,-0.3085942268371582,-0.3437504768371582,-0.3984375,7.058594703674316
032/direct/base/0/order0,32,0,L17H1,query_is,mother_of,0.25,-0.0234375,-0.0234375,-0.025390625,-0.03125,0.140625
032/direct/base/0/order0,32,0,L17H1,query_period,identity,7.8359375,-0.0234375,-0.0234375,-0.03125,0.0820317268371582,7.058594703674316
032/direct/base/0/order0,32,0,L17H1,query_period,mother_of,0.28515625,-0.02734375,-0.02734375,-0.029296875,-0.068359375,0.140625
032/direct/base/0/order1,32,1,L15H25,query_child_last,identity,7.63671875,0.003906726837158203,0.003906726837158203,0.023437023162841797,-0.1523442268371582,7.058594703674316
032/direct/base/0/order1,32,1,L15H25,query_child_last,mother_of,0.212890625,0.001953125,0.001953125,0.0,0.0078125,0.140625
032/direct/base/0/order1,32,1,L15H25,query_is,identity,7.28125,0.0,0.0,-0.12890625,-0.1640625,7.058594703674316
032/direct/base/0/order1,32,1,L15H25,query_is,mother_of,0.228515625,-0.001953125,-0.001953125,0.01171875,0.001953125,0.140625
032/direct/base/0/order1,32,1,L17H1,query_is,identity,8.035156726837158,-0.3789072036743164,-0.3789072036743164,-0.4375004768371582,-0.4335942268371582,7.058594703674316
032/direct/base/0/order1,32,1,L17H1,query_is,mother_of,0.26171875,-0.02734375,-0.02734375,-0.0390625,-0.037109375,0.140625
032/direct/base/0/order1,32,1,L17H1,query_period,identity,7.9375,0.0,0.0,-0.01953125,-0.1328125,7.058594703674316
032/direct/base/0/order1,32,1,L17H1,query_period,mother_of,0.240234375,-0.015625,-0.015625,-0.01953125,0.009765625,0.140625
048/direct/base/0/order0,48,0,L15H25,query_child_last,identity,2.515625,0.0468745231628418,0.0468745231628418,0.16796875,-1.40234375,1.6484375
048/direct/base/0/order0,48,0,L15H25,query_child_last,mother_of,0.486328125,0.0,0.0,0.0,-0.966796875,0.51171875
048/direct/base/0/order0,48,0,L15H25,query_is,identity,0.9765625,0.00390625,0.00390625,-0.12109375,-0.04296875,1.6484375
048/direct/base/0/order0,48,0,L15H25,query_is,mother_of,0.45703125,0.0,0.0,0.0,0.001953125,0.51171875
048/direct/base/0/order0,48,0,L17H1,query_is,identity,1.19140625,-0.3359375,-0.3359375,-0.38671875,-0.515625,1.6484375
048/direct/base/0/order0,48,0,L17H1,query_is,mother_of,0.4609375,-0.00390625,-0.00390625,-0.005859375,-0.009765625,0.51171875
048/direct/base/0/order0,48,0,L17H1,query_period,identity,0.97265625,-0.0781254768371582,-0.0781254768371582,-0.1093745231628418,0.08984375,1.6484375
048/direct/base/0/order0,48,0,L17H1,query_period,mother_of,0.48046875,-0.015625,-0.015625,-0.015625,-0.021484375,0.51171875
048/direct/base/0/order1,48,1,L15H25,query_child_last,identity,2.054687023162842,0.0390629768371582,0.0390629768371582,0.0781254768371582,-0.8398432731628418,1.6484375
048/direct/base/0/order1,48,1,L15H25,query_child_last,mother_of,0.478515625,0.001953125,0.001953125,0.001953125,-0.36328125,0.51171875
048/direct/base/0/order1,48,1,L15H25,query_is,identity,1.11328125,0.0078125,0.0078125,-0.20703125,-0.26953125,1.6484375
048/direct/base/0/order1,48,1,L15H25,query_is,mother_of,0.458984375,0.0,0.0,0.0,-0.005859375,0.51171875
048/direct/base/0/order1,48,1,L17H1,query_is,identity,1.4453129768371582,-0.7734379768371582,-0.7734379768371582,-0.7539067268371582,-0.6679692268371582,1.6484375
048/direct/base/0/order1,48,1,L17H1,query_is,mother_of,0.462890625,-0.01171875,-0.01171875,-0.009765625,-0.009765625,0.51171875
048/direct/base/0/order1,48,1,L17H1,query_period,identity,1.09375,-0.015625,-0.015625,-0.0234375,-0.23046875,1.6484375
048/direct/base/0/order1,48,1,L17H1,query_period,mother_of,0.470703125,-0.009765625,-0.009765625,-0.01171875,0.0,0.51171875
056/direct/base/0/order0,56,0,L15H25,query_child_last,identity,-0.73828125,-0.00390625,-0.00390625,0.015625,0.0390625,-0.59375
056/direct/base/0/order0,56,0,L15H25,query_child_last,mother_of,0.2578125,0.0,0.0,0.00390625,0.037109375,0.34765625
056/direct/base/0/order0,56,0,L15H25,query_is,identity,-0.375,0.00390625,0.00390625,0.1015625,0.19140625,-0.59375
056/direct/base/0/order0,56,0,L15H25,query_is,mother_of,0.302734375,-0.001953125,-0.001953125,0.00390625,0.0078125,0.34765625
056/direct/base/0/order0,56,0,L17H1,query_is,identity,-0.26171875,-0.2265625,-0.2265625,-0.21875,-0.2734375,-0.59375
056/direct/base/0/order0,56,0,L17H1,query_is,mother_of,0.322265625,-0.009765625,-0.009765625,-0.0078125,-0.0078125,0.34765625
056/direct/base/0/order0,56,0,L17H1,query_period,identity,-0.33203125,-0.06640625,-0.06640625,-0.06640625,-0.1171875,-0.59375
056/direct/base/0/order0,56,0,L17H1,query_period,mother_of,0.322265625,-0.0390625,-0.0390625,-0.03515625,-0.009765625,0.34765625
056/direct/base/0/order1,56,1,L15H25,query_child_last,identity,-0.73046875,0.003905773162841797,0.003905773162841797,0.0078125,0.21484375,-0.59375
056/direct/base/0/order1,56,1,L15H25,query_child_last,mother_of,0.2734375,0.0,0.0,0.001953125,0.021484375,0.34765625
056/direct/base/0/order1,56,1,L15H25,query_is,identity,-0.34375,0.01171875,0.01171875,0.109375,0.0859375,-0.59375
056/direct/base/0/order1,56,1,L15H25,query_is,mother_of,0.30078125,0.001953125,0.001953125,0.005859375,0.0078125,0.34765625
056/direct/base/0/order1,56,1,L17H1,query_is,identity,-0.0546875,-0.53125,-0.53125,-0.5,-0.4257807731628418,-0.59375
056/direct/base/0/order1,56,1,L17H1,query_is,mother_of,0.328125,-0.025390625,-0.025390625,-0.013671875,-0.01171875,0.34765625
056/direct/base/0/order1,56,1,L17H1,query_period,identity,-0.41796875,-0.01171875,-0.01171875,-0.01953125,0.00390625,-0.59375
056/direct/base/0/order1,56,1,L17H1,query_period,mother_of,0.3203125,-0.013671875,-0.013671875,-0.005859375,-0.025390625,0.34765625
064/direct/base/0/order0,64,0,L15H25,query_child_last,identity,-0.35546875,-0.01953125,-0.01953125,0.05859375,0.8945317268371582,-0.45703125
064/direct/base/0/order0,64,0,L15H25,query_child_last,mother_of,-0.447265625,0.0,0.0,0.001953125,0.01953125,-0.34375
064/direct/base/0/order0,64,0,L15H25,query_is,identity,0.5,0.007812023162841797,0.007812023162841797,-0.00390625,0.015625,-0.45703125
064/direct/base/0/order0,64,0,L15H25,query_is,mother_of,-0.41015625,0.0,0.0,0.0,0.001953125,-0.34375
064/direct/base/0/order0,64,0,L17H1,query_is,identity,0.484375,-0.39453125,-0.39453125,-0.4921875,-0.61328125,-0.45703125
064/direct/base/0/order0,64,0,L17H1,query_is,mother_of,-0.40234375,-0.013671875,-0.013671875,-0.005859375,-0.013671875,-0.34375
064/direct/base/0/order0,64,0,L17H1,query_period,identity,0.43359375,-0.0546875,-0.0546875,-0.0625,-0.2265625,-0.45703125
064/direct/base/0/order0,64,0,L17H1,query_period,mother_of,-0.41015625,-0.0234375,-0.0234375,-0.029296875,-0.009765625,-0.34375
064/direct/base/0/order1,64,1,L15H25,query_child_last,identity,-0.09765625,-0.0234375,-0.0234375,-0.01953125,0.671875,-0.45703125
064/direct/base/0/order1,64,1,L15H25,query_child_last,mother_of,-0.4453125,-0.00390625,-0.00390625,0.001953125,0.01171875,-0.34375
064/direct/base/0/order1,64,1,L15H25,query_is,identity,0.546875,0.015625,0.015625,0.01171875,-0.0703129768371582,-0.45703125
064/direct/base/0/order1,64,1,L15H25,query_is,mother_of,-0.408203125,0.0,0.0,0.0,-0.001953125,-0.34375
064/direct/base/0/order1,64,1,L17H1,query_is,identity,0.6640625,-0.70703125,-0.70703125,-0.78515625,-0.64453125,-0.45703125
064/direct/base/0/order1,64,1,L17H1,query_is,mother_of,-0.39453125,-0.033203125,-0.033203125,-0.017578125,-0.017578125,-0.34375
064/direct/base/0/order1,64,1,L17H1,query_period,identity,0.23828125,-0.03125,-0.03125,-0.0390625,0.125,-0.45703125
064/direct/base/0/order1,64,1,L17H1,query_period,mother_of,-0.412109375,-0.0234375,-0.0234375,-0.013671875,-0.0234375,-0.34375
082/direct/base/0/order0,82,0,L15H25,query_child_last,identity,0.41015625,0.0078125,0.0078125,-0.00390625,-0.25,1.21875
082/direct/base/0/order0,82,0,L15H25,query_child_last,mother_of,1.70703125,0.0,0.0,0.001953125,-0.00390625,1.681640625
082/direct/base/0/order0,82,0,L15H25,query_is,identity,0.24609375,0.0078125,0.0078125,-0.421875,-0.4375,1.21875
082/direct/base/0/order0,82,0,L15H25,query_is,mother_of,1.705078125,-0.001953125,-0.001953125,-0.0078125,-0.00390625,1.681640625
082/direct/base/0/order0,82,0,L17H1,query_is,identity,0.1406245231628418,-0.45703125,-0.45703125,-0.6992182731628418,-0.8984370231628418,1.21875
082/direct/base/0/order0,82,0,L17H1,query_is,mother_of,1.70703125,-0.00390625,-0.00390625,-0.00390625,-0.009765625,1.681640625
082/direct/base/0/order0,82,0,L17H1,query_period,identity,0.078125,-0.1171875,-0.1171875,-0.12109375,-0.140625,1.21875
082/direct/base/0/order0,82,0,L17H1,query_period,mother_of,1.712890625,-0.0546875,-0.0546875,-0.046875,-0.01953125,1.681640625
082/direct/base/0/order1,82,1,L15H25,query_child_last,identity,0.2265625,0.01953125,0.01953125,-0.015625,0.1484375,1.21875
082/direct/base/0/order1,82,1,L15H25,query_child_last,mother_of,1.701171875,0.001953125,0.001953125,0.009765625,0.015625,1.681640625
082/direct/base/0/order1,82,1,L15H25,query_is,identity,0.46875,0.00390625,0.00390625,-0.60546875,-0.640625,1.21875
082/direct/base/0/order1,82,1,L15H25,query_is,mother_of,1.7109375,0.0,0.0,-0.0078125,-0.021484375,1.681640625
082/direct/base/0/order1,82,1,L17H1,query_is,identity,0.22265625,-0.609375,-0.609375,-0.9960932731628418,-0.7460942268371582,1.21875
082/direct/base/0/order1,82,1,L17H1,query_is,mother_of,1.708984375,-0.009765625,-0.009765625,-0.01171875,-0.013671875,1.681640625
082/direct/base/0/order1,82,1,L17H1,query_period,identity,0.00390625,-0.015625,-0.015625,-0.0390625,-0.08984375,1.21875
082/direct/base/0/order1,82,1,L17H1,query_period,mother_of,1.70703125,-0.021484375,-0.021484375,-0.017578125,-0.037109375,1.681640625
096/direct/base/0/order0,96,0,L15H25,query_child_last,identity,1.234375,-0.01171875,-0.01171875,-0.05078125,-0.6484375,2.6953125
096/direct/base/0/order0,96,0,L15H25,query_child_last,mother_of,1.322265625,0.001953125,0.001953125,0.00390625,0.013671875,1.427734375
096/direct/base/0/order0,96,0,L15H25,query_is,identity,1.35546875,0.01953125,0.01953125,-0.21484375,-0.13671875,2.6953125
096/direct/base/0/order0,96,0,L15H25,query_is,mother_of,1.357421875,-0.00390625,-0.00390625,0.001953125,-0.001953125,1.427734375
096/direct/base/0/order0,96,0,L17H1,query_is,identity,1.71875,-0.296875,-0.296875,-0.3515625,-0.28515625,2.6953125
096/direct/base/0/order0,96,0,L17H1,query_is,mother_of,1.3515625,0.01171875,0.01171875,0.00390625,-0.01171875,1.427734375
096/direct/base/0/order0,96,0,L17H1,query_period,identity,1.62890625,-0.0625,-0.0625,-0.08203125,-0.0390625,2.6953125
096/direct/base/0/order0,96,0,L17H1,query_period,mother_of,1.341796875,-0.013671875,-0.013671875,-0.033203125,-0.005859375,1.427734375
096/direct/base/0/order1,96,1,L15H25,query_child_last,identity,0.859375,0.015625,0.015625,0.03515625,-0.41015625,2.6953125
096/direct/base/0/order1,96,1,L15H25,query_child_last,mother_of,1.33984375,0.001953125,0.001953125,0.00390625,-0.017578125,1.427734375
096/direct/base/0/order1,96,1,L15H25,query_is,identity,1.26953125,0.01953125,0.01953125,-0.0234375,-0.15234375,2.6953125
096/direct/base/0/order1,96,1,L15H25,query_is,mother_of,1.359375,0.0,0.0,0.0,-0.01953125,1.427734375
096/direct/base/0/order1,96,1,L17H1,query_is,identity,1.6484375,-0.171875,-0.171875,-0.26171875,-0.25390625,2.6953125
096/direct/base/0/order1,96,1,L17H1,query_is,mother_of,1.35546875,-0.001953125,-0.001953125,-0.017578125,-0.005859375,1.427734375
096/direct/base/0/order1,96,1,L17H1,query_period,identity,1.5859375,0.0078125,0.0078125,0.0234375,-0.05078125,2.6953125
096/direct/base/0/order1,96,1,L17H1,query_period,mother_of,1.34375,-0.001953125,-0.001953125,-0.017578125,-0.01953125,1.427734375
098/direct/base/0/order0,98,0,L15H25,query_child_last,identity,0.44140625,0.015625,0.015625,-0.03125,0.390625,-0.3671875
098/direct/base/0/order0,98,0,L15H25,query_child_last,mother_of,0.07421875,0.0078125,0.0078125,0.0,0.01953125,0.1953125
098/direct/base/0/order0,98,0,L15H25,query_is,identity,0.171875,0.00390625,0.00390625,-0.07421875,-0.12109375,-0.3671875
098/direct/base/0/order0,98,0,L15H25,query_is,mother_of,0.0625,0.00390625,0.00390625,0.0078125,0.0078125,0.1953125
098/direct/base/0/order0,98,0,L17H1,query_is,identity,1.0468745231628418,-0.3281245231628418,-0.3281245231628418,-0.3164052963256836,-0.3789057731628418,-0.3671875
098/direct/base/0/order0,98,0,L17H1,query_is,mother_of,0.0625,0.0,0.0,0.0,0.0,0.1953125
098/direct/base/0/order0,98,0,L17H1,query_period,identity,1.04296875,-0.09765625,-0.09765625,-0.0703125,-0.16796875,-0.3671875
098/direct/base/0/order0,98,0,L17H1,query_period,mother_of,0.07421875,-0.01953125,-0.01953125,-0.0234375,-0.0078125,0.1953125
098/direct/base/0/order1,98,1,L15H25,query_child_last,identity,0.37109375,0.015625,0.015625,-0.00390625,0.80078125,-0.3671875
098/direct/base/0/order1,98,1,L15H25,query_child_last,mother_of,0.078125,0.0,0.0,0.0,0.01953125,0.1953125
098/direct/base/0/order1,98,1,L15H25,query_is,identity,0.109375,0.0078125,0.0078125,-0.078125,-0.0625,-0.3671875
098/direct/base/0/order1,98,1,L15H25,query_is,mother_of,0.0703125,0.0,0.0,0.0,-0.00390625,0.1953125
098/direct/base/0/order1,98,1,L17H1,query_is,identity,0.9843745231628418,-0.34375,-0.34375,-0.3046865463256836,-0.2812495231628418,-0.3671875
098/direct/base/0/order1,98,1,L17H1,query_is,mother_of,0.0625,-0.00390625,-0.00390625,0.0,0.0,0.1953125
098/direct/base/0/order1,98,1,L17H1,query_period,identity,0.890625,-0.003906726837158203,-0.003906726837158203,-0.015624523162841797,0.09765625,-0.3671875
098/direct/base/0/order1,98,1,L17H1,query_period,mother_of,0.0703125,-0.00390625,-0.00390625,-0.0078125,-0.015625,0.1953125
102/direct/base/0/order0,102,0,L15H25,query_child_last,identity,-6.01953125,-0.023437023162841797,-0.023437023162841797,-0.08984375,0.265625,-5.789063453674316
102/direct/base/0/order0,102,0,L15H25,query_child_last,mother_of,-2.898437023162842,-4.76837158203125e-07,-4.76837158203125e-07,0.0039052963256835938,-4.76837158203125e-07,-2.964844226837158
102/direct/base/0/order0,102,0,L15H25,query_is,identity,-5.296875,0.015625,0.015625,-0.2734375,-0.39453125,-5.789063453674316
102/direct/base/0/order0,102,0,L15H25,query_is,mother_of,-2.929687023162842,0.0,0.0,0.0039052963256835938,0.003905773162841797,-2.964844226837158
102/direct/base/0/order0,102,0,L17H1,query_is,identity,-5.55859375,-0.5234370231628418,-0.5234370231628418,-0.5078125,-0.90234375,-5.789063453674316
102/direct/base/0/order0,102,0,L17H1,query_is,mother_of,-2.953125,-0.015625,-0.015625,-0.0078125,-0.0234375,-2.964844226837158
102/direct/base/0/order0,102,0,L17H1,query_period,identity,-5.675781726837158,-0.0976552963256836,-0.0976552963256836,-0.1289057731628418,-0.1914057731628418,-5.789063453674316
102/direct/base/0/order0,102,0,L17H1,query_period,mother_of,-2.906249523162842,-0.0546875,-0.0546875,-0.0585942268371582,-0.0507817268371582,-2.964844226837158
102/direct/base/0/order1,102,1,L15H25,query_child_last,identity,-6.605468273162842,-0.015625,-0.015625,-0.0664067268371582,1.0937495231628418,-5.789063453674316
102/direct/base/0/order1,102,1,L15H25,query_child_last,mother_of,-2.906249523162842,-4.76837158203125e-07,-4.76837158203125e-07,-0.003906726837158203,0.019530773162841797,-2.964844226837158
102/direct/base/0/order1,102,1,L15H25,query_is,identity,-5.3515625,0.01171875,0.01171875,-0.32421875,-0.22265625,-5.789063453674316
102/direct/base/0/order1,102,1,L15H25,query_is,mother_of,-2.9296875,0.003906726837158203,0.003906726837158203,0.0,0.00390625,-2.964844226837158
102/direct/base/0/order1,102,1,L17H1,query_is,identity,-5.53515625,-0.8671870231628418,-0.8671870231628418,-0.84375,-0.546875,-5.789063453674316
102/direct/base/0/order1,102,1,L17H1,query_is,mother_of,-2.949219226837158,-0.031249046325683594,-0.031249046325683594,-0.023437023162841797,-0.015624523162841797,-2.964844226837158
102/direct/base/0/order1,102,1,L17H1,query_period,identity,-5.8203125,-0.0468745231628418,-0.0468745231628418,-0.0625004768371582,0.04296875,-5.789063453674316
102/direct/base/0/order1,102,1,L17H1,query_period,mother_of,-2.949218273162842,-0.003906726837158203,-0.003906726837158203,-0.003906726837158203,-0.01953125,-2.964844226837158
116/direct/base/0/order0,116,0,L15H25,query_child_last,identity,-1.203125,0.023437023162841797,0.023437023162841797,0.0468745231628418,0.0703125,-0.16796875
116/direct/base/0/order0,116,0,L15H25,query_child_last,mother_of,0.5234375,0.001953125,0.001953125,0.0078125,-0.01953125,0.5625
116/direct/base/0/order0,116,0,L15H25,query_is,identity,-0.84375,0.007812023162841797,0.007812023162841797,-0.1679692268371582,-0.3554682731628418,-0.16796875
116/direct/base/0/order0,116,0,L15H25,query_is,mother_of,0.521484375,0.0,0.0,-0.00390625,-0.00390625,0.5625
116/direct/base/0/order0,116,0,L17H1,query_is,identity,-0.40625,-0.5859375,-0.5859375,-0.6835942268371582,-0.87109375,-0.16796875
116/direct/base/0/order0,116,0,L17H1,query_is,mother_of,0.56640625,-0.01953125,-0.01953125,-0.015625,-0.01953125,0.5625
116/direct/base/0/order0,116,0,L17H1,query_period,identity,-0.85546875,-0.1015629768371582,-0.1015629768371582,-0.109375,0.15234375,-0.16796875
116/direct/base/0/order0,116,0,L17H1,query_period,mother_of,0.583984375,-0.0546875,-0.0546875,-0.068359375,-0.029296875,0.5625
116/direct/base/0/order1,116,1,L15H25,query_child_last,identity,-1.16015625,-0.00390625,-0.00390625,0.0546875,0.23046875,-0.16796875
116/direct/base/0/order1,116,1,L15H25,query_child_last,mother_of,0.51953125,0.001953125,0.001953125,0.00390625,-0.009765625,0.5625
116/direct/base/0/order1,116,1,L15H25,query_is,identity,-0.93359375,0.0078125,0.0078125,-0.24609375,-0.1445317268371582,-0.16796875
116/direct/base/0/order1,116,1,L15H25,query_is,mother_of,0.525390625,0.0,0.0,-0.0078125,-0.005859375,0.5625
116/direct/base/0/order1,116,1,L17H1,query_is,identity,-0.265625,-0.81640625,-0.81640625,-1.13671875,-0.8203129768371582,-0.16796875
116/direct/base/0/order1,116,1,L17H1,query_is,mother_of,0.564453125,-0.01953125,-0.01953125,-0.01953125,-0.009765625,0.5625
116/direct/base/0/order1,116,1,L17H1,query_period,identity,-0.68359375,-0.011718273162841797,-0.011718273162841797,-0.023437976837158203,-0.265625,-0.16796875
116/direct/base/0/order1,116,1,L17H1,query_period,mother_of,0.576171875,-0.017578125,-0.017578125,-0.021484375,-0.064453125,0.5625
130/direct/base/0/order0,130,0,L15H25,query_child_last,identity,0.1875,0.00390625,0.00390625,0.00390625,0.13671875,-0.1484375
130/direct/base/0/order0,130,0,L15H25,query_child_last,mother_of,-0.728515625,0.0,0.0,0.00390625,0.009765625,-0.65625
130/direct/base/0/order0,130,0,L15H25,query_is,identity,0.1171875,0.0,0.0,0.0,-0.0390625,-0.1484375
130/direct/base/0/order0,130,0,L15H25,query_is,mother_of,-0.712890625,0.001953125,0.001953125,-0.005859375,-0.00390625,-0.65625
130/direct/base/0/order0,130,0,L17H1,query_is,identity,0.203125,-0.41015625,-0.41015625,-0.3203125,-0.42578125,-0.1484375
130/direct/base/0/order0,130,0,L17H1,query_is,mother_of,-0.72265625,-0.00390625,-0.00390625,-0.00390625,-0.005859375,-0.65625
130/direct/base/0/order0,130,0,L17H1,query_period,identity,-0.125,-0.02734375,-0.02734375,-0.0234375,0.1015625,-0.1484375
130/direct/base/0/order0,130,0,L17H1,query_period,mother_of,-0.69921875,-0.017578125,-0.017578125,-0.01953125,-0.02734375,-0.65625
130/direct/base/0/order1,130,1,L15H25,query_child_last,identity,0.33203125,-0.00390625,-0.00390625,0.0078125,-0.02734375,-0.1484375
130/direct/base/0/order1,130,1,L15H25,query_child_last,mother_of,-0.71875,0.0,0.0,0.0,-0.005859375,-0.65625
130/direct/base/0/order1,130,1,L15H25,query_is,identity,0.1562495231628418,-0.011718273162841797,-0.011718273162841797,-0.0664057731628418,4.76837158203125e-07,-0.1484375
130/direct/base/0/order1,130,1,L15H25,query_is,mother_of,-0.712890625,0.001953125,0.001953125,-0.00390625,-0.005859375,-0.65625
130/direct/base/0/order1,130,1,L17H1,query_is,identity,0.18359375,-0.51171875,-0.51171875,-0.4140629768371582,-0.2734375,-0.1484375
130/direct/base/0/order1,130,1,L17H1,query_is,mother_of,-0.716796875,-0.009765625,-0.009765625,-0.0078125,-0.009765625,-0.65625
130/direct/base/0/order1,130,1,L17H1,query_period,identity,-0.015625,-0.019530773162841797,-0.019530773162841797,-0.015625,-0.13671875,-0.1484375
130/direct/base/0/order1,130,1,L17H1,query_period,mother_of,-0.71484375,-0.01171875,-0.01171875,-0.01171875,-0.01171875,-0.65625
150/direct/base/0/order0,150,0,L15H25,query_child_last,identity,5.187500476837158,0.1210932731628418,0.1210932731628418,0.2539052963256836,-0.3476567268371582,5.4296875
150/direct/base/0/order0,150,0,L15H25,query_child_last,mother_of,1.80859375,0.0,0.0,0.0078125,-0.00390625,1.841796875
150/direct/base/0/order0,150,0,L15H25,query_is,identity,4.5390625,-0.00390625,-0.00390625,-0.0546875,0.0078125,5.4296875
150/direct/base/0/order0,150,0,L15H25,query_is,mother_of,1.826171875,0.001953125,0.001953125,0.00390625,0.005859375,1.841796875
150/direct/base/0/order0,150,0,L17H1,query_is,identity,5.0546875,-0.28515625,-0.28515625,-0.3828125,-0.36328125,5.4296875
150/direct/base/0/order0,150,0,L17H1,query_is,mother_of,1.828125,0.0078125,0.0078125,0.009765625,0.005859375,1.841796875
150/direct/base/0/order0,150,0,L17H1,query_period,identity,4.9296875,-0.0625004768371582,-0.0625004768371582,-0.0859375,0.0,5.4296875
150/direct/base/0/order0,150,0,L17H1,query_period,mother_of,1.84765625,-0.02734375,-0.02734375,-0.03125,-0.03125,1.841796875
150/direct/base/0/order1,150,1,L15H25,query_child_last,identity,5.05078125,0.0625004768371582,0.0625004768371582,0.06640625,0.05078125,5.4296875
150/direct/base/0/order1,150,1,L15H25,query_child_last,mother_of,1.8203125,-0.001953125,-0.001953125,0.0,-0.017578125,1.841796875
150/direct/base/0/order1,150,1,L15H25,query_is,identity,4.64453125,-0.0078125,-0.0078125,-0.171875,-0.1328125,5.4296875
150/direct/base/0/order1,150,1,L15H25,query_is,mother_of,1.828125,0.0,0.0,0.00390625,0.001953125,1.841796875
150/direct/base/0/order1,150,1,L17H1,query_is,identity,5.265625,-0.5546875,-0.5546875,-0.6601567268371582,-0.5625,5.4296875
150/direct/base/0/order1,150,1,L17H1,query_is,mother_of,1.83203125,0.0,0.0,-0.001953125,0.0078125,1.841796875
150/direct/base/0/order1,150,1,L17H1,query_period,identity,4.96484375,0.0,0.0,-0.015625,-0.140625,5.4296875
150/direct/base/0/order1,150,1,L17H1,query_period,mother_of,1.849609375,-0.033203125,-0.033203125,-0.03125,-0.04296875,1.841796875
154/direct/base/0/order0,154,0,L15H25,query_child_last,identity,-6.5078125,0.01171875,0.01171875,0.015625,-1.5976557731628418,-5.492188453674316
154/direct/base/0/order0,154,0,L15H25,query_child_last,mother_of,-2.95703125,-0.01171875,-0.01171875,0.0,0.00390625,-2.964844226837158
154/direct/base/0/order0,154,0,L15H25,query_is,identity,-6.62890625,-0.00390625,-0.00390625,-0.04296875,-0.0625,-5.492188453674316
154/direct/base/0/order0,154,0,L15H25,query_is,mother_of,-2.914062023162842,0.0,0.0,-0.003907203674316406,-0.007812976837158203,-2.964844226837158
154/direct/base/0/order0,154,0,L17H1,query_is,identity,-6.14453125,-0.46484375,-0.46484375,-0.34765625,-0.3515625,-5.492188453674316
154/direct/base/0/order0,154,0,L17H1,query_is,mother_of,-2.929687023162842,0.007811546325683594,0.007811546325683594,-0.007813453674316406,0.0039052963256835938,-2.964844226837158
154/direct/base/0/order0,154,0,L17H1,query_period,identity,-6.18359375,-0.04296875,-0.04296875,-0.01171875,-0.13671875,-5.492188453674316
154/direct/base/0/order0,154,0,L17H1,query_period,mother_of,-2.824218273162842,-0.0976567268371582,-0.0976567268371582,-0.140625,-0.1367192268371582,-2.964844226837158
154/direct/base/0/order1,154,1,L15H25,query_child_last,identity,-6.56640625,0.015625,0.015625,-0.01171875,-0.87109375,-5.492188453674316
154/direct/base/0/order1,154,1,L15H25,query_child_last,mother_of,-2.953124523162842,-0.003906726837158203,-0.003906726837158203,0.003905773162841797,0.00390625,-2.964844226837158
154/direct/base/0/order1,154,1,L15H25,query_is,identity,-6.65234375,0.00390625,0.00390625,-0.078125,0.01171875,-5.492188453674316
154/direct/base/0/order1,154,1,L15H25,query_is,mother_of,-2.929687023162842,-9.5367431640625e-07,-9.5367431640625e-07,-0.0078125,-0.015625476837158203,-2.964844226837158
154/direct/base/0/order1,154,1,L17H1,query_is,identity,-6.06640625,-0.61328125,-0.61328125,-0.49609375,-0.421875,-5.492188453674316
154/direct/base/0/order1,154,1,L17H1,query_is,mother_of,-2.925781726837158,9.5367431640625e-07,9.5367431640625e-07,0.0,0.00390625,-2.964844226837158
154/direct/base/0/order1,154,1,L17H1,query_period,identity,-6.33984375,0.015625,0.015625,0.01171875,0.1640625,-5.492188453674316
154/direct/base/0/order1,154,1,L17H1,query_period,mother_of,-2.89453125,-0.046875,-0.046875,-0.046875,-0.0546875,-2.964844226837158
162/direct/base/0/order0,162,0,L15H25,query_child_last,identity,-0.59375,-0.0078125,-0.0078125,0.12109375,-0.5468754768371582,-1.05078125
162/direct/base/0/order0,162,0,L15H25,query_child_last,mother_of,0.251953125,-0.001953125,-0.001953125,0.00390625,-0.0078125,0.197265625
162/direct/base/0/order0,162,0,L15H25,query_is,identity,-0.51953125,0.0,0.0,-0.09765625,-0.0234375,-1.05078125
162/direct/base/0/order0,162,0,L15H25,query_is,mother_of,0.22265625,0.0,0.0,0.001953125,-0.001953125,0.197265625
162/direct/base/0/order0,162,0,L17H1,query_is,identity,-1.16796875,-0.2578129768371582,-0.2578129768371582,-0.3046875,-0.3593745231628418,-1.05078125
162/direct/base/0/order0,162,0,L17H1,query_is,mother_of,0.20703125,-0.0078125,-0.0078125,-0.00390625,-0.013671875,0.197265625
162/direct/base/0/order0,162,0,L17H1,query_period,identity,-1.453125,-0.0429682731628418,-0.0429682731628418,-0.0429692268371582,-0.05078125,-1.05078125
162/direct/base/0/order0,162,0,L17H1,query_period,mother_of,0.224609375,-0.0234375,-0.0234375,-0.01953125,-0.013671875,0.197265625
162/direct/base/0/order1,162,1,L15H25,query_child_last,identity,-0.5585932731628418,0.0039052963256835938,0.0039052963256835938,0.003905773162841797,-0.4960942268371582,-1.05078125
162/direct/base/0/order1,162,1,L15H25,query_child_last,mother_of,0.255859375,0.0,0.0,-0.001953125,-0.009765625,0.197265625
162/direct/base/0/order1,162,1,L15H25,query_is,identity,-0.4453125,-0.00390625,-0.00390625,-0.13671875,-0.17578125,-1.05078125
162/direct/base/0/order1,162,1,L15H25,query_is,mother_of,0.21875,0.0,0.0,0.00390625,-0.001953125,0.197265625
162/direct/base/0/order1,162,1,L17H1,query_is,identity,-1.01953125,-0.4765620231628418,-0.4765620231628418,-0.515625,-0.46875,-1.05078125
162/direct/base/0/order1,162,1,L17H1,query_is,mother_of,0.21875,-0.03125,-0.03125,-0.025390625,-0.017578125,0.197265625
162/direct/base/0/order1,162,1,L17H1,query_period,identity,-1.4921875,-0.00390625,-0.00390625,-4.76837158203125e-07,-0.01953125,-1.05078125
162/direct/base/0/order1,162,1,L17H1,query_period,mother_of,0.220703125,-0.017578125,-0.017578125,-0.0078125,-0.017578125,0.197265625
176/direct/base/0/order0,176,0,L15H25,query_child_last,identity,-2.265625,-0.011718273162841797,-0.011718273162841797,0.03125,0.2968745231628418,-1.42578125
176/direct/base/0/order0,176,0,L15H25,query_child_last,mother_of,0.267578125,0.001953125,0.001953125,0.0078125,0.01953125,0.267578125
176/direct/base/0/order0,176,0,L15H25,query_is,identity,-1.7734375,-0.00390625,-0.00390625,-0.03125,-0.0703125,-1.42578125
176/direct/base/0/order0,176,0,L15H25,query_is,mother_of,0.291015625,0.0,0.0,0.0,0.00390625,0.267578125
176/direct/base/0/order0,176,0,L17H1,query_is,identity,-1.484375,-0.3828120231628418,-0.3828120231628418,-0.3867182731628418,-0.36328125,-1.42578125
176/direct/base/0/order0,176,0,L17H1,query_is,mother_of,0.30078125,0.0,0.0,-0.001953125,-0.00390625,0.267578125
176/direct/base/0/order0,176,0,L17H1,query_period,identity,-1.6718745231628418,-0.0820317268371582,-0.0820317268371582,-0.1015625,-0.1054692268371582,-1.42578125
176/direct/base/0/order0,176,0,L17H1,query_period,mother_of,0.294921875,-0.01171875,-0.01171875,-0.015625,0.0078125,0.267578125
176/direct/base/0/order1,176,1,L15H25,query_child_last,identity,-2.171875,-0.003905773162841797,-0.003905773162841797,0.00390625,0.1093754768371582,-1.42578125
176/direct/base/0/order1,176,1,L15H25,query_child_last,mother_of,0.28125,0.0,0.0,0.00390625,0.005859375,0.267578125
176/direct/base/0/order1,176,1,L15H25,query_is,identity,-1.7109370231628418,-0.003906726837158203,-0.003906726837158203,-0.1171879768371582,-0.0742197036743164,-1.42578125
176/direct/base/0/order1,176,1,L15H25,query_is,mother_of,0.29296875,0.00390625,0.00390625,0.0,-0.001953125,0.267578125
176/direct/base/0/order1,176,1,L17H1,query_is,identity,-1.3046875,-0.5703125,-0.5703125,-0.5585942268371582,-0.55078125,-1.42578125
176/direct/base/0/order1,176,1,L17H1,query_is,mother_of,0.30078125,-0.001953125,-0.001953125,-0.001953125,-0.001953125,0.267578125
176/direct/base/0/order1,176,1,L17H1,query_period,identity,-1.73828125,-0.046875,-0.046875,-0.03515625,-0.04296875,-1.42578125
176/direct/base/0/order1,176,1,L17H1,query_period,mother_of,0.30078125,0.0,0.0,-0.001953125,-0.015625,0.267578125
178/direct/base/0/order0,178,0,L15H25,query_child_last,identity,-0.26171875,-0.00390625,-0.00390625,-0.01953125,-0.18359375,-0.359375
178/direct/base/0/order0,178,0,L15H25,query_child_last,mother_of,-0.0390625,-0.001953125,-0.001953125,0.0,-0.005859375,-0.087890625
178/direct/base/0/order0,178,0,L15H25,query_is,identity,0.2109375,0.0078125,0.0078125,-0.10546875,-0.328125,-0.359375
178/direct/base/0/order0,178,0,L15H25,query_is,mother_of,-0.029296875,0.0,0.0,-0.00390625,-0.00390625,-0.087890625
178/direct/base/0/order0,178,0,L17H1,query_is,identity,0.26953125,-0.32421875,-0.32421875,-0.4140625,-0.5546875,-0.359375
178/direct/base/0/order0,178,0,L17H1,query_is,mother_of,-0.025390625,-0.01171875,-0.01171875,-0.009765625,-0.01171875,-0.087890625
178/direct/base/0/order0,178,0,L17H1,query_period,identity,0.05859375,-0.0390625,-0.0390625,-0.0390625,-0.05859375,-0.359375
178/direct/base/0/order0,178,0,L17H1,query_period,mother_of,-0.021484375,-0.0234375,-0.0234375,-0.03515625,-0.025390625,-0.087890625
178/direct/base/0/order1,178,1,L15H25,query_child_last,identity,-0.18359375,-0.01171875,-0.01171875,-0.03125,-0.24609375,-0.359375
178/direct/base/0/order1,178,1,L15H25,query_child_last,mother_of,-0.041015625,-0.001953125,-0.001953125,-0.001953125,-0.00390625,-0.087890625
178/direct/base/0/order1,178,1,L15H25,query_is,identity,0.2890625,0.00390625,0.00390625,-0.37109375,-0.21875,-0.359375
178/direct/base/0/order1,178,1,L15H25,query_is,mother_of,-0.029296875,0.0,0.0,-0.00390625,-0.00390625,-0.087890625
178/direct/base/0/order1,178,1,L17H1,query_is,identity,0.6015625,-0.6796875,-0.6796875,-0.85546875,-0.7773442268371582,-0.359375
178/direct/base/0/order1,178,1,L17H1,query_is,mother_of,-0.021484375,-0.015625,-0.015625,-0.015625,-0.01171875,-0.087890625
178/direct/base/0/order1,178,1,L17H1,query_period,identity,0.0078125,-0.01171875,-0.01171875,-0.0078125,0.01171875,-0.359375
178/direct/base/0/order1,178,1,L17H1,query_period,mother_of,-0.025390625,-0.013671875,-0.013671875,-0.01953125,-0.041015625,-0.087890625
186/direct/base/0/order0,186,0,L15H25,query_child_last,identity,0.328125,-0.0078125,-0.0078125,0.0234375,0.19921875,-0.0546875
186/direct/base/0/order0,186,0,L15H25,query_child_last,mother_of,-0.375,-0.00390625,-0.00390625,-0.001953125,-0.001953125,-0.376953125
186/direct/base/0/order0,186,0,L15H25,query_is,identity,0.44921875,0.0,0.0,-0.16796875,-0.296875,-0.0546875
186/direct/base/0/order0,186,0,L15H25,query_is,mother_of,-0.36328125,0.0,0.0,-0.00390625,0.0,-0.376953125
186/direct/base/0/order0,186,0,L17H1,query_is,identity,0.3906245231628418,-0.1953115463256836,-0.1953115463256836,-0.4374995231628418,-0.5664057731628418,-0.0546875
186/direct/base/0/order0,186,0,L17H1,query_is,mother_of,-0.384765625,-0.001953125,-0.001953125,0.001953125,-0.001953125,-0.376953125
186/direct/base/0/order0,186,0,L17H1,query_period,identity,0.28125,-0.03515625,-0.03515625,-0.05078125,0.03125,-0.0546875
186/direct/base/0/order0,186,0,L17H1,query_period,mother_of,-0.318359375,-0.037109375,-0.037109375,-0.041015625,-0.06640625,-0.376953125
186/direct/base/0/order1,186,1,L15H25,query_child_last,identity,0.4609375,-4.76837158203125e-07,-4.76837158203125e-07,-0.00390625,0.03515625,-0.0546875
186/direct/base/0/order1,186,1,L15H25,query_child_last,mother_of,-0.373046875,-0.001953125,-0.001953125,-0.00390625,-0.0078125,-0.376953125
186/direct/base/0/order1,186,1,L15H25,query_is,identity,0.484375,-0.00390625,-0.00390625,-0.33984375,-0.25,-0.0546875
186/direct/base/0/order1,186,1,L15H25,query_is,mother_of,-0.36328125,0.0,0.0,-0.0078125,-0.001953125,-0.376953125
186/direct/base/0/order1,186,1,L17H1,query_is,identity,0.4453125,-0.2851567268371582,-0.2851567268371582,-0.67578125,-0.484375,-0.0546875
186/direct/base/0/order1,186,1,L17H1,query_is,mother_of,-0.376953125,-0.01171875,-0.01171875,-0.0078125,-0.005859375,-0.376953125
186/direct/base/0/order1,186,1,L17H1,query_period,identity,0.3359375,-0.003906726837158203,-0.003906726837158203,-0.015625,-0.09375,-0.0546875
186/direct/base/0/order1,186,1,L17H1,query_period,mother_of,-0.373046875,-0.01953125,-0.01953125,-0.017578125,0.017578125,-0.376953125
192/direct/base/0/order0,192,0,L15H25,query_child_last,identity,-0.7734370231628418,-0.007812976837158203,-0.007812976837158203,0.031249523162841797,-0.046875,-1.30859375
192/direct/base/0/order0,192,0,L15H25,query_child_last,mother_of,-1.283203125,0.0,0.0,0.001953125,0.009765625,-1.267578125
192/direct/base/0/order0,192,0,L15H25,query_is,identity,-0.28125,0.0,0.0,-0.17578125,-0.41796875,-1.30859375
192/direct/base/0/order0,192,0,L15H25,query_is,mother_of,-1.27734375,0.00390625,0.00390625,0.0,-0.001953125,-1.267578125
192/direct/base/0/order0,192,0,L17H1,query_is,identity,-0.4140625,-0.26171875,-0.26171875,-0.3164067268371582,-0.4375,-1.30859375
192/direct/base/0/order0,192,0,L17H1,query_is,mother_of,-1.291015625,-0.00390625,-0.00390625,-0.009765625,-0.01171875,-1.267578125
192/direct/base/0/order0,192,0,L17H1,query_period,identity,-0.64453125,-0.109375,-0.109375,-0.08203125,-0.015625,-1.30859375
192/direct/base/0/order0,192,0,L17H1,query_period,mother_of,-1.267578125,-0.017578125,-0.017578125,-0.015625,-0.015625,-1.267578125
192/direct/base/0/order1,192,1,L15H25,query_child_last,identity,-0.796875,-0.015625,-0.015625,4.76837158203125e-07,-0.12890625,-1.30859375
192/direct/base/0/order1,192,1,L15H25,query_child_last,mother_of,-1.2734375,0.0,0.0,0.0,0.00390625,-1.267578125
192/direct/base/0/order1,192,1,L15H25,query_is,identity,-0.375,-0.00390625,-0.00390625,-0.32421875,-0.1796875,-1.30859375
192/direct/base/0/order1,192,1,L15H25,query_is,mother_of,-1.27734375,0.0,0.0,-0.00390625,0.00390625,-1.267578125
192/direct/base/0/order1,192,1,L17H1,query_is,identity,-0.203125,-0.5039067268371582,-0.5039067268371582,-0.6953129768371582,-0.5625004768371582,-1.30859375
192/direct/base/0/order1,192,1,L17H1,query_is,mother_of,-1.28515625,-0.013671875,-0.013671875,-0.015625,-0.017578125,-1.267578125
192/direct/base/0/order1,192,1,L17H1,query_period,identity,-0.609375,-0.02734375,-0.02734375,-0.0468754768371582,-0.109375,-1.30859375
192/direct/base/0/order1,192,1,L17H1,query_period,mother_of,-1.279296875,-0.01171875,-0.01171875,-0.009765625,-0.00390625,-1.267578125
196/direct/base/0/order0,196,0,L15H25,query_child_last,identity,-0.1953125,0.0,0.0,0.01953125,-0.23828125,-0.1171875
196/direct/base/0/order0,196,0,L15H25,query_child_last,mother_of,0.8984375,-0.00390625,-0.00390625,-0.001953125,-0.009765625,0.919921875
196/direct/base/0/order0,196,0,L15H25,query_is,identity,-0.234375,0.00390625,0.00390625,-0.13671875,-0.09765625,-0.1171875
196/direct/base/0/order0,196,0,L15H25,query_is,mother_of,0.8828125,0.0,0.0,-0.005859375,-0.00390625,0.919921875
196/direct/base/0/order0,196,0,L17H1,query_is,identity,0.18359375,-0.4609375,-0.4609375,-0.4453125,-0.546875,-0.1171875
196/direct/base/0/order0,196,0,L17H1,query_is,mother_of,0.89453125,-0.01171875,-0.01171875,-0.017578125,-0.021484375,0.919921875
196/direct/base/0/order0,196,0,L17H1,query_period,identity,0.24609375,-0.07421875,-0.07421875,-0.12109375,-0.328125,-0.1171875
196/direct/base/0/order0,196,0,L17H1,query_period,mother_of,0.90625,-0.0234375,-0.0234375,-0.060546875,-0.037109375,0.919921875
196/direct/base/0/order1,196,1,L15H25,query_child_last,identity,-0.2734375,0.0,0.0,0.0078125,-0.0078125,-0.1171875
196/direct/base/0/order1,196,1,L15H25,query_child_last,mother_of,0.8984375,0.0,0.0,-0.00390625,-0.00390625,0.919921875
196/direct/base/0/order1,196,1,L15H25,query_is,identity,-0.1484375,0.00390625,0.00390625,-0.19921875,-0.16796875,-0.1171875
196/direct/base/0/order1,196,1,L15H25,query_is,mother_of,0.884765625,0.0,0.0,-0.0078125,-0.00390625,0.919921875
196/direct/base/0/order1,196,1,L17H1,query_is,identity,0.34375,-0.6328125,-0.6328125,-0.640625,-0.5859375,-0.1171875
196/direct/base/0/order1,196,1,L17H1,query_is,mother_of,0.890625,-0.0078125,-0.0078125,-0.015625,-0.009765625,0.919921875
196/direct/base/0/order1,196,1,L17H1,query_period,identity,-0.04296875,-0.03515625,-0.03515625,-0.03515625,0.17578125,-0.1171875
196/direct/base/0/order1,196,1,L17H1,query_period,mother_of,0.896484375,-0.009765625,-0.009765625,-0.0234375,-0.05078125,0.919921875
