id,direction,families,mean,mean_absolute,median,minimum,maximum,sign_fraction,above_tau_fraction,retained,classification,descriptive_ci_low,descriptive_ci_high,mean_absolute_order_difference,original_gap,normalized_mean,normalized_mean_absolute
0061023199c64b643fb3,noise,20,1.846970558166504,1.846970558166504,1.8474960327148438,1.0029296875,2.8039703369140625,1.0,1.0,True,coherent,1.6246314430236817,2.07527868270874,1.1737537384033203,11.200063323974609,0.16490715317768959,0.16490715317768959
04c45f1dd9dd86f0659c,noise,20,4.88166446685791,4.88166446685791,4.8909759521484375,2.9735107421875,6.634605407714844,1.0,1.0,True,coherent,4.454720821380615,5.3019098281860355,2.8850406646728515,11.200063323974609,0.43586043450382345,0.43586043450382345
0530fc216644b6d345df,noise,20,-0.6230920791625977,0.7580759048461914,-0.29801177978515625,-4.941902160644531,0.5379791259765625,0.75,0.85,True,coherent,-1.1846148872375488,-0.206836123466492,1.0698360443115233,11.200063323974609,-0.055632906809448164,0.06768496596117192
05b74376c41eba375fba,noise,20,1.8506622314453125,1.8506622314453125,1.8406600952148438,0.9923095703125,2.8227691650390625,1.0,1.0,True,coherent,1.633166742324829,2.0731420660018913,1.0583595275878905,11.200063323974609,0.16523676499969653,0.16523676499969653
097aeb51f2f688dd6802,noise,20,0.008524322509765625,0.03664741516113281,0.0005035400390625,-0.0748291015625,0.2459564208984375,0.55,0.05,False,below_rule,-0.014309554100036622,0.039491057395935045,0.038265228271484375,11.200063323974609,0.0007610959209059691,0.0032720721393321196
102d4d895eefba3fc400,noise,20,5.392415618896484,5.392415618896484,5.381044387817383,3.033599853515625,7.966178894042969,1.0,1.0,True,coherent,4.77610297203064,6.008929405212402,1.9937004089355468,11.200063323974609,0.48146295810253126,0.48146295810253126
10c30418fec83259a51c,noise,20,2.652663230895996,2.652663230895996,2.5602340698242188,1.6654052734375,3.8096923828125,1.0,1.0,True,coherent,2.4126238775253297,2.899631233215332,0.861600112915039,11.200063323974609,0.23684359223378348,0.23684359223378348
16045623d1333d48cb7b,noise,20,1.813920021057129,1.813920021057129,1.80926513671875,0.9727783203125,2.7345733642578125,1.0,1.0,True,coherent,1.6038011074066163,2.027738265991211,1.0617237091064453,11.200063323974609,0.16195622904866008,0.16195622904866008
1699d61648e5db3fa311,noise,20,1.8870162963867188,1.8870162963867188,1.8713607788085938,0.9779052734375,2.8415069580078125,1.0,1.0,True,coherent,1.6772040462493898,2.100899286270142,1.0434761047363281,11.200063323974609,0.1684826453032112,0.1684826453032112
17c32182cf9045b00f67,noise,20,1.818023109436035,1.818023109436035,1.6772003173828125,0.7126541137695312,3.7880477905273438,1.0,1.0,True,coherent,1.4806121301651003,2.1824384403228754,1.014505386352539,11.200063323974609,0.1623225741540599,0.1623225741540599
1bb987e20db5b18cd860,noise,20,1.6457185745239258,1.6457185745239258,1.6630859375,0.49080657958984375,2.9576568603515625,1.0,1.0,True,coherent,1.373044934272766,1.9195891857147218,1.3032901763916016,11.200063323974609,0.14693832766116036,0.14693832766116036
2013a096696d597aac66,noise,20,0.016782760620117188,0.034905624389648435,0.02118682861328125,-0.05255126953125,0.06787109375,0.75,0.0,False,below_rule,0.0012767601013183598,0.031506738662719726,0.11659011840820313,11.200063323974609,0.0014984522975144596,0.003116555985440745
26a6c39d6c6f65e1017a,noise,20,1.977798080444336,1.985604476928711,1.5948257446289062,-0.07806396484375,4.968589782714844,0.95,0.95,True,coherent,1.4670075511932374,2.5294993591308583,1.64293212890625,11.200063323974609,0.17658811590919357,0.1772851116545359
26cc206ebb39c1f2f258,noise,20,0.02895050048828125,0.07920379638671875,0.011871337890625,-0.259033203125,0.2386322021484375,0.6,0.25,False,below_rule,-0.02117047309875488,0.07902761459350582,0.12565765380859376,11.200063323974609,0.00258485150046522,0.007071727551502038
275208eb34e004bca5ab,noise,20,-0.07729547023773194,0.270699143409729,-0.088775634765625,-0.9858551025390625,1.1864852905273438,0.75,0.65,True,heterogeneous,-0.24434666216373443,0.10787853240966792,0.2899311542510986,11.200063323974609,-0.006901342251545574,0.024169429723694184
2c8e730a914408f0c601,noise,20,-2.3439615249633787,2.3439615249633787,-1.9722366333007812,-5.777229309082031,-0.777099609375,1.0,1.0,True,coherent,-2.885937285423279,-1.8847086238861086,0.8797565460205078,11.200063323974609,-0.20928109575469508,0.20928109575469508
3073eb1d0b34f1464922,noise,20,1.8844758868217468,1.8844758868217468,1.87237548828125,0.9185791015625,2.8575592041015625,1.0,1.0,True,coherent,1.6690127488970756,2.1004086238145825,1.0203317880630494,11.200063323974609,0.16825582430305364,0.16825582430305364
39e6b92108cfb36e79ff,noise,20,-0.11119871139526367,0.11824216842651367,-0.0762948989868164,-0.419708251953125,0.046630859375,0.9,0.45,True,coherent,-0.16057701349258424,-0.06701039552688601,0.1351255416870117,11.200063323974609,-0.009928400240133835,0.010557276776588137
3d42dbabb95a2dc1e352,noise,20,0.012058448791503907,0.033731269836425784,0.019397735595703125,-0.05517578125,0.069580078125,0.75,0.0,False,below_rule,-0.0044533157348632816,0.02762799739837646,0.05351524353027344,11.200063323974609,0.0010766411262775504,0.0030117034931598442
3ee968eb1bd7eecd2901,noise,20,2.7134084701538086,2.7134084701538086,2.9491500854492188,1.0352783203125,3.5589752197265625,1.0,1.0,True,coherent,2.4194632291793825,2.98271981716156,1.4344768524169922,11.200063323974609,0.24226724364544852,0.24226724364544852
3fcf54916804858cccfe,noise,20,1.7464727401733398,1.7464727401733398,1.7643966674804688,0.8636474609375,2.7839508056640625,1.0,1.0,True,coherent,1.5023455810546875,1.9932745647430417,1.1227367401123047,11.200063323974609,0.15593418444651813,0.15593418444651813
40be722638d68ec30c0e,noise,20,0.03446216583251953,0.06531696319580078,0.020013809204101562,-0.102783203125,0.2442626953125,0.65,0.2,False,below_rule,-6.303310394287084e-05,0.07255515098571758,0.09609489440917969,11.200063323974609,0.003076961695274577,0.005831838741124323
4a9bd8897528889fa3a1,noise,20,0.08705923557281495,0.5794843912124634,-0.04050445556640625,-1.2005767822265625,2.430809497833252,0.5,0.85,True,heterogeneous,-0.250082169175148,0.4602248233556747,0.7516514301300049,11.200063323974609,0.007773102084740705,0.05173938525615582
4d8698674f5d9297370b,noise,20,0.014999198913574218,0.09392261505126953,0.0222320556640625,-0.21613311767578125,0.230194091796875,0.6,0.45,False,below_rule,-0.03624299526214599,0.0653829145431517,0.12238807678222656,11.200063323974609,0.0013392066169364654,0.008385900359172154
51df496169a778e7affd,noise,20,1.730745506286621,1.730745506286621,1.7923507690429688,0.56463623046875,2.8087158203125,1.0,1.0,True,coherent,1.4525315952301026,2.011094670295715,1.2017009735107422,11.200063323974609,0.15452997507450028,0.15452997507450028
526a5a6c876b2c32b409,noise,20,7.0531007766723635,7.0531007766723635,7.315101623535156,4.930419921875,9.18310546875,1.0,1.0,True,coherent,6.4711887502670296,7.627863526344299,3.2256214141845705,11.200063323974609,0.6297375802844482,0.6297375802844482
52da9aa35ee7cc510b0b,noise,20,1.7891763687133788,1.7891763687133788,1.7898788452148438,0.9495849609375,2.7360382080078125,1.0,1.0,True,coherent,1.5774320650100708,2.0076255226135253,1.0563587188720702,11.200063323974609,0.15974698686600344,0.15974698686600344
5724a2407f2958582893,noise,20,1.9040607929229736,1.9040607929229736,1.843144416809082,1.063751220703125,2.9140167236328125,1.0,1.0,True,coherent,1.6614930999279023,2.154260182380676,0.9115097999572754,11.200063323974609,0.17000446674682482,0.17000446674682482
583307ebe87df5ffa36e,noise,20,-0.9492952346801757,0.9492952346801757,-0.8740158081054688,-2.3427810668945312,-0.3135986328125,1.0,1.0,True,coherent,-1.1605107021331786,-0.7698517513275148,0.45708656311035156,11.200063323974609,-0.08475802388082354,0.08475802388082354
59a52d841820229c32d1,noise,20,-0.8508807420730591,0.8508807420730591,-0.770172119140625,-1.6527938842773438,-0.2030029296875,1.0,1.0,True,coherent,-1.0179574328660963,-0.68749568939209,0.47174439430236814,11.200063323974609,-0.07597106529314727,0.07597106529314727
5dda120d2d3421f9cb76,noise,20,0.0057316780090332035,0.04922361373901367,-0.010678291320800781,-0.12872314453125,0.45903778076171875,0.3,0.1,False,below_rule,-0.02998725652694702,0.060598015785217285,0.046675682067871094,11.200063323974609,0.0005117540716724432,0.00439494066374131
60eaecfffe10c7a8a075,noise,20,1.791302490234375,1.791302490234375,1.8246688842773438,0.8131103515625,2.8694610595703125,1.0,1.0,True,coherent,1.5644037055969238,2.023332324028015,1.1564735412597655,11.200063323974609,0.1599368180713722,0.1599368180713722
61bc4e57b1be913e81e1,noise,20,2.3336591720581055,2.3336591720581055,2.2688980102539062,1.310302734375,3.6812744140625,1.0,1.0,True,coherent,2.092847800254822,2.584785161018371,0.8689777374267578,11.200063323974609,0.20836124801747558,0.20836124801747558
629aa529fd11f5f6df56,noise,20,-0.005191898345947266,0.007010746002197266,-0.00311279296875,-0.02606201171875,0.0115966796875,0.8,0.0,False,below_rule,-0.008988387584686279,-0.0016280984878540052,0.009737968444824219,11.200063323974609,-0.00046355973138416124,0.0006259559253732269
65c978cf60ccf2c8bdad,noise,20,-0.09038941860198975,0.17419111728668213,-0.04650306701660156,-0.6427001953125,0.28173828125,0.6,0.5,True,heterogeneous,-0.19159254550933838,0.004069727659225438,0.401301908493042,11.200063323974609,-0.008070438174086404,0.015552690395402717
6f94c0de79ff2bc5a01e,noise,20,1.4252592086791993,1.4813695907592774,1.423828125,-0.5611038208007812,2.3623046875,0.95,1.0,True,coherent,1.1358698749542235,1.6767939805984498,1.0553234100341797,11.200063323974609,0.1272545670012705,0.13226439421894073
6fe3b8920a501cdd1472,noise,20,0.1818711280822754,0.25948610305786135,0.036258697509765625,-0.20285797119140625,1.935302734375,0.6,0.55,True,heterogeneous,0.013054237365722659,0.41499026060104366,0.30252628326416015,11.200063323974609,0.01623840176804769,0.02316827106704041
7777b7398625d8434c93,noise,20,0.959170150756836,1.006403350830078,0.9589385986328125,-0.33959197998046875,2.226959228515625,0.9,1.0,True,coherent,0.6911252498626709,1.2230183696746821,0.85802001953125,11.200063323974609,0.08563970783126355,0.08985693399391709
789e6f0fed6e4d35b5f1,noise,20,1.871378517150879,1.871378517150879,1.8513717651367188,0.97021484375,2.7938385009765625,1.0,1.0,True,coherent,1.6500890445709229,2.0973805904388425,1.0036365509033203,11.200063323974609,0.16708642290843548,0.16708642290843548
7b1059323139afed6673,noise,20,1.8572504043579101,1.8572504043579101,1.8301620483398438,0.98779296875,2.8300323486328125,1.0,1.0,True,coherent,1.6377556943893432,2.0820960664749144,1.0534381866455078,11.200063323974609,0.1658249913982469,0.1658249913982469
7b81c2052c3d57249894,noise,20,1.8653905868530274,1.8653905868530274,1.8708114624023438,1.0072021484375,2.7996978759765625,1.0,1.0,True,coherent,1.6484998750686646,2.0886366033554076,1.038149642944336,11.200063323974609,0.16655178929747774,0.16655178929747774
7c82646d031c2d95d251,noise,20,0.9186811447143555,1.0136098861694336,0.9819259643554688,-0.9492874145507812,2.1544189453125,0.95,1.0,True,coherent,0.6333701944351197,1.1785169267654418,0.748806381225586,11.200063323974609,0.08202463844537797,0.09050037101127122
7d1bc2e9212f00edf795,noise,20,0.3670095443725586,0.40827159881591796,0.3077545166015625,-0.21675872802734375,0.9964599609375,0.85,0.9,True,coherent,0.21641302585601804,0.5248773097991942,0.43983802795410154,11.200063323974609,0.03276852404815837,0.03645261522244975
7efccbcb821c059a33a6,noise,20,1.8609655380249024,1.8609655380249024,1.8033981323242188,0.96044921875,3.0759735107421875,1.0,1.0,True,coherent,1.635327739715576,2.0991481971740718,1.0867580413818358,11.200063323974609,0.16615669788592718,0.16615669788592718
8ad99b11bccc72b474e5,noise,20,0.4964737892150879,0.4964737892150879,0.48325157165527344,0.1339263916015625,1.150634765625,1.0,1.0,True,coherent,0.400906171798706,0.6040084385871886,0.9670419692993164,11.200063323974609,0.044327766268280555,0.044327766268280555
8c62ceb680f6a7a44e73,noise,20,1.8688547879457473,1.8688547879457473,1.8426437377929688,1.0396728515625,2.8464508056640625,1.0,1.0,True,coherent,1.6536091273277997,2.089983131363988,1.0439043462276458,11.200063323974609,0.16686109121770035,0.16686109121770035
9069005e404c852bec49,noise,20,1.8527509689331054,1.8527509689331054,1.8168258666992188,0.989501953125,2.8290557861328125,1.0,1.0,True,coherent,1.641214852333069,2.070561742782593,1.0606197357177733,11.200063323974609,0.16542325836382973,0.16542325836382973
914952faccb7e93e6e56,noise,20,-0.1203451156616211,0.22553157806396484,-0.12531471252441406,-0.57025146484375,0.408050537109375,0.65,0.8,True,heterogeneous,-0.22807233810424807,-0.009238262176513688,0.47972755432128905,11.200063323974609,-0.010745038860986883,0.020136634190379702
935bd9bc2c14020a9f70,noise,20,-0.04021615982055664,0.05296106338500976,-0.03546142578125,-0.13671875,0.0428314208984375,0.7,0.15,False,below_rule,-0.06354422569274902,-0.01706393241882325,0.07275829315185547,11.200063323974609,-0.003590708253806995,0.0047286396382815515
9813bd0bde672ddcbfa8,noise,20,-0.0015672683715820313,0.004281425476074218,-0.00067138671875,-0.01544189453125,0.007549285888671875,0.65,0.0,False,below_rule,-0.004299173355102539,0.0009418964385986287,0.008402633666992187,11.200063323974609,-0.00013993388485823748,0.0003822679704774073
98d840e357ef9f49f9c1,noise,20,-0.07189035415649414,0.08785943984985352,-0.06611251831054688,-0.23291015625,0.060211181640625,0.75,0.4,False,below_rule,-0.11215814352035522,-0.033230075836181656,0.20334453582763673,11.200063323974609,-0.006418745330002486,0.007844548491237861
a334ded352944ef2a9c7,noise,20,-0.007547855377197266,0.03904867172241211,-0.0005340576171875,-0.1196441650390625,0.09974861145019531,0.5,0.05,False,below_rule,-0.030014984607696533,0.014729487895965553,0.15247325897216796,11.200063323974609,-0.0006739118484304006,0.0034864688344060863
a45dd3e9124ad07e59a5,noise,20,0.9031507492065429,0.9031507492065429,0.8943099975585938,0.0089111328125,1.9022216796875,1.0,0.95,True,coherent,0.6785144662857056,1.1332946777343738,0.664614486694336,11.200063323974609,0.08063800382925321,0.08063800382925321
a918e1730cda68976cc9,noise,20,2.2016048431396484,2.2016048431396484,2.1291561126708984,0.92529296875,3.5893096923828125,1.0,1.0,True,coherent,1.9331635808944703,2.483845376968383,1.2823257446289062,11.200063323974609,0.19657074959807963,0.19657074959807963
a9d80c7bb0769ceb8fb8,noise,20,1.8554231166839599,1.8554231166839599,1.906890869140625,0.5721588134765625,3.5364532470703125,1.0,1.0,True,coherent,1.511543036699295,2.2066145741939542,1.0272997856140136,11.200063323974609,0.1656618416355095,0.1656618416355095
b086c5ca62575b097b81,noise,20,0.019186019897460938,0.022492599487304688,0.01844024658203125,-0.01800537109375,0.053466796875,0.85,0.0,False,below_rule,0.010699338912963869,0.027700510025024407,0.05334548950195313,11.200063323974609,0.001713027805511757,0.002008256456832483
b6fd16448f4758f58734,noise,20,1.0682638168334961,1.0682638168334961,1.0859756469726562,0.466766357421875,1.760498046875,1.0,1.0,True,coherent,0.9148145246505737,1.230008192062378,0.6255687713623047,11.200063323974609,0.0953801586591742,0.0953801586591742
b9a7848b42d44e735797,noise,20,-0.20261282920837403,0.2510809421539307,-0.22511672973632812,-0.9025192260742188,0.2195138931274414,0.8,0.75,True,coherent,-0.311949257850647,-0.1008639597892762,0.40079545974731445,11.200063323974609,-0.0180903288979327,0.02241781451507264
bff33272529705ae72dd,noise,20,3.023415470123291,3.023415470123291,3.103926658630371,1.844482421875,4.077392578125,1.0,1.0,True,coherent,2.771928629875183,3.2722564578056335,1.8150518417358399,11.200063323974609,0.2699462835760432,0.2699462835760432
c1ce32319c8544633e7c,noise,20,1.686429786682129,1.686429786682129,1.7550048828125,0.8701171875,2.7161407470703125,1.0,1.0,True,coherent,1.4519076776504518,1.9292791509628295,1.2495456695556642,11.200063323974609,0.15057323676663456,0.15057323676663456
c450108cb382efc0daef,noise,20,-0.06325407028198242,0.08768033981323242,-0.041202545166015625,-0.2448883056640625,0.11474609375,0.8,0.35,False,below_rule,-0.10570805549621581,-0.022401881217956544,0.07641658782958985,11.200063323974609,-0.005647652915192198,0.007828557506951396
cb9dc14bab2759e048a2,noise,20,1.7686391830444337,1.7686391830444337,1.7858200073242188,0.8599853515625,2.759185791015625,1.0,1.0,True,coherent,1.5366849851608277,2.0000831222534177,0.8937526702880859,11.200063323974609,0.157913319941551,0.157913319941551
cd929cd3e236f6cee9c9,noise,20,1.9985536575317382,1.9985536575317382,2.0230636596679688,0.9683837890625,3.3023681640625,1.0,1.0,True,coherent,1.74282639503479,2.257665119171142,1.178769302368164,11.200063323974609,0.1784412819571902,0.1784412819571902
cec41ab38193f8498178,noise,20,1.8519536972045898,1.8519536972045898,1.8449630737304688,0.9920654296875,2.8238677978515625,1.0,1.0,True,coherent,1.6343468141555788,2.0746614933013916,1.0584712982177735,11.200063323974609,0.16535207379054173,0.16535207379054173
d12a02c1832220dd4a3f,noise,20,0.015938568115234374,0.031383514404296875,0.02056884765625,-0.0313720703125,0.062744140625,0.6,0.0,False,below_rule,0.002165870666503906,0.029658575057983357,0.03880767822265625,11.200063323974609,0.0014230783928798534,0.0028020836576091506
d9e755753500cd092bb3,noise,20,3.0803802490234373,3.0803802490234373,2.8600692749023438,1.571380615234375,4.84100341796875,1.0,1.0,True,coherent,2.6718978261947632,3.5006080293655395,1.7472129821777345,11.200063323974609,0.2750323957927669,0.2750323957927669
dd5ce852e439d312eabf,noise,20,1.9155157089233399,1.9155157089233399,1.9342269897460938,1.0384521484375,2.9035186767578125,1.0,1.0,True,coherent,1.6888880109786988,2.1477278900146484,1.0572185516357422,11.200063323974609,0.17102722132142137,0.17102722132142137
df175bf366057b853b6b,noise,20,0.062238025665283206,0.15448427200317383,0.05130767822265625,-0.27225494384765625,0.35277557373046875,0.6,0.6,True,heterogeneous,-0.01367222785949707,0.13940781116485573,0.2897359848022461,11.200063323974609,0.005556935158755563,0.01379316058619849
df39bbb7c7726109715d,noise,20,-0.43740090131759646,0.43740090131759646,-0.22782790660858154,-2.0373001098632812,-0.04742431640625,1.0,0.95,True,coherent,-0.6566130232810974,-0.26426405370235445,0.18750321865081787,11.200063323974609,-0.039053431098135465,0.039053431098135465
e45fa861af458336a563,noise,20,0.00442657470703125,0.01717681884765625,3.0517578125e-05,-0.025726318359375,0.038330078125,0.5,0.0,False,below_rule,-0.004247398376464844,0.013382110595703111,0.0225341796875,11.200063323974609,0.0003952276499683553,0.0015336358689051275
e4706311fc83edfdead2,noise,20,0.011005997657775879,0.3101869344711304,-0.029231786727905273,-0.8374862670898438,1.0064620971679688,0.5,0.85,True,heterogeneous,-0.17138142108917237,0.19551594793796506,0.3310290813446045,11.200063323974609,0.0009826728063417893,0.02769510542026589
e60a2ed9fb2e5ed1b59b,noise,20,1.8479049682617188,1.8479049682617188,1.8403244018554688,0.9908447265625,2.8233795166015625,1.0,1.0,True,coherent,1.6298096466064453,2.071204395294189,1.054846954345703,11.200063323974609,0.16499058217877519,0.16499058217877519
e72a11a085f6841adbe6,noise,20,1.8620725631713868,1.8620725631713868,1.894134521484375,1.0693359375,2.8123931884765625,1.0,1.0,True,coherent,1.6620348978042603,2.069111957550048,1.0924846649169921,11.200063323974609,0.16625553885802372,0.16625553885802372
e94be6861deff004d5b0,noise,20,0.05524449348449707,0.06135592460632324,0.04376220703125,-0.0347442626953125,0.2601318359375,0.85,0.2,False,below_rule,0.03001458406448364,0.0852290105819702,0.06097497940063477,11.200063323974609,0.004932516173032872,0.005478176580929333
ed4e877a9b498f845385,noise,20,1.867001724243164,1.867001724243164,1.8292465209960938,1.0416259765625,2.8611602783203125,1.0,1.0,True,coherent,1.655861406326294,2.0854808712005615,1.04849853515625,11.200063323974609,0.16669564003684703,0.16669564003684703
f5993752069c48a4b345,noise,20,0.8772293090820312,0.8772293090820312,0.794677734375,0.34619140625,1.80389404296875,1.0,1.0,True,coherent,0.7028899383544921,1.0587085914611816,0.8800460815429687,11.200063323974609,0.07832360261787569,0.07832360261787569
f5e3dbc451d1dbe69f22,noise,20,-0.17643308639526367,0.17643308639526367,-0.13631439208984375,-0.3896217346191406,-0.0380096435546875,1.0,0.65,True,coherent,-0.22134749174118043,-0.13382061004638673,0.29463443756103513,11.200063323974609,-0.01575286507689603,0.01575286507689603
intact,noise,20,0.0,0.0,0.0,0.0,0.0,1.0,0.0,False,below_rule,0.0,0.0,0.0,11.200063323974609,0.0,0.0
