id,direction,stratum,value,families,mean,mean_absolute,median,minimum,maximum,sign_fraction,above_tau_fraction,retained,classification,descriptive_ci_low,descriptive_ci_high
G2:L11H4:change,noise,query_first,False,20,0.001641082763671875,0.004346466064453125,0.001220703125,-0.014892578125,0.0142822265625,0.65,0.0,False,below_rule,-0.0010224342346191405,0.004132862091064452
G2:L11H4:change,noise,query_first,True,20,9.918212890625e-05,0.00497894287109375,-0.0007781982421875,-0.009033203125,0.011474609375,0.45,0.0,False,below_rule,-0.002511634826660156,0.0027740478515625
G2:L11H4:conditional,noise,query_first,False,20,0.007485198974609375,0.024971771240234374,0.00152587890625,-0.038330078125,0.0986328125,0.5,0.0,False,below_rule,-0.005822906494140625,0.022151947021484375
G2:L11H4:conditional,noise,query_first,True,20,0.00310821533203125,0.01084747314453125,0.001739501953125,-0.02197265625,0.048095703125,0.6,0.0,False,below_rule,-0.00351715087890625,0.010582084655761709
G2:L11H7:change,noise,query_first,False,20,0.002019500732421875,0.018451690673828125,-0.00042724609375,-0.0819091796875,0.051513671875,0.5,0.0,False,below_rule,-0.010394287109375,0.012969436645507794
G2:L11H7:change,noise,query_first,True,20,-0.011780166625976562,0.02627906799316406,-0.010711669921875,-0.0574798583984375,0.044647216796875,0.6,0.0,False,below_rule,-0.024261178970336913,0.0008607101440429588
G2:L11H7:conditional,noise,query_first,False,20,-0.003299713134765625,0.13340072631835936,0.0235595703125,-0.436767578125,0.31201171875,0.35,0.6,True,heterogeneous,-0.08299568176269531,0.06954996109008779
G2:L11H7:conditional,noise,query_first,True,20,0.023537445068359374,0.09337387084960938,0.03717041015625,-0.23095703125,0.247314453125,0.7,0.4,False,below_rule,-0.027962284088134764,0.07184953689575191
G2:L12H2:change,noise,query_first,False,20,0.00157318115234375,0.01212005615234375,-0.002197265625,-0.020263671875,0.0400390625,0.45,0.0,False,below_rule,-0.005137672424316406,0.009118690490722654
G2:L12H2:change,noise,query_first,True,20,0.0011837005615234375,0.0070323944091796875,0.00146484375,-0.0130157470703125,0.01629638671875,0.55,0.0,False,below_rule,-0.002421236038208008,0.004738655090332028
G2:L12H2:conditional,noise,query_first,False,20,0.02719268798828125,0.04455108642578125,0.0152740478515625,-0.04931640625,0.198974609375,0.6,0.15,False,below_rule,0.0037414169311523436,0.05406509399414061
G2:L12H2:conditional,noise,query_first,True,20,-0.00031890869140625,0.02770538330078125,0.01336669921875,-0.071533203125,0.033447265625,0.45,0.0,False,below_rule,-0.015255813598632812,0.013150253295898418
G2:L14H23:change,noise,query_first,False,20,0.009189605712890625,0.056262969970703125,0.01580810546875,-0.1561279296875,0.145751953125,0.55,0.2,False,below_rule,-0.02203123092651367,0.03974313735961913
G2:L14H23:change,noise,query_first,True,20,-0.016434192657470703,0.02324953079223633,-0.013580322265625,-0.0771026611328125,0.02420806884765625,0.65,0.0,False,below_rule,-0.02833845853805542,-0.00527035713195801
G2:L14H23:conditional,noise,query_first,False,20,-0.3547828674316406,0.3877906799316406,-0.3321533203125,-0.965576171875,0.243408203125,0.9,0.75,True,coherent,-0.5032266998291016,-0.2083838462829592
G2:L14H23:conditional,noise,query_first,True,20,-0.0576873779296875,0.1437164306640625,-0.020599365234375,-0.77081298828125,0.27880859375,0.6,0.5,True,heterogeneous,-0.15981529235839845,0.02850128173828117
G2:L15H3:change,noise,query_first,False,20,0.011219978332519531,0.02088794708251953,0.008516311645507812,-0.0283203125,0.060546875,0.7,0.0,False,below_rule,0.0006639003753662111,0.022084460258483866
G2:L15H3:change,noise,query_first,True,20,0.0002155303955078125,0.009521102905273438,0.000579833984375,-0.022705078125,0.02734375,0.55,0.0,False,below_rule,-0.0053490734100341795,0.005849552154541008
G2:L15H3:conditional,noise,query_first,False,20,-0.135418701171875,0.1576446533203125,-0.11676025390625,-0.60546875,0.1103515625,0.8,0.6,True,coherent,-0.20986190795898438,-0.06776226043701175
G2:L15H3:conditional,noise,query_first,True,20,-0.075543212890625,0.080389404296875,-0.06689453125,-0.17681884765625,0.0269775390625,0.85,0.4,False,below_rule,-0.10336349487304687,-0.04741149902343755
G2:L16H16:change,noise,query_first,False,20,-0.0029180943965911865,0.007034915685653687,-0.00164794921875,-0.01708984375,0.016876220703125,0.6,0.0,False,below_rule,-0.006700748205184936,0.0008545531332492775
G2:L16H16:change,noise,query_first,True,20,-0.001651763916015625,0.004846954345703125,-0.00144195556640625,-0.01123046875,0.0106201171875,0.55,0.0,False,below_rule,-0.004137420654296875,0.0008781814575195279
G2:L16H16:conditional,noise,query_first,False,20,0.03942809700965881,0.04406676888465881,0.029632568359375,-0.034423828125,0.09521484375,0.9,0.0,False,below_rule,0.02371453508734703,0.05487642303109166
G2:L16H16:conditional,noise,query_first,True,20,-0.00562591552734375,0.01407318115234375,-0.00579833984375,-0.037078857421875,0.03173828125,0.7,0.0,False,below_rule,-0.012530517578125,0.0016357421875
G2:L16H1:change,noise,query_first,False,20,-0.12988510131835937,0.15137557983398436,-0.1153564453125,-0.453369140625,0.13409423828125,0.9,0.55,True,coherent,-0.19764848709106445,-0.0658779335021973
G2:L16H1:change,noise,query_first,True,20,-0.023154449462890626,0.0571380615234375,-0.0231475830078125,-0.17828369140625,0.1304931640625,0.65,0.15,False,below_rule,-0.053451976776123046,0.006661367416381824
G2:L16H1:conditional,noise,query_first,False,20,1.1800765991210938,1.1800765991210938,1.0357666015625,0.4765625,2.306884765625,1.0,1.0,True,coherent,0.9305084228515625,1.4437583160400387
G2:L16H1:conditional,noise,query_first,True,20,0.42134246826171873,0.42460174560546876,0.37408447265625,-0.0325927734375,1.061279296875,0.95,0.95,True,coherent,0.3162803649902344,0.5364022064208983
G2:L16H21:change,noise,query_first,False,20,-0.06274986267089844,0.09208106994628906,-0.025390625,-0.300750732421875,0.0916748046875,0.55,0.3,False,below_rule,-0.11295179367065429,-0.016138305664062515
G2:L16H21:change,noise,query_first,True,20,-0.02064208984375,0.12526473999023438,-0.023193359375,-0.34521484375,0.3304443359375,0.6,0.4,True,heterogeneous,-0.09112106323242188,0.04990286827087398
G2:L16H21:conditional,noise,query_first,False,20,0.5937271118164062,0.6396621704101563,0.54852294921875,-0.32861328125,1.9404296875,0.9,0.9,True,coherent,0.37002689361572266,0.829482536315918
G2:L16H21:conditional,noise,query_first,True,20,1.1291824340820313,1.1291824340820313,1.040283203125,0.16156005859375,3.04534912109375,1.0,1.0,True,coherent,0.8388315582275391,1.4562796020507809
G2:L16H24:change,noise,query_first,False,20,0.012948226928710938,0.023214340209960938,0.01523590087890625,-0.054931640625,0.0654296875,0.75,0.0,False,below_rule,0.0015506076812744141,0.02374843597412109
G2:L16H24:change,noise,query_first,True,20,0.009530067443847656,0.013842201232910157,0.009765625,-0.030059814453125,0.039951324462890625,0.7,0.0,False,below_rule,0.0028181886672973633,0.015985317230224606
G2:L16H24:conditional,noise,query_first,False,20,-0.1370403289794922,0.1650310516357422,-0.10723876953125,-0.47216796875,0.140380859375,0.85,0.65,True,coherent,-0.20775808334350587,-0.06879751205444339
G2:L16H24:conditional,noise,query_first,True,20,0.0157379150390625,0.0770294189453125,0.025543212890625,-0.17626953125,0.1556396484375,0.6,0.3,False,below_rule,-0.0249908447265625,0.05513328552246091
G2:L16H31:change,noise,query_first,False,20,0.020455169677734374,0.03451461791992187,0.0164794921875,-0.0513916015625,0.110137939453125,0.75,0.05,False,below_rule,0.004305343627929688,0.037399311065673825
G2:L16H31:change,noise,query_first,True,20,0.0013631820678710938,0.005256843566894531,0.00201416015625,-0.0155029296875,0.0140380859375,0.65,0.0,False,below_rule,-0.001541576385498047,0.004094343185424802
G2:L16H31:conditional,noise,query_first,False,20,-0.3032951354980469,0.3032951354980469,-0.2379150390625,-0.641845703125,-0.0811767578125,1.0,0.95,True,coherent,-0.377703628540039,-0.23271457672119145
G2:L16H31:conditional,noise,query_first,True,20,-0.027752685546875,0.032415771484375,-0.026611328125,-0.115234375,0.037109375,0.85,0.05,False,below_rule,-0.04178482055664063,-0.014898681640625
G2:L16H4:change,noise,query_first,False,20,-0.0012409210205078125,0.0053539276123046875,6.103515625e-05,-0.023681640625,0.008544921875,0.5,0.0,False,below_rule,-0.004591817855834961,0.0016601848602294897
G2:L16H4:change,noise,query_first,True,20,-0.0005401611328125,0.0056304931640625,-0.000244140625,-0.010406494140625,0.0108642578125,0.5,0.0,False,below_rule,-0.0033477783203125,0.002251472473144528
G2:L16H4:conditional,noise,query_first,False,20,0.020873641967773436,0.040679550170898436,0.01824951171875,-0.049560546875,0.103515625,0.65,0.05,False,below_rule,0.0018182468414306642,0.0398684501647949
G2:L16H4:conditional,noise,query_first,True,20,0.009222412109375,0.021221923828125,0.011322021484375,-0.03515625,0.0601806640625,0.6,0.0,False,below_rule,-0.0012299346923828123,0.01967178344726561
G2:L17H24:change,noise,query_first,False,20,-0.031163597106933595,0.0830545425415039,-0.044097900390625,-0.251220703125,0.248992919921875,0.65,0.25,False,below_rule,-0.07580158233642578,0.015184617042541452
G2:L17H24:change,noise,query_first,True,20,0.0016269683837890625,0.014024734497070312,0.000732421875,-0.034423828125,0.044189453125,0.5,0.0,False,below_rule,-0.006512861251831054,0.009888486862182614
G2:L17H24:conditional,noise,query_first,False,20,0.9488311767578125,0.9488311767578125,0.9278564453125,0.397705078125,2.365966796875,1.0,1.0,True,coherent,0.7706325531005859,1.1609268188476562
G2:L17H24:conditional,noise,query_first,True,20,0.01457977294921875,0.06920623779296875,0.00396728515625,-0.120849609375,0.182647705078125,0.5,0.35,False,below_rule,-0.021594696044921875,0.05191738128662102
G2:L17H5:change,noise,query_first,False,20,0.005083465576171875,0.013405609130859374,0.00335693359375,-0.016845703125,0.040771484375,0.55,0.0,False,below_rule,-0.00164337158203125,0.01216972351074218
G2:L17H5:change,noise,query_first,True,20,4.596710205078125e-05,0.014925193786621094,0.004802703857421875,-0.04376220703125,0.02642822265625,0.6,0.0,False,below_rule,-0.0079801607131958,0.00757031917572021
G2:L17H5:conditional,noise,query_first,False,20,-0.07617263793945313,0.08662796020507812,-0.069549560546875,-0.2376708984375,0.04681396484375,0.85,0.3,False,below_rule,-0.10822004318237305,-0.044790191650390665
G2:L17H5:conditional,noise,query_first,True,20,0.06620635986328124,0.07285919189453124,0.0547332763671875,-0.042236328125,0.176025390625,0.9,0.3,False,below_rule,0.04000221252441406,0.09327735900878903
G2:L18H19:change,noise,query_first,False,20,-0.12447471618652343,0.23076820373535156,-0.12408447265625,-0.68212890625,0.60205078125,0.75,0.8,True,coherent,-0.24885163307189942,0.0009478759765622069
G2:L18H19:change,noise,query_first,True,20,0.02313575744628906,0.3364978790283203,0.14520263671875,-0.8394775390625,0.51171875,0.55,0.85,True,heterogeneous,-0.1510825538635254,0.18699101448059066
G2:L18H19:conditional,noise,query_first,False,20,2.1313850402832033,2.1313850402832033,1.967620849609375,0.851806640625,4.1630859375,1.0,1.0,True,coherent,1.6969647598266602,2.582320747375486
G2:L18H19:conditional,noise,query_first,True,20,3.9280364990234373,3.9280364990234373,3.6563720703125,1.9542236328125,6.144287109375,1.0,1.0,True,coherent,3.466533584594727,4.418304748535156
G2:L19H16:change,noise,query_first,False,20,-0.007814407348632812,0.08253974914550781,0.02252197265625,-0.24896240234375,0.156036376953125,0.35,0.3,False,below_rule,-0.05614690780639648,0.036540336608886705
G2:L19H16:change,noise,query_first,True,20,-0.07599120140075684,0.10831847190856933,-0.04577016830444336,-0.4130859375,0.1405029296875,0.75,0.45,True,heterogeneous,-0.14000320434570312,-0.02013384222984315
G2:L19H16:conditional,noise,query_first,False,20,-0.8201969146728516,0.8201969146728516,-0.6937904357910156,-1.94287109375,-0.157073974609375,1.0,1.0,True,coherent,-1.0378879070281983,-0.622349376678467
G2:L19H16:conditional,noise,query_first,True,20,-0.9653701782226562,0.9653701782226562,-0.88916015625,-2.1058349609375,-0.21826171875,1.0,1.0,True,coherent,-1.1978135681152344,-0.7464106750488282
G2:L1H27:change,noise,query_first,False,20,-0.00491945743560791,0.022954726219177247,-0.007080078125,-0.06054115295410156,0.0802001953125,0.6,0.0,False,below_rule,-0.01821271240711212,0.009068320393562312
G2:L1H27:change,noise,query_first,True,20,0.012062835693359374,0.019284820556640624,0.0067138671875,-0.02099609375,0.1021728515625,0.65,0.05,False,below_rule,0.0013716506958007814,0.02542572021484375
G2:L1H27:conditional,noise,query_first,False,20,0.06379849910736084,0.09584195613861084,0.03410029411315918,-0.0810546875,0.3701171875,0.7,0.25,False,below_rule,0.014337684512138368,0.11919451773166652
G2:L1H27:conditional,noise,query_first,True,20,0.001245880126953125,0.10572586059570313,0.0250244140625,-0.66064453125,0.2829742431640625,0.7,0.3,True,heterogeneous,-0.08883333206176758,0.07121303558349606
G2:L20H7:change,noise,query_first,False,20,0.012339019775390625,0.08452987670898438,0.011474609375,-0.14453125,0.312744140625,0.55,0.25,False,below_rule,-0.03303302764892578,0.06235977172851562
G2:L20H7:change,noise,query_first,True,20,0.07439074516296387,0.188200044631958,-0.011150360107421875,-0.2479248046875,0.577117919921875,0.5,0.55,True,heterogeneous,-0.02613659739494324,0.18365234255790705
G2:L20H7:conditional,noise,query_first,False,20,0.011620330810546874,0.32229080200195315,-0.046875,-0.7567901611328125,1.3922119140625,0.45,0.75,True,heterogeneous,-0.17472173690795897,0.22233512878417894
G2:L20H7:conditional,noise,query_first,True,20,-0.07948150634765624,0.3942230224609375,-0.14562225341796875,-1.496337890625,1.46435546875,0.65,0.8,True,heterogeneous,-0.321728572845459,0.17508102416992172
G2:L21H25:change,noise,query_first,False,20,0.010965728759765625,0.014664459228515624,0.00475311279296875,-0.00927734375,0.052520751953125,0.7,0.0,False,below_rule,0.003578929901123047,0.018914813995361324
G2:L21H25:change,noise,query_first,True,20,0.005669307708740234,0.015113925933837891,0.0048828125,-0.03963661193847656,0.0465087890625,0.65,0.0,False,below_rule,-0.0028144359588623043,0.0138075852394104
G2:L21H25:conditional,noise,query_first,False,20,0.08418121337890624,0.08724517822265625,0.06103515625,-0.0306396484375,0.454833984375,0.95,0.25,False,below_rule,0.0488865852355957,0.13339847564697266
G2:L21H25:conditional,noise,query_first,True,20,0.04294281005859375,0.06298675537109374,0.0439453125,-0.066162109375,0.171875,0.75,0.2,False,below_rule,0.014492454528808594,0.07269916534423826
G2:L22H5:change,noise,query_first,False,20,0.034940147399902345,0.059655189514160156,0.012359619140625,-0.145233154296875,0.595947265625,0.7,0.1,False,below_rule,-0.010056610107421874,0.10212790489196776
G2:L22H5:change,noise,query_first,True,20,0.1714557647705078,0.2383747100830078,0.13608551025390625,-0.32958984375,0.728515625,0.8,0.9,True,coherent,0.07050504684448242,0.27528017044067377
G2:L22H5:conditional,noise,query_first,False,20,0.8424444198608398,0.8424444198608398,0.8127899169921875,0.053466796875,2.07763671875,1.0,0.95,True,coherent,0.6500241613388061,1.0567915868759155
G2:L22H5:conditional,noise,query_first,True,20,1.5004791259765624,1.5004791259765624,1.3310546875,0.745361328125,3.11865234375,1.0,1.0,True,coherent,1.292441864013672,1.748514404296875
G2:L23H10:change,noise,query_first,False,20,0.009339141845703124,0.013317108154296875,0.00201416015625,-0.01611328125,0.0681304931640625,0.6,0.0,False,below_rule,0.0016745567321777345,0.018267841339111326
G2:L23H10:change,noise,query_first,True,20,-0.004055023193359375,0.010974884033203125,-0.00390625,-0.0401611328125,0.023834228515625,0.65,0.0,False,below_rule,-0.01027984619140625,0.0018251419067382645
G2:L23H10:conditional,noise,query_first,False,20,0.08391036987304687,0.08995285034179687,0.07796478271484375,-0.04833984375,0.1865386962890625,0.9,0.45,False,below_rule,0.05552734375,0.11159135818481446
G2:L23H10:conditional,noise,query_first,True,20,-0.04506072998046875,0.04523162841796875,-0.0347900390625,-0.132537841796875,0.001708984375,0.95,0.05,False,below_rule,-0.06154945373535156,-0.0293212890625
G2:L23H15:change,noise,query_first,False,20,0.049267578125,0.1438751220703125,0.040008544921875,-0.51898193359375,0.373779296875,0.7,0.5,True,heterogeneous,-0.039332008361816405,0.13115932464599603
G2:L23H15:change,noise,query_first,True,20,-0.017222213745117187,0.18775291442871095,-0.035400390625,-0.459747314453125,0.534912109375,0.55,0.6,True,heterogeneous,-0.1211454963684082,0.08958645820617664
G2:L23H15:conditional,noise,query_first,False,20,-0.8341629028320312,0.8341629028320312,-0.78546142578125,-2.655029296875,-0.00079345703125,1.0,0.95,True,coherent,-1.1002589797973632,-0.6091143798828128
G2:L23H15:conditional,noise,query_first,True,20,-1.0323822021484375,1.0323822021484375,-0.979583740234375,-2.1513671875,-0.45654296875,1.0,1.0,True,coherent,-1.2413134765625,-0.8404193115234376
G2:L25H18:change,noise,query_first,False,20,-0.00179290771484375,0.01105194091796875,0.00115966796875,-0.098388671875,0.027099609375,0.4,0.0,False,below_rule,-0.013687248229980468,0.006388893127441403
G2:L25H18:change,noise,query_first,True,20,-0.008075904846191407,0.01196117401123047,-0.007232666015625,-0.0475616455078125,0.01513671875,0.65,0.0,False,below_rule,-0.014513444900512694,-0.0022352743148803833
G2:L25H18:conditional,noise,query_first,False,20,-0.0068359375,0.028363037109375,-0.01141357421875,-0.09344482421875,0.18408203125,0.7,0.05,False,below_rule,-0.025006256103515624,0.017416534423828112
G2:L25H18:conditional,noise,query_first,True,20,0.00843048095703125,0.06261749267578125,-0.01910400390625,-0.1514892578125,0.588043212890625,0.3,0.15,False,below_rule,-0.036945037841796875,0.07819168090820304
G2:L26H23:change,noise,query_first,False,20,0.030878829956054687,0.06792411804199219,0.00738525390625,-0.191650390625,0.329833984375,0.65,0.2,False,below_rule,-0.016362810134887697,0.08518711090087888
G2:L26H23:change,noise,query_first,True,20,-0.009466004371643067,0.04382455348968506,0.00390625,-0.0920257568359375,0.09857177734375,0.45,0.0,False,below_rule,-0.0320980840921402,0.013372254371643062
G2:L26H23:conditional,noise,query_first,False,20,-0.43068084716796873,0.43068084716796873,-0.33172607421875,-1.96728515625,-0.0849609375,1.0,0.95,True,coherent,-0.6334310531616211,-0.28217620849609376
G2:L26H23:conditional,noise,query_first,True,20,-0.4227081298828125,0.4241729736328125,-0.255035400390625,-1.8729248046875,0.0146484375,0.95,0.75,True,coherent,-0.6391641998291016,-0.23655975341796878
G2:L26H31:change,noise,query_first,False,20,0.0027435302734375,0.0048065185546875,0.00091552734375,-0.00390625,0.03125,0.5,0.0,False,below_rule,-5.649566650390622e-05,0.006482009887695306
G2:L26H31:change,noise,query_first,True,20,-0.00176849365234375,0.00785980224609375,0.000347137451171875,-0.03375244140625,0.014739990234375,0.45,0.0,False,below_rule,-0.006840982437133789,0.0026855659484863264
G2:L26H31:conditional,noise,query_first,False,20,-0.00450592041015625,0.02178192138671875,-0.0062255859375,-0.064453125,0.056640625,0.55,0.0,False,below_rule,-0.016497840881347658,0.007287673950195306
G2:L26H31:conditional,noise,query_first,True,20,0.02252960205078125,0.05157318115234375,-0.004638671875,-0.08056640625,0.47491455078125,0.45,0.05,False,below_rule,-0.0131060791015625,0.07760211944580074
G2:L27H23:change,noise,query_first,False,20,0.0008083343505859375,0.0025012969970703127,0.00040435791015625,-0.003173828125,0.0128173828125,0.55,0.0,False,below_rule,-0.000594329833984375,0.0025589084625244132
G2:L27H23:change,noise,query_first,True,20,-0.0002567291259765625,0.0029499053955078123,9.918212890625e-05,-0.00740814208984375,0.0087890625,0.4,0.0,False,below_rule,-0.0019542789459228516,0.0015106391906738264
G2:L27H23:conditional,noise,query_first,False,20,-0.0003185272216796875,0.004552078247070312,-0.000213623046875,-0.013671875,0.009033203125,0.5,0.0,False,below_rule,-0.0030242919921875,0.0022174835205078123
G2:L27H23:conditional,noise,query_first,True,20,-0.002264404296875,0.005084228515625,-0.002960205078125,-0.01434326171875,0.0076904296875,0.65,0.0,False,below_rule,-0.004776077270507812,0.000201416015625
G2:L30H3:change,noise,query_first,False,20,0.0015110015869140626,0.0032871246337890627,-0.0004119873046875,-0.00439453125,0.014373779296875,0.45,0.0,False,below_rule,-0.000299072265625,0.0035747814178466774
G2:L30H3:change,noise,query_first,True,20,0.0007753372192382812,0.004405021667480469,0.00067138671875,-0.010986328125,0.010528564453125,0.6,0.0,False,below_rule,-0.0016720151901245116,0.0031572437286376946
G2:L30H3:conditional,noise,query_first,False,20,-0.0019222259521484374,0.004345321655273437,-0.0018310546875,-0.01979827880859375,0.0107421875,0.6,0.0,False,below_rule,-0.004616546630859375,0.000573768615722653
G2:L30H3:conditional,noise,query_first,True,20,-0.00617523193359375,0.01002044677734375,-0.00341796875,-0.030517578125,0.02490234375,0.75,0.0,False,below_rule,-0.011502113342285156,-0.00074310302734375
G2:L6H24:change,noise,query_first,False,20,-0.010343313217163086,0.0700873851776123,0.004962921142578125,-0.167236328125,0.1279296875,0.45,0.2,False,below_rule,-0.04681474447250366,0.025704264640808074
G2:L6H24:change,noise,query_first,True,20,-0.004729843139648438,0.054168319702148436,-0.0068359375,-0.1243743896484375,0.197265625,0.6,0.25,False,below_rule,-0.036711692810058594,0.028885717391967766
G2:L6H24:conditional,noise,query_first,False,20,0.006982326507568359,0.3984663963317871,-0.0137939453125,-1.12890625,1.374420166015625,0.45,0.8,True,heterogeneous,-0.22723231792449952,0.2501990509033203
G2:L6H24:conditional,noise,query_first,True,20,-4.3487548828125e-05,0.18198318481445314,0.036865234375,-0.4720458984375,0.4676513671875,0.45,0.6,True,heterogeneous,-0.10854972839355469,0.10390052795410153
G2:L8H15:change,noise,query_first,False,20,-0.023163986206054688,0.05790443420410156,-0.027923583984375,-0.1294708251953125,0.1311492919921875,0.65,0.2,False,below_rule,-0.05103241920471192,0.006248607635498035
G2:L8H15:change,noise,query_first,True,20,-0.011552810668945312,0.06952018737792968,-0.0364990234375,-0.3043212890625,0.169677734375,0.6,0.15,False,below_rule,-0.05514789581298828,0.02819447517395019
G2:L8H15:conditional,noise,query_first,False,20,0.19010581970214843,0.3825084686279297,0.1536865234375,-0.5401153564453125,1.358154296875,0.7,0.9,True,coherent,-0.004599761962890625,0.3992822456359863
G2:L8H15:conditional,noise,query_first,True,20,0.5091964721679687,0.5091964721679687,0.41461181640625,0.0478515625,1.4219970703125,1.0,0.95,True,coherent,0.36472137451171877,0.6705752944946287
G2:L8H8:change,noise,query_first,False,20,0.0021331787109375,0.009149169921875,0.0006103515625,-0.0216064453125,0.040771484375,0.5,0.0,False,below_rule,-0.0031326675415039064,0.00805690765380857
G2:L8H8:change,noise,query_first,True,20,0.002231788635253906,0.008579444885253907,-6.103515625e-05,-0.016845703125,0.03106689453125,0.5,0.0,False,below_rule,-0.00294952392578125,0.007886753082275384
G2:L8H8:conditional,noise,query_first,False,20,-0.04412841796875,0.063592529296875,-0.031494140625,-0.18408203125,0.0828857421875,0.7,0.2,False,below_rule,-0.07462211608886718,-0.014465179443359389
G2:L8H8:conditional,noise,query_first,True,20,-0.031938934326171876,0.059339141845703124,-0.0361328125,-0.1468505859375,0.1260528564453125,0.65,0.2,False,below_rule,-0.059665069580078126,-0.0019168663024902695
G2:L9H17:change,noise,query_first,False,20,-0.004281234741210937,0.014974594116210938,0.0002899169921875,-0.03369140625,0.0242919921875,0.5,0.0,False,below_rule,-0.012430343627929687,0.00340423583984375
G2:L9H17:change,noise,query_first,True,20,0.005482101440429687,0.008356857299804687,0.00445556640625,-0.01312255859375,0.021484375,0.85,0.0,False,below_rule,0.001486501693725586,0.009472694396972653
G2:L9H17:conditional,noise,query_first,False,20,0.03914375305175781,0.09368782043457032,0.0341033935546875,-0.154296875,0.3984375,0.55,0.25,False,below_rule,-0.012883501052856444,0.09882668495178222
G2:L9H17:conditional,noise,query_first,True,20,0.0309814453125,0.0436767578125,0.03118896484375,-0.06640625,0.11004638671875,0.7,0.05,False,below_rule,0.011538619995117188,0.05035408020019531
G2:L9H6:change,noise,query_first,False,20,0.00087738037109375,0.0155426025390625,-0.0037994384765625,-0.0445556640625,0.04931640625,0.45,0.0,False,below_rule,-0.008263454437255858,0.010567741394042944
G2:L9H6:change,noise,query_first,True,20,7.610321044921875e-05,0.012780570983886718,-0.0005340576171875,-0.021240234375,0.070556640625,0.5,0.0,False,below_rule,-0.007325010299682617,0.009651689529418934
G2:L9H6:conditional,noise,query_first,False,20,-0.06671829223632812,0.10291061401367188,-0.0390625,-0.336669921875,0.144287109375,0.75,0.3,True,heterogeneous,-0.12364177703857422,-0.014088726043701214
G2:L9H6:conditional,noise,query_first,True,20,-0.05883636474609375,0.07377777099609376,-0.0615234375,-0.1669921875,0.048828125,0.75,0.3,False,below_rule,-0.0882938003540039,-0.02927455902099631
G2group:negative:change,noise,query_first,False,20,-0.00843048095703125,0.28623504638671876,0.023128509521484375,-0.8564453125,1.038818359375,0.45,0.65,True,heterogeneous,-0.18204786300659181,0.17419782638549797
G2group:negative:change,noise,query_first,True,20,-0.2537380218505859,0.3721614837646484,-0.3014564514160156,-0.958404541015625,0.500030517578125,0.7,0.85,True,coherent,-0.40917631149291994,-0.09609130859375022
G2group:negative:intact,noise,query_first,False,20,-2.379388427734375,2.379388427734375,-2.0484619140625,-7.098876953125,-0.314208984375,1.0,1.0,True,coherent,-3.0334879302978517,-1.8374449539184572
G2group:negative:intact,noise,query_first,True,20,-2.308534622192383,2.308534622192383,-1.99530029296875,-5.410736083984375,-0.6318359375,1.0,1.0,True,coherent,-2.8625956535339356,-1.8165132713317873
G2group:negative:weakened,noise,query_first,False,20,-2.3878189086914063,2.3878189086914063,-2.23455810546875,-7.591796875,-0.26800537109375,1.0,1.0,True,coherent,-3.069567861557007,-1.8469266414642342
G2group:negative:weakened,noise,query_first,True,20,-2.562272644042969,2.562272644042969,-2.313720703125,-6.369140625,-0.71630859375,1.0,1.0,True,coherent,-3.152053909301758,-2.056834411621094
G2group:positive:change,noise,query_first,False,20,-0.3444263458251953,0.3502857208251953,-0.3007049560546875,-0.7671890258789062,0.049560546875,0.9,0.8,True,coherent,-0.4579755783081055,-0.23472644805908227
G2group:positive:change,noise,query_first,True,20,-0.03811073303222656,0.33779563903808596,0.074859619140625,-1.1431884765625,0.623046875,0.45,0.75,True,heterogeneous,-0.23643559455871582,0.14578174591064447
G2group:positive:intact,noise,query_first,False,20,4.560425186157227,4.560425186157227,4.7318878173828125,1.906585693359375,8.230712890625,1.0,1.0,True,coherent,3.8204409503936767,5.3040938568115195
G2group:positive:intact,noise,query_first,True,20,6.224406051635742,6.224406051635742,6.1512603759765625,3.49078369140625,10.1654052734375,1.0,1.0,True,coherent,5.530231666564942,6.968887872695922
G2group:positive:weakened,noise,query_first,False,20,4.215998840332031,4.215998840332031,4.2032470703125,1.7939453125,7.96875,1.0,1.0,True,coherent,3.5275374221801754,4.9277078247070305
G2group:positive:weakened,noise,query_first,True,20,6.1862953186035154,6.1862953186035154,5.8671875,3.5511474609375,10.2547607421875,1.0,1.0,True,coherent,5.464649963378906,6.951503658294677
G2group:reference1:change,noise,query_first,False,20,-0.004085445404052734,0.04183874130249023,-0.012350082397460938,-0.09423828125,0.134033203125,0.6,0.05,False,below_rule,-0.026159069538116454,0.01932752847671502
G2group:reference1:change,noise,query_first,True,20,-0.016176414489746094,0.040460395812988284,-0.0247802734375,-0.1077880859375,0.08831787109375,0.65,0.05,False,below_rule,-0.035701150894165035,0.0034986019134521026
G2group:reference1:intact,noise,query_first,False,20,0.1554229736328125,0.234912109375,0.1442413330078125,-0.201416015625,1.067138671875,0.65,0.7,True,heterogeneous,0.040119171142578125,0.291619873046875
G2group:reference1:intact,noise,query_first,True,20,-0.030946922302246094,0.18633098602294923,0.00390625,-0.4140625,0.32861328125,0.5,0.65,True,heterogeneous,-0.12963485717773438,0.06518280506134018
G2group:reference1:weakened,noise,query_first,False,20,0.15133752822875976,0.20968523025512695,0.1036672592163086,-0.15714645385742188,1.02056884765625,0.7,0.65,True,coherent,0.04636595249176026,0.2790159702301024
G2group:reference1:weakened,noise,query_first,True,20,-0.04712333679199219,0.18329277038574218,-0.043731689453125,-0.390625,0.3387451171875,0.65,0.6,True,heterogeneous,-0.14470444679260255,0.046892166137695146
G2group:reference2:change,noise,query_first,False,20,-0.01719818115234375,0.05954132080078125,0.013427734375,-0.539794921875,0.132232666015625,0.3,0.15,False,below_rule,-0.0815488624572754,0.02519554138183592
G2group:reference2:change,noise,query_first,True,20,-0.05334415435791016,0.09541339874267578,0.0037994384765625,-0.47021484375,0.10888671875,0.45,0.25,False,below_rule,-0.12901781082153319,0.010692763328552199
G2group:reference2:intact,noise,query_first,False,20,0.10482101440429688,0.22307510375976564,0.018341064453125,-0.3828125,1.40087890625,0.5,0.6,True,heterogeneous,-0.02865846633911133,0.28060266494750974
G2group:reference2:intact,noise,query_first,True,20,0.2589212417602539,0.3796998977661133,0.058502197265625,-0.310333251953125,2.4697265625,0.55,0.8,True,heterogeneous,0.019736108779907228,0.5644464397430419
G2group:reference2:weakened,noise,query_first,False,20,0.08762283325195312,0.18418197631835936,0.0198974609375,-0.35107421875,0.861083984375,0.55,0.5,True,heterogeneous,-0.018380355834960935,0.21126426696777328
G2group:reference2:weakened,noise,query_first,True,20,0.20557708740234376,0.29634857177734375,0.05517578125,-0.3056640625,1.99951171875,0.55,0.6,True,heterogeneous,0.024528465270996096,0.44613391876220687
G2group:reference3:change,noise,query_first,False,20,0.01546173095703125,0.04624786376953125,0.0069580078125,-0.111175537109375,0.16162109375,0.55,0.15,False,below_rule,-0.010980453491210938,0.043188705444335916
G2group:reference3:change,noise,query_first,True,20,-0.001311922073364258,0.04522967338562012,-0.0002288818359375,-0.12030029296875,0.151611328125,0.5,0.1,False,below_rule,-0.02655423164367676,0.025089137554168677
G2group:reference3:intact,noise,query_first,False,20,0.05713043212890625,0.24876861572265624,0.1025390625,-0.818603515625,0.501953125,0.7,0.75,True,heterogeneous,-0.08425422668457032,0.18239788055419892
G2group:reference3:intact,noise,query_first,True,20,-0.23790926933288575,0.26283602714538573,-0.1859736442565918,-0.966064453125,0.169677734375,0.85,0.75,True,coherent,-0.3566736602783203,-0.13042090296745315
G2group:reference3:weakened,noise,query_first,False,20,0.0725921630859375,0.224981689453125,0.11669921875,-0.72509765625,0.498779296875,0.75,0.8,True,heterogeneous,-0.05635837554931641,0.1847012710571288
G2group:reference3:weakened,noise,query_first,True,20,-0.23922119140625,0.262548828125,-0.219024658203125,-0.814453125,0.12060546875,0.9,0.8,True,coherent,-0.34791046142578125,-0.13720008850097665
G2group:reference4:change,noise,query_first,False,20,0.01021728515625,0.0697845458984375,0.00848388671875,-0.13232421875,0.186553955078125,0.55,0.25,False,below_rule,-0.026252822875976564,0.048536453247070205
G2group:reference4:change,noise,query_first,True,20,-0.011943435668945313,0.04395866394042969,-0.01361083984375,-0.105224609375,0.10382080078125,0.65,0.15,False,below_rule,-0.03542520523071289,0.01186996459960936
G2group:reference4:intact,noise,query_first,False,20,-0.23305816650390626,0.44231414794921875,-0.2890625,-1.31298828125,0.7591552734375,0.65,0.85,True,heterogeneous,-0.4486042022705078,-0.011285057067871258
G2group:reference4:intact,noise,query_first,True,20,-0.007632064819335938,0.18833656311035157,-0.04204559326171875,-0.29296875,0.8094635009765625,0.55,0.55,True,heterogeneous,-0.11204834938049316,0.11619228363037103
G2group:reference4:weakened,noise,query_first,False,20,-0.22284088134765626,0.41153106689453123,-0.3240966796875,-1.2130126953125,0.850341796875,0.65,0.8,True,heterogeneous,-0.4223075485229492,-0.015157051086425871
G2group:reference4:weakened,noise,query_first,True,20,-0.01957550048828125,0.19113616943359374,-0.046661376953125,-0.33642578125,0.727569580078125,0.65,0.55,True,heterogeneous,-0.12475326538085937,0.10128139495849585
G2group:residual23:change,noise,query_first,False,20,0.013560056686401367,0.1141772747039795,-0.000762939453125,-0.37506103515625,0.38330078125,0.5,0.35,True,heterogeneous,-0.05583168029785156,0.08383272290229785
G2group:residual23:change,noise,query_first,True,20,0.06401023864746094,0.17176246643066406,-0.008724212646484375,-0.251220703125,0.528778076171875,0.45,0.6,True,heterogeneous,-0.02641659736633301,0.16056443214416494
G2group:residual23:intact,noise,query_first,False,20,-0.2107543468475342,0.8055725574493409,-0.4187469482421875,-1.4954833984375,2.8554697036743164,0.55,1.0,True,heterogeneous,-0.6262789535522462,0.2558943378925316
G2group:residual23:intact,noise,query_first,True,20,0.3848728179931641,0.6739505767822266,0.37884521484375,-1.008544921875,2.0061492919921875,0.75,0.85,True,coherent,0.057869462966918944,0.7230787372589109
G2group:residual23:weakened,noise,query_first,False,20,-0.19719429016113282,0.7863178253173828,-0.3890380859375,-1.5247802734375,2.8875732421875,0.55,1.0,True,heterogeneous,-0.6035996627807617,0.26289959907531696
G2group:residual23:weakened,noise,query_first,True,20,0.448883056640625,0.759259033203125,0.311370849609375,-1.259765625,2.353271484375,0.75,0.9,True,coherent,0.06187721252441407,0.8559983825683593
G2:L11H4:change,noise,axis,answer_swap,20,0.0008701324462890625,0.0033405303955078127,0.00152587890625,-0.0048828125,0.008819580078125,0.6,0.0,False,below_rule,-0.0008194351196289063,0.0026245403289794898
G2:L11H4:conditional,noise,axis,answer_swap,20,0.0052967071533203125,0.01609382629394531,-0.0002593994140625,-0.02362060546875,0.04638671875,0.5,0.0,False,below_rule,-0.0030193424224853518,0.014059896469116205
G2:L11H7:change,noise,axis,answer_swap,20,-0.004880332946777343,0.01621837615966797,-0.008686065673828125,-0.037872314453125,0.0403900146484375,0.6,0.0,False,below_rule,-0.012959709167480469,0.003617172241210931
G2:L11H7:conditional,noise,axis,answer_swap,20,0.010118865966796875,0.0979095458984375,0.023834228515625,-0.226593017578125,0.2081298828125,0.55,0.45,False,below_rule,-0.04295703887939453,0.061517686843871974
G2:L12H2:change,noise,axis,answer_swap,20,0.0013784408569335938,0.006468772888183594,0.00078582763671875,-0.01007843017578125,0.0241851806640625,0.55,0.0,False,below_rule,-0.002326779365539551,0.005608792304992672
G2:L12H2:conditional,noise,axis,answer_swap,20,0.0134368896484375,0.03243865966796875,0.0166015625,-0.0535888671875,0.0936279296875,0.75,0.0,False,below_rule,-0.0028427886962890626,0.0296489334106445
G2:L14H23:change,noise,axis,answer_swap,20,-0.003622293472290039,0.030274438858032226,-0.006298065185546875,-0.0857248306274414,0.061859130859375,0.55,0.0,False,below_rule,-0.020345044136047364,0.012686548233032176
G2:L14H23:conditional,noise,axis,answer_swap,20,-0.20623512268066407,0.2431560516357422,-0.23046875,-0.868194580078125,0.1337890625,0.8,0.8,True,coherent,-0.30825104713439944,-0.11231884002685553
G2:L15H3:change,noise,axis,answer_swap,20,0.005717754364013672,0.011234188079833984,0.002044677734375,-0.0255126953125,0.028564453125,0.65,0.0,False,below_rule,-0.00047368288040161127,0.012040810585021973
G2:L15H3:conditional,noise,axis,answer_swap,20,-0.10548095703125,0.1121337890625,-0.07781982421875,-0.391143798828125,0.048583984375,0.9,0.45,True,coherent,-0.15101354598999023,-0.06460092544555665
G2:L16H16:change,noise,axis,answer_swap,20,-0.0022849291563034058,0.004235002398490906,-0.00186920166015625,-0.014028966426849365,0.00506591796875,0.55,0.0,False,below_rule,-0.004518289119005203,-0.00019450187683105885
G2:L16H16:conditional,noise,axis,answer_swap,20,0.016901090741157532,0.020096281170845033,0.016571044921875,-0.0179443359375,0.047607421875,0.8,0.0,False,below_rule,0.009406223297119142,0.024299671128392215
G2:L16H1:change,noise,axis,answer_swap,20,-0.076519775390625,0.08525543212890625,-0.0910491943359375,-0.20406341552734375,0.0619659423828125,0.85,0.35,False,below_rule,-0.10567603588104248,-0.047019085884094244
G2:L16H1:conditional,noise,axis,answer_swap,20,0.8007095336914063,0.8007095336914063,0.73846435546875,0.29412841796875,1.60791015625,1.0,1.0,True,coherent,0.6436928367614747,0.9631286811828613
G2:L16H21:change,noise,axis,answer_swap,20,-0.04169597625732422,0.06509113311767578,-0.04665184020996094,-0.18715667724609375,0.0660400390625,0.7,0.15,False,below_rule,-0.07294283390045166,-0.0120309066772461
G2:L16H21:conditional,noise,axis,answer_swap,20,0.8614547729492188,0.8614547729492188,0.86224365234375,0.043212890625,1.889495849609375,1.0,0.95,True,coherent,0.6440582084655762,1.086907806396484
G2:L16H24:change,noise,axis,answer_swap,20,0.011239147186279297,0.014372539520263673,0.00946807861328125,-0.014617919921875,0.0468292236328125,0.75,0.0,False,below_rule,0.0048862814903259276,0.017897188663482652
G2:L16H24:conditional,noise,axis,answer_swap,20,-0.060651206970214845,0.07893733978271485,-0.04228401184082031,-0.23046875,0.0755615234375,0.7,0.35,False,below_rule,-0.09956677913665771,-0.02376516342163086
G2:L16H31:change,noise,axis,answer_swap,20,0.010909175872802735,0.017055416107177736,0.009979248046875,-0.02520751953125,0.0473175048828125,0.75,0.0,False,below_rule,0.002986772060394287,0.018804199695587154
G2:L16H31:conditional,noise,axis,answer_swap,20,-0.16552391052246093,0.16552391052246093,-0.12384033203125,-0.3536376953125,-0.04010009765625,1.0,0.65,True,coherent,-0.20666190147399902,-0.12597043037414551
G2:L16H4:change,noise,axis,answer_swap,20,-0.0008905410766601562,0.002971458435058594,-0.000675201416015625,-0.008514404296875,0.00689697265625,0.55,0.0,False,below_rule,-0.002573394775390625,0.0007606649398803699
G2:L16H4:conditional,noise,axis,answer_swap,20,0.015048027038574219,0.03023052215576172,0.023038864135742188,-0.031982421875,0.060516357421875,0.6,0.0,False,below_rule,0.0019007158279418948,0.02805306434631343
G2:L17H24:change,noise,axis,answer_swap,20,-0.014768314361572266,0.04067869186401367,-0.0222015380859375,-0.11815643310546875,0.126312255859375,0.65,0.1,False,below_rule,-0.036889712810516354,0.008363363742828341
G2:L17H24:conditional,noise,axis,answer_swap,20,0.4817054748535156,0.4817054748535156,0.45603179931640625,0.19561767578125,1.1585693359375,1.0,1.0,True,coherent,0.3903665542602539,0.5884400177001952
G2:L17H5:change,noise,axis,answer_swap,20,0.0025647163391113283,0.010295963287353516,0.0031194686889648438,-0.030303955078125,0.02294158935546875,0.7,0.0,False,below_rule,-0.003186802864074707,0.007852616310119624
G2:L17H5:conditional,noise,axis,answer_swap,20,-0.004983139038085937,0.036758041381835936,-0.00800323486328125,-0.10919189453125,0.102752685546875,0.55,0.1,False,below_rule,-0.025247793197631836,0.01564688682556151
G2:L18H19:change,noise,axis,answer_swap,20,-0.05066947937011719,0.21046524047851561,-0.056262969970703125,-0.5218658447265625,0.5066070556640625,0.55,0.75,True,heterogeneous,-0.16095704078674317,0.05964765071868883
G2:L18H19:conditional,noise,axis,answer_swap,20,3.0297107696533203,3.0297107696533203,2.906951904296875,1.470947265625,4.7357330322265625,1.0,1.0,True,coherent,2.6414377880096436,3.433770990371704
G2:L19H16:change,noise,axis,answer_swap,20,-0.041902804374694826,0.05686862468719482,-0.03948974609375,-0.1788330078125,0.0662384033203125,0.8,0.2,False,below_rule,-0.06944083511829376,-0.015582232475280781
G2:L19H16:conditional,noise,axis,answer_swap,20,-0.8927835464477539,0.8927835464477539,-0.839202880859375,-1.6985931396484375,-0.217041015625,1.0,1.0,True,coherent,-1.0637073135375976,-0.7260874509811405
G2:L1H27:change,noise,axis,answer_swap,20,0.0035716891288757324,0.014718711376190186,0.0013335943222045898,-0.0391845703125,0.0911865234375,0.6,0.0,False,below_rule,-0.006033824682235718,0.015771094858646393
G2:L1H27:conditional,noise,axis,answer_swap,20,0.032522189617156985,0.06939352750778198,0.01483154296875,-0.1678466796875,0.23065185546875,0.6,0.25,False,below_rule,-0.00886904150247574,0.07635544538497915
G2:L20H7:change,noise,axis,answer_swap,20,0.043364882469177246,0.1226076364517212,0.015787124633789062,-0.16595458984375,0.324554443359375,0.6,0.55,True,heterogeneous,-0.01969648778438568,0.10984070777893051
G2:L20H7:conditional,noise,axis,answer_swap,20,-0.03393058776855469,0.3389087677001953,-0.1033935546875,-1.1265640258789062,1.42828369140625,0.65,0.8,True,heterogeneous,-0.2402732276916504,0.19096371650695748
G2:L21H25:change,noise,axis,answer_swap,20,0.008317518234252929,0.013966035842895509,0.00910186767578125,-0.02134418487548828,0.034912109375,0.75,0.0,False,below_rule,0.0019217908382415773,0.014433498382568358
G2:L21H25:conditional,noise,axis,answer_swap,20,0.06356201171875,0.06918182373046874,0.0526275634765625,-0.04754638671875,0.2950439453125,0.9,0.2,False,below_rule,0.03658897399902344,0.09656197547912596
G2:L22H5:change,noise,axis,answer_swap,20,0.10319795608520507,0.13519105911254883,0.11540508270263672,-0.1453857421875,0.3639984130859375,0.8,0.6,True,coherent,0.048709213733673096,0.1578323411941528
G2:L22H5:conditional,noise,axis,answer_swap,20,1.1714617729187011,1.1714617729187011,1.0803451538085938,0.63671875,1.9641265869140625,1.0,1.0,True,coherent,1.0149820065498354,1.3419928979873657
G2:L23H10:change,noise,axis,answer_swap,20,0.002642059326171875,0.0093048095703125,0.00214385986328125,-0.01947021484375,0.03118133544921875,0.55,0.0,False,below_rule,-0.0023308277130126955,0.007840137481689437
G2:L23H10:conditional,noise,axis,answer_swap,20,0.019424819946289064,0.03710517883300781,0.025524139404296875,-0.05352783203125,0.0654296875,0.75,0.0,False,below_rule,0.003482542037963868,0.03418950080871579
G2:L23H15:change,noise,axis,answer_swap,20,0.016022682189941406,0.14041805267333984,0.00955963134765625,-0.3055572509765625,0.4383544921875,0.5,0.5,True,heterogeneous,-0.0610974645614624,0.09848739624023435
G2:L23H15:conditional,noise,axis,answer_swap,20,-0.9332725524902343,0.9332725524902343,-0.91705322265625,-2.30828857421875,-0.245635986328125,1.0,1.0,True,coherent,-1.1336070442199708,-0.7590224456787112
G2:L25H18:change,noise,axis,answer_swap,20,-0.0049344062805175785,0.008849811553955079,-0.001739501953125,-0.07297515869140625,0.01448822021484375,0.7,0.0,False,below_rule,-0.013425204753875732,0.0008857750892639158
G2:L25H18:conditional,noise,axis,answer_swap,20,0.000797271728515625,0.043003082275390625,-0.014251708984375,-0.122467041015625,0.3860626220703125,0.3,0.1,False,below_rule,-0.030014266967773436,0.047441864013671876
G2:L26H23:change,noise,axis,answer_swap,20,0.01070641279220581,0.047781836986541745,0.00435638427734375,-0.1267242431640625,0.214202880859375,0.6,0.2,False,below_rule,-0.018019554913043974,0.04292916327714912
G2:L26H23:conditional,noise,axis,answer_swap,20,-0.4266944885253906,0.4266944885253906,-0.2394866943359375,-1.92010498046875,-0.046875,1.0,0.95,True,coherent,-0.6298026847839355,-0.2670729446411133
G2:L26H31:change,noise,axis,answer_swap,20,0.000487518310546875,0.00505523681640625,0.000457763671875,-0.0156707763671875,0.017822265625,0.65,0.0,False,below_rule,-0.0025690126419067386,0.0035312223434448113
G2:L26H31:conditional,noise,axis,answer_swap,20,0.0090118408203125,0.03603057861328125,-0.00421142578125,-0.072509765625,0.252105712890625,0.4,0.05,False,below_rule,-0.013774147033691406,0.040471019744873035
G2:L27H23:change,noise,axis,answer_swap,20,0.0002758026123046875,0.0019359588623046875,-0.0001049041748046875,-0.004192352294921875,0.00640869140625,0.5,0.0,False,below_rule,-0.000814061164855957,0.0014640855789184567
G2:L27H23:conditional,noise,axis,answer_swap,20,-0.0012914657592773438,0.0032587051391601562,-0.0008544921875,-0.012542724609375,0.0047454833984375,0.65,0.0,False,below_rule,-0.0032944250106811523,0.0005281686782836893
G2:L30H3:change,noise,axis,answer_swap,20,0.001143169403076172,0.0029046058654785155,0.0006961822509765625,-0.0076904296875,0.007232666015625,0.65,0.0,False,below_rule,-0.0004836130142211914,0.002677257061004638
G2:L30H3:conditional,noise,axis,answer_swap,20,-0.004048728942871093,0.005968284606933594,-0.00262451171875,-0.025157928466796875,0.011962890625,0.75,0.0,False,below_rule,-0.007480049133300781,-0.0009328460693359408
G2:L6H24:change,noise,axis,answer_swap,20,-0.007536578178405762,0.0527693510055542,-0.01280069351196289,-0.10355377197265625,0.1473388671875,0.55,0.1,False,below_rule,-0.03511048078536987,0.020708837509155274
G2:L6H24:conditional,noise,axis,answer_swap,20,0.003469419479370117,0.27115740776062014,-0.022451400756835938,-0.7868423461914062,0.9029083251953125,0.5,0.75,True,heterogeneous,-0.15990739345550536,0.1691189849376678
G2:L8H15:change,noise,axis,answer_swap,20,-0.0173583984375,0.042496109008789064,-0.020940780639648438,-0.13812255859375,0.07379150390625,0.75,0.05,False,below_rule,-0.03951752185821533,0.00442114830017089
G2:L8H15:conditional,noise,axis,answer_swap,20,0.3496511459350586,0.39798870086669924,0.2705078125,-0.24613189697265625,0.99017333984375,0.85,0.85,True,coherent,0.19759835243225096,0.5090546655654905
G2:L8H8:change,noise,axis,answer_swap,20,0.002182483673095703,0.007111072540283203,0.00048828125,-0.01177978515625,0.02044677734375,0.5,0.0,False,below_rule,-0.001548292636871338,0.00605141401290893
G2:L8H8:conditional,noise,axis,answer_swap,20,-0.038033676147460935,0.050513076782226565,-0.03179931640625,-0.129302978515625,0.05069732666015625,0.75,0.15,False,below_rule,-0.06135128021240234,-0.015039472579956085
G2:L9H17:change,noise,axis,answer_swap,20,0.000600433349609375,0.007831954956054687,0.0001220703125,-0.0155029296875,0.01611328125,0.5,0.0,False,below_rule,-0.0035896396636962893,0.0047533130645751945
G2:L9H17:conditional,noise,axis,answer_swap,20,0.03506259918212891,0.06127872467041016,0.02046966552734375,-0.1103515625,0.238128662109375,0.65,0.2,False,below_rule,0.0022393178939819334,0.07086049556732173
G2:L9H6:change,noise,axis,answer_swap,20,0.00047674179077148435,0.00882406234741211,0.0020246505737304688,-0.018310546875,0.0236358642578125,0.55,0.0,False,below_rule,-0.004450325965881347,0.0053260326385498
G2:L9H6:conditional,noise,axis,answer_swap,20,-0.06277732849121094,0.08399848937988282,-0.04144287109375,-0.2418212890625,0.096435546875,0.8,0.25,False,below_rule,-0.10358634948730469,-0.024412088394165046
G2group:negative:change,noise,axis,answer_swap,20,-0.13108425140380858,0.25338153839111327,-0.15250205993652344,-0.5236740112304688,0.7694244384765625,0.8,0.85,True,coherent,-0.24523552417755126,0.0012073850631713339
G2group:negative:intact,noise,axis,answer_swap,20,-2.3439615249633787,2.3439615249633787,-1.9722366333007812,-5.777229309082031,-0.777099609375,1.0,1.0,True,coherent,-2.885937285423279,-1.8847086238861086
G2group:negative:weakened,noise,axis,answer_swap,20,-2.4750457763671876,2.4750457763671876,-2.184347152709961,-6.3009033203125,-0.8026123046875,1.0,1.0,True,coherent,-3.022937297821045,-2.026221714019776
G2group:positive:change,noise,axis,answer_swap,20,-0.19126853942871094,0.2632701873779297,-0.14031600952148438,-0.871337890625,0.3363037109375,0.75,0.75,True,coherent,-0.3252856254577637,-0.06544775962829597
G2group:positive:intact,noise,axis,answer_swap,20,5.392415618896484,5.392415618896484,5.381044387817383,3.033599853515625,7.966178894042969,1.0,1.0,True,coherent,4.77610297203064,6.008929405212402
G2group:positive:weakened,noise,axis,answer_swap,20,5.201147079467773,5.201147079467773,5.080474853515625,3.06829833984375,7.8221435546875,1.0,1.0,True,coherent,4.621355447769165,5.8007483959198
G2group:reference1:change,noise,axis,answer_swap,20,-0.010130929946899413,0.029120492935180663,-0.010184288024902344,-0.0718994140625,0.064788818359375,0.75,0.0,False,below_rule,-0.025491472482681275,0.005537093877792324
G2group:reference1:intact,noise,axis,answer_swap,20,0.062238025665283206,0.15448427200317383,0.05130767822265625,-0.27225494384765625,0.35277557373046875,0.6,0.6,True,heterogeneous,-0.01367222785949707,0.13940781116485573
G2group:reference1:weakened,noise,axis,answer_swap,20,0.05210709571838379,0.15317854881286622,0.08306884765625,-0.2568168640136719,0.3424072265625,0.6,0.55,True,heterogeneous,-0.022657022476196286,0.12833887577056882
G2group:reference2:change,noise,axis,answer_swap,20,-0.03527116775512695,0.07071161270141602,0.0088348388671875,-0.5050048828125,0.1205596923828125,0.4,0.2,False,below_rule,-0.10062664031982423,0.015124547481536845
G2group:reference2:intact,noise,axis,answer_swap,20,0.1818711280822754,0.25948610305786135,0.036258697509765625,-0.20285797119140625,1.935302734375,0.6,0.55,True,heterogeneous,0.013054237365722659,0.41499026060104366
G2group:reference2:weakened,noise,axis,answer_swap,20,0.14659996032714845,0.20746498107910155,0.034027099609375,-0.19830322265625,1.4302978515625,0.6,0.55,True,heterogeneous,0.019045600891113283,0.3179106330871576
G2group:reference3:change,noise,axis,answer_swap,20,0.007074904441833496,0.030491042137145995,0.013681411743164062,-0.054473876953125,0.06182861328125,0.65,0.0,False,below_rule,-0.00854967176914215,0.02212828993797302
G2group:reference3:intact,noise,axis,answer_swap,20,-0.09038941860198975,0.17419111728668213,-0.04650306701660156,-0.6427001953125,0.28173828125,0.6,0.5,True,heterogeneous,-0.19159254550933838,0.004069727659225438
G2group:reference3:weakened,noise,axis,answer_swap,20,-0.08331451416015626,0.1599365234375,-0.028106689453125,-0.582275390625,0.3096923828125,0.6,0.5,True,heterogeneous,-0.1782118034362793,0.005192871093749974
G2group:reference4:change,noise,axis,answer_swap,20,-0.0008630752563476562,0.04567775726318359,-0.0161895751953125,-0.1044464111328125,0.12493133544921875,0.55,0.15,False,below_rule,-0.024719400405883787,0.023936557769775383
G2group:reference4:intact,noise,axis,answer_swap,20,-0.1203451156616211,0.22553157806396484,-0.12531471252441406,-0.57025146484375,0.408050537109375,0.65,0.8,True,heterogeneous,-0.22807233810424807,-0.009238262176513688
G2group:reference4:weakened,noise,axis,answer_swap,20,-0.12120819091796875,0.20926666259765625,-0.136444091796875,-0.5270233154296875,0.34930419921875,0.7,0.7,True,coherent,-0.21833148956298828,-0.020748634338378927
G2group:residual23:change,noise,axis,answer_swap,20,0.038785147666931155,0.1311042547225952,0.022222518920898438,-0.29941558837890625,0.356689453125,0.55,0.45,True,heterogeneous,-0.031128359436988832,0.10876954495906822
G2group:residual23:intact,noise,axis,answer_swap,20,0.08705923557281495,0.5794843912124634,-0.04050445556640625,-1.2005767822265625,2.430809497833252,0.5,0.85,True,heterogeneous,-0.250082169175148,0.4602248233556747
G2group:residual23:weakened,noise,axis,answer_swap,20,0.1258443832397461,0.6282876968383789,0.115264892578125,-1.36920166015625,2.60882568359375,0.55,0.9,True,heterogeneous,-0.23940656185150144,0.5299997711181633
G2:L11H4:change,noise,prefix_length,0,20,0.0008701324462890625,0.0033405303955078127,0.00152587890625,-0.0048828125,0.008819580078125,0.6,0.0,False,below_rule,-0.0008194351196289063,0.0026245403289794898
G2:L11H4:conditional,noise,prefix_length,0,20,0.0052967071533203125,0.01609382629394531,-0.0002593994140625,-0.02362060546875,0.04638671875,0.5,0.0,False,below_rule,-0.0030193424224853518,0.014059896469116205
G2:L11H7:change,noise,prefix_length,0,20,-0.004880332946777343,0.01621837615966797,-0.008686065673828125,-0.037872314453125,0.0403900146484375,0.6,0.0,False,below_rule,-0.012959709167480469,0.003617172241210931
G2:L11H7:conditional,noise,prefix_length,0,20,0.010118865966796875,0.0979095458984375,0.023834228515625,-0.226593017578125,0.2081298828125,0.55,0.45,False,below_rule,-0.04295703887939453,0.061517686843871974
G2:L12H2:change,noise,prefix_length,0,20,0.0013784408569335938,0.006468772888183594,0.00078582763671875,-0.01007843017578125,0.0241851806640625,0.55,0.0,False,below_rule,-0.002326779365539551,0.005608792304992672
G2:L12H2:conditional,noise,prefix_length,0,20,0.0134368896484375,0.03243865966796875,0.0166015625,-0.0535888671875,0.0936279296875,0.75,0.0,False,below_rule,-0.0028427886962890626,0.0296489334106445
G2:L14H23:change,noise,prefix_length,0,20,-0.003622293472290039,0.030274438858032226,-0.006298065185546875,-0.0857248306274414,0.061859130859375,0.55,0.0,False,below_rule,-0.020345044136047364,0.012686548233032176
G2:L14H23:conditional,noise,prefix_length,0,20,-0.20623512268066407,0.2431560516357422,-0.23046875,-0.868194580078125,0.1337890625,0.8,0.8,True,coherent,-0.30825104713439944,-0.11231884002685553
G2:L15H3:change,noise,prefix_length,0,20,0.005717754364013672,0.011234188079833984,0.002044677734375,-0.0255126953125,0.028564453125,0.65,0.0,False,below_rule,-0.00047368288040161127,0.012040810585021973
G2:L15H3:conditional,noise,prefix_length,0,20,-0.10548095703125,0.1121337890625,-0.07781982421875,-0.391143798828125,0.048583984375,0.9,0.45,True,coherent,-0.15101354598999023,-0.06460092544555665
G2:L16H16:change,noise,prefix_length,0,20,-0.0022849291563034058,0.004235002398490906,-0.00186920166015625,-0.014028966426849365,0.00506591796875,0.55,0.0,False,below_rule,-0.004518289119005203,-0.00019450187683105885
G2:L16H16:conditional,noise,prefix_length,0,20,0.016901090741157532,0.020096281170845033,0.016571044921875,-0.0179443359375,0.047607421875,0.8,0.0,False,below_rule,0.009406223297119142,0.024299671128392215
G2:L16H1:change,noise,prefix_length,0,20,-0.076519775390625,0.08525543212890625,-0.0910491943359375,-0.20406341552734375,0.0619659423828125,0.85,0.35,False,below_rule,-0.10567603588104248,-0.047019085884094244
G2:L16H1:conditional,noise,prefix_length,0,20,0.8007095336914063,0.8007095336914063,0.73846435546875,0.29412841796875,1.60791015625,1.0,1.0,True,coherent,0.6436928367614747,0.9631286811828613
G2:L16H21:change,noise,prefix_length,0,20,-0.04169597625732422,0.06509113311767578,-0.04665184020996094,-0.18715667724609375,0.0660400390625,0.7,0.15,False,below_rule,-0.07294283390045166,-0.0120309066772461
G2:L16H21:conditional,noise,prefix_length,0,20,0.8614547729492188,0.8614547729492188,0.86224365234375,0.043212890625,1.889495849609375,1.0,0.95,True,coherent,0.6440582084655762,1.086907806396484
G2:L16H24:change,noise,prefix_length,0,20,0.011239147186279297,0.014372539520263673,0.00946807861328125,-0.014617919921875,0.0468292236328125,0.75,0.0,False,below_rule,0.0048862814903259276,0.017897188663482652
G2:L16H24:conditional,noise,prefix_length,0,20,-0.060651206970214845,0.07893733978271485,-0.04228401184082031,-0.23046875,0.0755615234375,0.7,0.35,False,below_rule,-0.09956677913665771,-0.02376516342163086
G2:L16H31:change,noise,prefix_length,0,20,0.010909175872802735,0.017055416107177736,0.009979248046875,-0.02520751953125,0.0473175048828125,0.75,0.0,False,below_rule,0.002986772060394287,0.018804199695587154
G2:L16H31:conditional,noise,prefix_length,0,20,-0.16552391052246093,0.16552391052246093,-0.12384033203125,-0.3536376953125,-0.04010009765625,1.0,0.65,True,coherent,-0.20666190147399902,-0.12597043037414551
G2:L16H4:change,noise,prefix_length,0,20,-0.0008905410766601562,0.002971458435058594,-0.000675201416015625,-0.008514404296875,0.00689697265625,0.55,0.0,False,below_rule,-0.002573394775390625,0.0007606649398803699
G2:L16H4:conditional,noise,prefix_length,0,20,0.015048027038574219,0.03023052215576172,0.023038864135742188,-0.031982421875,0.060516357421875,0.6,0.0,False,below_rule,0.0019007158279418948,0.02805306434631343
G2:L17H24:change,noise,prefix_length,0,20,-0.014768314361572266,0.04067869186401367,-0.0222015380859375,-0.11815643310546875,0.126312255859375,0.65,0.1,False,below_rule,-0.036889712810516354,0.008363363742828341
G2:L17H24:conditional,noise,prefix_length,0,20,0.4817054748535156,0.4817054748535156,0.45603179931640625,0.19561767578125,1.1585693359375,1.0,1.0,True,coherent,0.3903665542602539,0.5884400177001952
G2:L17H5:change,noise,prefix_length,0,20,0.0025647163391113283,0.010295963287353516,0.0031194686889648438,-0.030303955078125,0.02294158935546875,0.7,0.0,False,below_rule,-0.003186802864074707,0.007852616310119624
G2:L17H5:conditional,noise,prefix_length,0,20,-0.004983139038085937,0.036758041381835936,-0.00800323486328125,-0.10919189453125,0.102752685546875,0.55,0.1,False,below_rule,-0.025247793197631836,0.01564688682556151
G2:L18H19:change,noise,prefix_length,0,20,-0.05066947937011719,0.21046524047851561,-0.056262969970703125,-0.5218658447265625,0.5066070556640625,0.55,0.75,True,heterogeneous,-0.16095704078674317,0.05964765071868883
G2:L18H19:conditional,noise,prefix_length,0,20,3.0297107696533203,3.0297107696533203,2.906951904296875,1.470947265625,4.7357330322265625,1.0,1.0,True,coherent,2.6414377880096436,3.433770990371704
G2:L19H16:change,noise,prefix_length,0,20,-0.041902804374694826,0.05686862468719482,-0.03948974609375,-0.1788330078125,0.0662384033203125,0.8,0.2,False,below_rule,-0.06944083511829376,-0.015582232475280781
G2:L19H16:conditional,noise,prefix_length,0,20,-0.8927835464477539,0.8927835464477539,-0.839202880859375,-1.6985931396484375,-0.217041015625,1.0,1.0,True,coherent,-1.0637073135375976,-0.7260874509811405
G2:L1H27:change,noise,prefix_length,0,20,0.0035716891288757324,0.014718711376190186,0.0013335943222045898,-0.0391845703125,0.0911865234375,0.6,0.0,False,below_rule,-0.006033824682235718,0.015771094858646393
G2:L1H27:conditional,noise,prefix_length,0,20,0.032522189617156985,0.06939352750778198,0.01483154296875,-0.1678466796875,0.23065185546875,0.6,0.25,False,below_rule,-0.00886904150247574,0.07635544538497915
G2:L20H7:change,noise,prefix_length,0,20,0.043364882469177246,0.1226076364517212,0.015787124633789062,-0.16595458984375,0.324554443359375,0.6,0.55,True,heterogeneous,-0.01969648778438568,0.10984070777893051
G2:L20H7:conditional,noise,prefix_length,0,20,-0.03393058776855469,0.3389087677001953,-0.1033935546875,-1.1265640258789062,1.42828369140625,0.65,0.8,True,heterogeneous,-0.2402732276916504,0.19096371650695748
G2:L21H25:change,noise,prefix_length,0,20,0.008317518234252929,0.013966035842895509,0.00910186767578125,-0.02134418487548828,0.034912109375,0.75,0.0,False,below_rule,0.0019217908382415773,0.014433498382568358
G2:L21H25:conditional,noise,prefix_length,0,20,0.06356201171875,0.06918182373046874,0.0526275634765625,-0.04754638671875,0.2950439453125,0.9,0.2,False,below_rule,0.03658897399902344,0.09656197547912596
G2:L22H5:change,noise,prefix_length,0,20,0.10319795608520507,0.13519105911254883,0.11540508270263672,-0.1453857421875,0.3639984130859375,0.8,0.6,True,coherent,0.048709213733673096,0.1578323411941528
G2:L22H5:conditional,noise,prefix_length,0,20,1.1714617729187011,1.1714617729187011,1.0803451538085938,0.63671875,1.9641265869140625,1.0,1.0,True,coherent,1.0149820065498354,1.3419928979873657
G2:L23H10:change,noise,prefix_length,0,20,0.002642059326171875,0.0093048095703125,0.00214385986328125,-0.01947021484375,0.03118133544921875,0.55,0.0,False,below_rule,-0.0023308277130126955,0.007840137481689437
G2:L23H10:conditional,noise,prefix_length,0,20,0.019424819946289064,0.03710517883300781,0.025524139404296875,-0.05352783203125,0.0654296875,0.75,0.0,False,below_rule,0.003482542037963868,0.03418950080871579
G2:L23H15:change,noise,prefix_length,0,20,0.016022682189941406,0.14041805267333984,0.00955963134765625,-0.3055572509765625,0.4383544921875,0.5,0.5,True,heterogeneous,-0.0610974645614624,0.09848739624023435
G2:L23H15:conditional,noise,prefix_length,0,20,-0.9332725524902343,0.9332725524902343,-0.91705322265625,-2.30828857421875,-0.245635986328125,1.0,1.0,True,coherent,-1.1336070442199708,-0.7590224456787112
G2:L25H18:change,noise,prefix_length,0,20,-0.0049344062805175785,0.008849811553955079,-0.001739501953125,-0.07297515869140625,0.01448822021484375,0.7,0.0,False,below_rule,-0.013425204753875732,0.0008857750892639158
G2:L25H18:conditional,noise,prefix_length,0,20,0.000797271728515625,0.043003082275390625,-0.014251708984375,-0.122467041015625,0.3860626220703125,0.3,0.1,False,below_rule,-0.030014266967773436,0.047441864013671876
G2:L26H23:change,noise,prefix_length,0,20,0.01070641279220581,0.047781836986541745,0.00435638427734375,-0.1267242431640625,0.214202880859375,0.6,0.2,False,below_rule,-0.018019554913043974,0.04292916327714912
G2:L26H23:conditional,noise,prefix_length,0,20,-0.4266944885253906,0.4266944885253906,-0.2394866943359375,-1.92010498046875,-0.046875,1.0,0.95,True,coherent,-0.6298026847839355,-0.2670729446411133
G2:L26H31:change,noise,prefix_length,0,20,0.000487518310546875,0.00505523681640625,0.000457763671875,-0.0156707763671875,0.017822265625,0.65,0.0,False,below_rule,-0.0025690126419067386,0.0035312223434448113
G2:L26H31:conditional,noise,prefix_length,0,20,0.0090118408203125,0.03603057861328125,-0.00421142578125,-0.072509765625,0.252105712890625,0.4,0.05,False,below_rule,-0.013774147033691406,0.040471019744873035
G2:L27H23:change,noise,prefix_length,0,20,0.0002758026123046875,0.0019359588623046875,-0.0001049041748046875,-0.004192352294921875,0.00640869140625,0.5,0.0,False,below_rule,-0.000814061164855957,0.0014640855789184567
G2:L27H23:conditional,noise,prefix_length,0,20,-0.0012914657592773438,0.0032587051391601562,-0.0008544921875,-0.012542724609375,0.0047454833984375,0.65,0.0,False,below_rule,-0.0032944250106811523,0.0005281686782836893
G2:L30H3:change,noise,prefix_length,0,20,0.001143169403076172,0.0029046058654785155,0.0006961822509765625,-0.0076904296875,0.007232666015625,0.65,0.0,False,below_rule,-0.0004836130142211914,0.002677257061004638
G2:L30H3:conditional,noise,prefix_length,0,20,-0.004048728942871093,0.005968284606933594,-0.00262451171875,-0.025157928466796875,0.011962890625,0.75,0.0,False,below_rule,-0.007480049133300781,-0.0009328460693359408
G2:L6H24:change,noise,prefix_length,0,20,-0.007536578178405762,0.0527693510055542,-0.01280069351196289,-0.10355377197265625,0.1473388671875,0.55,0.1,False,below_rule,-0.03511048078536987,0.020708837509155274
G2:L6H24:conditional,noise,prefix_length,0,20,0.003469419479370117,0.27115740776062014,-0.022451400756835938,-0.7868423461914062,0.9029083251953125,0.5,0.75,True,heterogeneous,-0.15990739345550536,0.1691189849376678
G2:L8H15:change,noise,prefix_length,0,20,-0.0173583984375,0.042496109008789064,-0.020940780639648438,-0.13812255859375,0.07379150390625,0.75,0.05,False,below_rule,-0.03951752185821533,0.00442114830017089
G2:L8H15:conditional,noise,prefix_length,0,20,0.3496511459350586,0.39798870086669924,0.2705078125,-0.24613189697265625,0.99017333984375,0.85,0.85,True,coherent,0.19759835243225096,0.5090546655654905
G2:L8H8:change,noise,prefix_length,0,20,0.002182483673095703,0.007111072540283203,0.00048828125,-0.01177978515625,0.02044677734375,0.5,0.0,False,below_rule,-0.001548292636871338,0.00605141401290893
G2:L8H8:conditional,noise,prefix_length,0,20,-0.038033676147460935,0.050513076782226565,-0.03179931640625,-0.129302978515625,0.05069732666015625,0.75,0.15,False,below_rule,-0.06135128021240234,-0.015039472579956085
G2:L9H17:change,noise,prefix_length,0,20,0.000600433349609375,0.007831954956054687,0.0001220703125,-0.0155029296875,0.01611328125,0.5,0.0,False,below_rule,-0.0035896396636962893,0.0047533130645751945
G2:L9H17:conditional,noise,prefix_length,0,20,0.03506259918212891,0.06127872467041016,0.02046966552734375,-0.1103515625,0.238128662109375,0.65,0.2,False,below_rule,0.0022393178939819334,0.07086049556732173
G2:L9H6:change,noise,prefix_length,0,20,0.00047674179077148435,0.00882406234741211,0.0020246505737304688,-0.018310546875,0.0236358642578125,0.55,0.0,False,below_rule,-0.004450325965881347,0.0053260326385498
G2:L9H6:conditional,noise,prefix_length,0,20,-0.06277732849121094,0.08399848937988282,-0.04144287109375,-0.2418212890625,0.096435546875,0.8,0.25,False,below_rule,-0.10358634948730469,-0.024412088394165046
G2group:negative:change,noise,prefix_length,0,20,-0.13108425140380858,0.25338153839111327,-0.15250205993652344,-0.5236740112304688,0.7694244384765625,0.8,0.85,True,coherent,-0.24523552417755126,0.0012073850631713339
G2group:negative:intact,noise,prefix_length,0,20,-2.3439615249633787,2.3439615249633787,-1.9722366333007812,-5.777229309082031,-0.777099609375,1.0,1.0,True,coherent,-2.885937285423279,-1.8847086238861086
G2group:negative:weakened,noise,prefix_length,0,20,-2.4750457763671876,2.4750457763671876,-2.184347152709961,-6.3009033203125,-0.8026123046875,1.0,1.0,True,coherent,-3.022937297821045,-2.026221714019776
G2group:positive:change,noise,prefix_length,0,20,-0.19126853942871094,0.2632701873779297,-0.14031600952148438,-0.871337890625,0.3363037109375,0.75,0.75,True,coherent,-0.3252856254577637,-0.06544775962829597
G2group:positive:intact,noise,prefix_length,0,20,5.392415618896484,5.392415618896484,5.381044387817383,3.033599853515625,7.966178894042969,1.0,1.0,True,coherent,4.77610297203064,6.008929405212402
G2group:positive:weakened,noise,prefix_length,0,20,5.201147079467773,5.201147079467773,5.080474853515625,3.06829833984375,7.8221435546875,1.0,1.0,True,coherent,4.621355447769165,5.8007483959198
G2group:reference1:change,noise,prefix_length,0,20,-0.010130929946899413,0.029120492935180663,-0.010184288024902344,-0.0718994140625,0.064788818359375,0.75,0.0,False,below_rule,-0.025491472482681275,0.005537093877792324
G2group:reference1:intact,noise,prefix_length,0,20,0.062238025665283206,0.15448427200317383,0.05130767822265625,-0.27225494384765625,0.35277557373046875,0.6,0.6,True,heterogeneous,-0.01367222785949707,0.13940781116485573
G2group:reference1:weakened,noise,prefix_length,0,20,0.05210709571838379,0.15317854881286622,0.08306884765625,-0.2568168640136719,0.3424072265625,0.6,0.55,True,heterogeneous,-0.022657022476196286,0.12833887577056882
G2group:reference2:change,noise,prefix_length,0,20,-0.03527116775512695,0.07071161270141602,0.0088348388671875,-0.5050048828125,0.1205596923828125,0.4,0.2,False,below_rule,-0.10062664031982423,0.015124547481536845
G2group:reference2:intact,noise,prefix_length,0,20,0.1818711280822754,0.25948610305786135,0.036258697509765625,-0.20285797119140625,1.935302734375,0.6,0.55,True,heterogeneous,0.013054237365722659,0.41499026060104366
G2group:reference2:weakened,noise,prefix_length,0,20,0.14659996032714845,0.20746498107910155,0.034027099609375,-0.19830322265625,1.4302978515625,0.6,0.55,True,heterogeneous,0.019045600891113283,0.3179106330871576
G2group:reference3:change,noise,prefix_length,0,20,0.007074904441833496,0.030491042137145995,0.013681411743164062,-0.054473876953125,0.06182861328125,0.65,0.0,False,below_rule,-0.00854967176914215,0.02212828993797302
G2group:reference3:intact,noise,prefix_length,0,20,-0.09038941860198975,0.17419111728668213,-0.04650306701660156,-0.6427001953125,0.28173828125,0.6,0.5,True,heterogeneous,-0.19159254550933838,0.004069727659225438
G2group:reference3:weakened,noise,prefix_length,0,20,-0.08331451416015626,0.1599365234375,-0.028106689453125,-0.582275390625,0.3096923828125,0.6,0.5,True,heterogeneous,-0.1782118034362793,0.005192871093749974
G2group:reference4:change,noise,prefix_length,0,20,-0.0008630752563476562,0.04567775726318359,-0.0161895751953125,-0.1044464111328125,0.12493133544921875,0.55,0.15,False,below_rule,-0.024719400405883787,0.023936557769775383
G2group:reference4:intact,noise,prefix_length,0,20,-0.1203451156616211,0.22553157806396484,-0.12531471252441406,-0.57025146484375,0.408050537109375,0.65,0.8,True,heterogeneous,-0.22807233810424807,-0.009238262176513688
G2group:reference4:weakened,noise,prefix_length,0,20,-0.12120819091796875,0.20926666259765625,-0.136444091796875,-0.5270233154296875,0.34930419921875,0.7,0.7,True,coherent,-0.21833148956298828,-0.020748634338378927
G2group:residual23:change,noise,prefix_length,0,20,0.038785147666931155,0.1311042547225952,0.022222518920898438,-0.29941558837890625,0.356689453125,0.55,0.45,True,heterogeneous,-0.031128359436988832,0.10876954495906822
G2group:residual23:intact,noise,prefix_length,0,20,0.08705923557281495,0.5794843912124634,-0.04050445556640625,-1.2005767822265625,2.430809497833252,0.5,0.85,True,heterogeneous,-0.250082169175148,0.4602248233556747
G2group:residual23:weakened,noise,prefix_length,0,20,0.1258443832397461,0.6282876968383789,0.115264892578125,-1.36920166015625,2.60882568359375,0.55,0.9,True,heterogeneous,-0.23940656185150144,0.5299997711181633
