id,direction,families,mean,mean_absolute,median,minimum,maximum,sign_fraction,above_tau_fraction,retained,classification,descriptive_ci_low,descriptive_ci_high,mean_absolute_order_difference
G1:I1:conditional:L18H18,noise,69,2.370503698570141,2.5040415439052857,2.0567398071289062,-1.59033203125,9.197998046875,0.9130434782608695,0.9855072463768116,True,coherent,1.9336978465750596,2.839691507902698,2.770910491114077
G1:I1:conditional:L18H18,restore,69,2.0586519396823384,2.159721072169318,2.0023193359375,-1.74267578125,5.479278564453125,0.9130434782608695,0.9855072463768116,True,coherent,1.7049431510161663,2.4063618529102073,2.8841902725938438
G1:I1:conditional:L18H19,noise,69,2.832791843276093,2.873823390490767,2.5186767578125,-0.68719482421875,8.9951171875,0.9565217391304348,1.0,True,coherent,2.4461783719235575,3.238330100411954,1.5735609842383342
G1:I1:conditional:L18H19,restore,69,2.534685592720474,2.5381648177685947,2.427947998046875,-0.12003326416015625,5.2646484375,0.9855072463768116,1.0,True,coherent,2.2487133051174273,2.8195042827423067,1.7290183668551238
G1:I1:whole,noise,69,2.9855794802955957,3.0908448903456978,2.671630859375,-1.7819862365722656,10.2979736328125,0.9420289855072463,0.9855072463768116,True,coherent,2.506821390165799,3.4926645351492835,3.520807148753733
G1:I1:whole,restore,69,2.6398872724477798,2.760360277217367,2.6480770111083984,-1.7522964477539062,5.76171875,0.927536231884058,0.9855072463768116,True,coherent,2.2416348077680754,3.0253763218288836,3.8418486256530318
G1:I2:conditional:L18H18,noise,69,2.2297012494957964,2.3787650232729702,1.930694580078125,-1.862548828125,9.607269287109375,0.9130434782608695,1.0,True,coherent,1.7900121827056443,2.7014806014904065,2.79406389982804
G1:I2:conditional:L18H18,restore,69,1.8875798004260962,2.0485239789105845,1.9820404052734375,-2.1380615234375,5.27496337890625,0.9130434782608695,0.9710144927536232,True,coherent,1.5295366631037948,2.2403097472329065,2.8634357867033584
G1:I2:conditional:L18H19,noise,69,2.7388002976127295,2.7908128655475117,2.4888916015625,-0.77001953125,9.726806640625,0.9565217391304348,1.0,True,coherent,2.347163638515749,3.1554431818533635,1.5961993120718694
G1:I2:conditional:L18H19,restore,69,2.432241377623185,2.4444351403609565,2.38238525390625,-0.420684814453125,5.128448486328125,0.9855072463768116,1.0,True,coherent,2.148165291806926,2.7126758608265202,1.6636145080345264
G1:I2:whole,noise,69,3.1775493829146675,3.309085562609244,2.899169921875,-2.1848182678222656,10.6378173828125,0.927536231884058,0.9855072463768116,True,coherent,2.652365539730459,3.729091516784999,3.068405911542367
G1:I2:whole,restore,69,2.770107967266138,2.9469763507013735,2.785888671875,-2.317169189453125,6.1195526123046875,0.9130434782608695,1.0,True,coherent,2.3275484276854472,3.19974091882291,3.323390974514726
G1:I3:conditional:L18H18,noise,69,2.124828062195709,2.2423497075619907,1.8917236328125,-1.5390625,8.376220703125,0.9130434782608695,0.9710144927536232,True,coherent,1.7456978148308353,2.53295472877613,2.6047248287477354
G1:I3:conditional:L18H18,restore,69,1.8318110825358958,1.9192423958709275,1.729736328125,-1.777587890625,4.8255615234375,0.9420289855072463,1.0,True,coherent,1.526496405877929,2.132034150932146,2.6544172452843706
G1:I3:conditional:L18H19,noise,69,2.501730390216993,2.531397898991903,2.2540283203125,-0.540130615234375,8.1875,0.9565217391304348,1.0,True,coherent,2.1732636914736987,2.848323886463607,1.502529552017433
G1:I3:conditional:L18H19,restore,69,2.23676389887713,2.242887538412343,2.19464111328125,-0.21126556396484375,4.6834716796875,0.9855072463768116,1.0,True,coherent,1.9895579030548316,2.4819322993789887,1.5830948594687642
G1:I3:whole,noise,69,3.019540724547013,3.097676449927731,2.784454345703125,-1.5019569396972656,10.0689697265625,0.9565217391304348,0.9710144927536232,True,coherent,2.565768532476563,3.500042883727861,3.571400891179624
G1:I3:whole,restore,69,2.684707862743433,2.7765805894050044,2.59722900390625,-1.7491455078125,5.6468505859375,0.9710144927536232,0.9855072463768116,True,coherent,2.31329306450443,3.0447467707205504,3.8620706088301064
G1:O1:whole,noise,69,3.5779766569966855,3.6352171293203384,3.297332763671875,-1.0814857482910156,10.607421875,0.9710144927536232,1.0,True,coherent,3.137009805959204,4.041795549617297,3.471734969512276
G1:O1:whole,restore,69,3.2776517176973647,3.296995439391205,3.110137939453125,-0.6673583984375,6.251209259033203,0.9855072463768116,0.9855072463768116,True,coherent,2.9177010190659676,3.6379890704500504,3.7253790039947066
G1:O3:conditional:L18H19,noise,69,2.1473804280377817,2.1473804280377817,1.90869140625,0.01397705078125,6.2021484375,1.0,0.9710144927536232,True,coherent,1.8629876819209776,2.4540851629298666,1.2492703423983809
G1:O3:conditional:L18H19,restore,69,1.988983154296875,2.017671446869339,1.9322662353515625,-0.53955078125,4.1707763671875,0.9710144927536232,1.0,True,coherent,1.7444483135057531,2.2308112711146255,1.4654651586560234
G1:O3:whole,noise,69,3.048714921094369,3.0768911596657573,3.1002273559570312,-0.827239990234375,8.134429931640625,0.9710144927536232,1.0,True,coherent,2.7233725285184556,3.376125233242477,3.2350959639618364
G1:O3:whole,restore,69,2.9213191875513047,2.9255951867587324,2.859832763671875,-0.14752197265625,5.9621124267578125,0.9855072463768116,1.0,True,coherent,2.642641099294027,3.201053333973539,3.5762349557185518
G1:O4:conditional:L18H19,noise,69,1.981012731358625,1.9944652336231177,1.864227294921875,-0.26953125,7.197601318359375,0.9565217391304348,0.9855072463768116,True,coherent,1.7272317209105559,2.254324543994405,1.6092411538828975
G1:O4:conditional:L18H19,restore,69,1.7928491675335427,1.7937118419702502,1.77587890625,-0.02976226806640625,3.94293212890625,0.9855072463768116,0.9855072463768116,True,coherent,1.6087044411811275,1.9789608969204666,1.5846076633619226
G1:O4:whole,noise,69,3.213237949039625,3.2711135408152705,2.99822998046875,-1.045654296875,9.8944091796875,0.9710144927536232,1.0,True,coherent,2.7744127145711928,3.675428155194156,3.449722110361293
G1:O4:whole,restore,69,2.8928576206815415,2.9251264212788017,2.73883056640625,-0.839111328125,5.8840789794921875,0.9710144927536232,1.0,True,coherent,2.5378000328506247,3.244633226118226,3.6399433854697407
G2:L14H23:change,noise,69,-0.001518719438193501,0.0262968090997226,0.000732421875,-0.16950225830078125,0.08282470703125,0.4927536231884058,0.014492753623188406,False,below_rule,-0.01048235461331796,0.006904341690782184,0.05436283609141474
G2:L14H23:change,restore,69,0.004964362020077912,0.02388774139293726,0.0030517578125,-0.096221923828125,0.112518310546875,0.5797101449275363,0.014492753623188406,False,below_rule,-0.0029197083867114524,0.012796535353729687,0.04330201770948327
G2:L14H23:conditional,noise,69,-0.10903861557227978,0.1982175578241763,-0.085540771484375,-0.7216796875,0.434814453125,0.6521739130434783,0.6666666666666666,True,heterogeneous,-0.16436549908872963,-0.054135019537331415,0.4815316407576851
G2:L14H23:conditional,restore,69,-0.09706538310949353,0.17431980285091678,-0.071136474609375,-0.59771728515625,0.451171875,0.6521739130434783,0.5652173913043478,True,heterogeneous,-0.1488540848096212,-0.04521233931831696,0.4620074327441229
G2:L15H3:change,noise,69,-0.0011930189270904098,0.012610283450803894,-0.00103759765625,-0.0505523681640625,0.047119140625,0.5507246376811594,0.0,False,below_rule,-0.005121853213379349,0.002690776534702448,0.027336175890936367
G2:L15H3:change,restore,69,-0.001818570537843566,0.012495714685191278,-0.000118255615234375,-0.0424652099609375,0.0399169921875,0.5072463768115942,0.0,False,below_rule,-0.005537425348724144,0.0019172795440839682,0.02976814905802409
G2:L15H3:conditional,noise,69,-0.15199668165566266,0.17326477990634198,-0.1432647705078125,-0.456512451171875,0.17938232421875,0.855072463768116,0.7246376811594203,True,coherent,-0.1845252752304077,-0.11917274810265807,0.2681088378463966
G2:L15H3:conditional,restore,69,-0.15000591761824014,0.1651471974193186,-0.1495361328125,-0.482177734375,0.13616943359375,0.8260869565217391,0.6231884057971014,True,coherent,-0.18522530845973803,-0.11648033494534704,0.24423067811606586
G2:L16H1:change,noise,69,-0.09473652079485465,0.11585883126742598,-0.09923553466796875,-0.40008544921875,0.1759033203125,0.8115942028985508,0.5217391304347826,True,heterogeneous,-0.12138092103211777,-0.06845210151395939,0.17453510173852893
G2:L16H1:change,restore,69,-0.11017193310502646,0.12741846278093863,-0.0869140625,-0.653594970703125,0.1334228515625,0.8405797101449275,0.5217391304347826,True,coherent,-0.1414061500542406,-0.081055459164191,0.18399455581886182
G2:L16H1:conditional,noise,69,1.6505021219668181,1.664419906726782,1.5289306640625,-0.48016357421875,3.4324951171875,0.9855072463768116,1.0,True,coherent,1.4843221408733425,1.8190696908080057,0.9873967378035836
G2:L16H1:conditional,restore,69,1.6723991407864336,1.6740532819775567,1.5739099979400635,-0.05706787109375,3.59393310546875,0.9855072463768116,0.9855072463768116,True,coherent,1.5176192265489827,1.8315586663674617,0.9022494329922441
G2:L16H21:change,noise,69,-0.005489349365234375,0.05917456530142522,-0.011199951171875,-0.2581787109375,0.3443603515625,0.5797101449275363,0.15942028985507245,False,below_rule,-0.02532281564629596,0.015292264413142548,0.10852918763091599
G2:L16H21:change,restore,69,-0.010111243396565535,0.05086084595624951,-0.00634765625,-0.2840576171875,0.2169647216796875,0.5072463768115942,0.15942028985507245,False,below_rule,-0.028004802083191664,0.007144606685724795,0.09075065540230792
G2:L16H21:conditional,noise,69,1.0373301229615142,1.0621979685797207,0.91845703125,-0.715576171875,3.675689697265625,0.9565217391304348,0.927536231884058,True,coherent,0.8594648618629013,1.2265050991721769,1.001275228417438
G2:L16H21:conditional,restore,69,1.0260574873806774,1.0343976318836212,0.9131698608398438,-0.237548828125,3.5525588989257812,0.9710144927536232,0.9420289855072463,True,coherent,0.8516367493872193,1.2142666535425013,0.8323218537413556
G2:L16H31:change,noise,69,0.014575495236161827,0.02081645053365956,0.01171875,-0.033447265625,0.08673095703125,0.7681159420289855,0.0,False,below_rule,0.009232808714327604,0.020047316516655075,0.04099750518798828
G2:L16H31:change,restore,69,0.01557827341383782,0.02179611247518788,0.015594482421875,-0.0523681640625,0.072296142578125,0.782608695652174,0.0,False,below_rule,0.009980082339134768,0.02103377978006998,0.039903150088545204
G2:L16H31:conditional,noise,69,-0.2620448375093764,0.26998007124748785,-0.2681007385253906,-0.6826934814453125,0.19609832763671875,0.9565217391304348,0.8985507246376812,True,coherent,-0.3004415045613828,-0.22435713349909026,0.24061139424641928
G2:L16H31:conditional,restore,69,-0.25552452128866443,0.26935805099597876,-0.2581787109375,-0.655181884765625,0.29388427734375,0.9565217391304348,0.855072463768116,True,coherent,-0.29766593385433804,-0.21391086206919907,0.2489965342093205
G2:L17H24:change,noise,69,0.008891872737718664,0.020606393399445908,0.004150390625,-0.053371429443359375,0.1177978515625,0.5797101449275363,0.014492753623188406,False,below_rule,0.0025427134140678077,0.015715016489443567,0.03168452995410864
G2:L17H24:change,restore,69,0.0009808091149813888,0.016180463459180748,0.00140380859375,-0.0564422607421875,0.05844879150390625,0.5362318840579711,0.0,False,below_rule,-0.004174716057984726,0.006026120980580646,0.02708702502043351
G2:L17H24:conditional,noise,69,0.32061574078988336,0.32061574078988336,0.318115234375,0.0037384033203125,0.7130126953125,1.0,0.9565217391304348,True,coherent,0.28562284310658775,0.3562824712283369,0.38304879008859827
G2:L17H24:conditional,restore,69,0.2945114667864813,0.2945114667864813,0.27652740478515625,0.045166015625,0.5937843322753906,1.0,0.9565217391304348,True,coherent,0.26456616443136466,0.32479115171708917,0.3572869300842285
G2:L18H19:change,noise,69,0.06399887195531873,0.09358345252880151,0.0596923828125,-0.1629638671875,0.38623046875,0.782608695652174,0.42028985507246375,False,below_rule,0.04111881169719973,0.08760601489440246,0.15321643110634625
G2:L18H19:change,restore,69,0.06044289340143618,0.09004642306894496,0.05389404296875,-0.1651611328125,0.3065185546875,0.7391304347826086,0.36231884057971014,False,below_rule,0.03702896487885627,0.08394510288169417,0.16357640943665436
G2:L18H19:conditional,noise,69,1.6756632846334707,1.6756632846334707,1.5966796875,0.064300537109375,4.041611194610596,1.0,0.9855072463768116,True,coherent,1.5044730461162068,1.8564206615738246,1.0467898880226025
G2:L18H19:conditional,restore,69,1.588019257006438,1.588019257006438,1.4717142581939697,0.0157470703125,2.8850746154785156,1.0,0.9855072463768116,True,coherent,1.4405882349048835,1.736948220539784,1.2223640455715898
G2:L19H16:change,noise,69,-0.03906112477399301,0.044402696084285126,-0.023895263671875,-0.39923095703125,0.0516815185546875,0.8115942028985508,0.08695652173913043,False,below_rule,-0.05658728005229563,-0.024770463376805413,0.06505124465278957
G2:L19H16:change,restore,69,-0.031071244806483173,0.03518072418544604,-0.0232391357421875,-0.1798095703125,0.035308837890625,0.8405797101449275,0.057971014492753624,False,below_rule,-0.041004060662311055,-0.02208257723545684,0.05841615234596142
G2:L19H16:conditional,noise,69,-0.44373259337052057,0.4441574069036954,-0.366180419921875,-1.7457275390625,0.01465606689453125,0.9855072463768116,0.8985507246376812,True,coherent,-0.525556384653285,-0.36945024987925673,0.3395414767057999
G2:L19H16:conditional,restore,69,-0.4198479410530864,0.4230757277944814,-0.3897705078125,-1.164306640625,0.105987548828125,0.9565217391304348,0.927536231884058,True,coherent,-0.4816674942555635,-0.3592947331891544,0.31991121734398
G2:L20H7:change,noise,69,0.007546487061873726,0.05320155793342037,-0.002079010009765625,-0.14190673828125,0.436279296875,0.463768115942029,0.10144927536231885,False,below_rule,-0.012311046192611473,0.030738134487815514,0.058216025863868606
G2:L20H7:change,restore,69,-0.0006576897441477015,0.036880085433738816,-0.00060272216796875,-0.191925048828125,0.280517578125,0.5072463768115942,0.08695652173913043,False,below_rule,-0.014343871586564659,0.013779997566471906,0.07402765578117923
G2:L20H7:conditional,noise,69,-0.16865214748658997,0.36243082129436993,-0.26656341552734375,-0.92547607421875,1.195556640625,0.8695652173913043,0.9130434782608695,True,coherent,-0.25921392527179443,-0.067703333972157,0.1929395924443784
G2:L20H7:conditional,restore,69,-0.12139401919599893,0.3051515593045,-0.222747802734375,-0.710540771484375,1.3125,0.8115942028985508,0.8840579710144928,True,coherent,-0.2001508877761122,-0.03254902613335766,0.16751484248949133
G2:L22H5:change,noise,69,0.09657982121343198,0.10094416659811269,0.073883056640625,-0.08166122436523438,0.498992919921875,0.927536231884058,0.391304347826087,True,heterogeneous,0.07463000960971998,0.12127120425735693,0.06879630987195001
G2:L22H5:change,restore,69,0.08191216855809308,0.08557272302931633,0.0699462890625,-0.05002593994140625,0.263916015625,0.927536231884058,0.34782608695652173,False,below_rule,0.06633258479228918,0.09794879132422847,0.08154041870780614
G2:L22H5:conditional,noise,69,0.299383875252544,0.3863890896672788,0.2135009765625,-0.85406494140625,1.6529541015625,0.7971014492753623,0.8115942028985508,True,coherent,0.20253027781196262,0.40058458006900277,0.33666750313579175
G2:L22H5:conditional,restore,69,0.2675397465194481,0.32752737446107727,0.3155517578125,-0.6033401489257812,1.048919677734375,0.8405797101449275,0.7681159420289855,True,coherent,0.19362949452538422,0.34015929163366126,0.3466363091399704
G2:L23H15:change,noise,69,-0.004596565080725629,0.029483539470727894,-0.0009765625,-0.232421875,0.136688232421875,0.5362318840579711,0.043478260869565216,False,below_rule,-0.016396237629047336,0.005998892023943467,0.03483588453652202
G2:L23H15:change,restore,69,0.001610019932622495,0.02636875276980193,-0.0052490234375,-0.059539794921875,0.1417083740234375,0.4492753623188406,0.043478260869565216,False,below_rule,-0.006728081513142241,0.010832465558812213,0.0422996783602065
G2:L23H15:conditional,noise,69,-0.3921410035395968,0.4029481376426807,-0.369293212890625,-1.771728515625,0.236083984375,0.927536231884058,0.8840579710144928,True,coherent,-0.4688191337861876,-0.32275347986083114,0.24251353222390878
G2:L23H15:conditional,restore,69,-0.34425475977469183,0.35013182612432947,-0.30583953857421875,-0.97967529296875,0.146484375,0.9565217391304348,0.8840579710144928,True,coherent,-0.40314549242240794,-0.2883811669073243,0.18920988967453223
G2:L26H23:change,noise,69,-0.002307732899983724,0.01458649704421776,-0.0020751953125,-0.064453125,0.11572265625,0.5797101449275363,0.014492753623188406,False,below_rule,-0.0077359356741974325,0.0035039936286815677,0.0159376531407453
G2:L26H23:change,restore,69,0.0030053352964097176,0.013099438902260601,-0.001953125,-0.03277587890625,0.08953857421875,0.43478260869565216,0.0,False,below_rule,-0.001514244338740473,0.008184888397437933,0.015291317649509596
G2:L26H23:conditional,noise,69,-0.1669513730035312,0.2112532767696657,-0.1259765625,-1.956298828125,0.68011474609375,0.8260869565217391,0.6956521739130435,True,coherent,-0.25019420108933377,-0.0969220265098241,0.09123871291893115
G2:L26H23:conditional,restore,69,-0.14362585026284921,0.19384153683980307,-0.12688922882080078,-1.1998291015625,0.528076171875,0.7681159420289855,0.6086956521739131,True,coherent,-0.20280167754145637,-0.08841613271962043,0.08485819636911586
G2:L6H24:change,noise,69,0.0006264189015264096,0.029126118922579117,-0.006361961364746094,-0.126708984375,0.17148971557617188,0.4492753623188406,0.028985507246376812,False,below_rule,-0.00882025162378947,0.010450113683507055,0.05015863888505576
G2:L6H24:change,restore,69,0.00828955484473187,0.033486155496127365,0.00897979736328125,-0.0987548828125,0.1131744384765625,0.6231884057971014,0.028985507246376812,False,below_rule,-0.0017154875008956246,0.018338345012803004,0.04699172835419144
G2:L6H24:conditional,noise,69,-0.06329810101052989,0.29301846545675525,-0.081787109375,-1.78900146484375,0.9593658447265625,0.5362318840579711,0.8405797101449275,True,heterogeneous,-0.1586315958396248,0.028019230434859977,0.42607810531837353
G2:L6H24:conditional,restore,69,-0.05264728311179341,0.23538537992947345,-0.047882080078125,-0.7720108032226562,0.67230224609375,0.5652173913043478,0.7101449275362319,True,heterogeneous,-0.1237854168034982,0.017899541923965194,0.42134505423946655
G2:L8H15:change,noise,69,-0.010253111521402994,0.02913005801214688,-0.0106201171875,-0.0964503288269043,0.16796875,0.6811594202898551,0.014492753623188406,False,below_rule,-0.019508355596791142,-0.0003137401912523646,0.05764785711316095
G2:L8H15:change,restore,69,-0.007623216380243716,0.03084021720333376,-0.011035919189453125,-0.14366912841796875,0.1154022216796875,0.6376811594202898,0.043478260869565216,False,below_rule,-0.017263676118159637,0.002020784219106034,0.05941578961800838
G2:L8H15:conditional,noise,69,0.15116158084592957,0.28240546627321106,0.134857177734375,-1.063720703125,1.08642578125,0.6521739130434783,0.782608695652174,True,heterogeneous,0.06804775656133458,0.23701254163963198,0.6805948450945426
G2:L8H15:conditional,restore,69,0.15379722913106283,0.2816916859668234,0.18511962890625,-0.7220458984375,1.07177734375,0.6521739130434783,0.782608695652174,True,heterogeneous,0.07579332434612772,0.23259046224580293,0.6990278147268987
G2group:negative:change,noise,69,-0.048277305520099144,0.06355533392533012,-0.0236663818359375,-0.6611328125,0.13946533203125,0.7681159420289855,0.18840579710144928,False,below_rule,-0.07568092778109121,-0.026264452847881602,0.09372142432392508
G2group:negative:change,restore,69,-0.03224883908810823,0.04853416871333468,-0.03246879577636719,-0.184844970703125,0.139007568359375,0.8115942028985508,0.15942028985507245,False,below_rule,-0.0454825222492218,-0.018838374165521157,0.09679081820059514
G2group:negative:intact,noise,69,-0.9840320435123168,0.9934077953946763,-0.866485595703125,-4.418212890625,0.31208038330078125,0.9710144927536232,0.9565217391304348,True,coherent,-1.165091986414315,-0.8206753946732784,0.5441805936288142
G2group:negative:intact,restore,69,-0.9135346758192864,0.9455082520194675,-0.7894287109375,-2.5645904541015625,0.86248779296875,0.9420289855072463,0.9565217391304348,True,coherent,-1.074445491251738,-0.759631950267847,0.4515174368153448
G2group:negative:weakened,noise,69,-1.0323093490324158,1.0416340171426968,-0.92901611328125,-5.079345703125,0.2227935791015625,0.9710144927536232,0.9565217391304348,True,coherent,-1.2324133932590484,-0.8568427304426829,0.5945153651030167
G2group:negative:weakened,restore,69,-0.9457835149073947,0.9734200567438982,-0.8211641311645508,-2.5640869140625,0.81890869140625,0.9420289855072463,0.9565217391304348,True,coherent,-1.107050738386486,-0.7918229270672452,0.5091121300407078
G2group:positive:change,noise,69,-0.1326628793840823,0.17906195443609488,-0.10540771484375,-0.72393798828125,0.28607177734375,0.7681159420289855,0.6086956521739131,True,coherent,-0.18067357021829358,-0.08571831838808204,0.3423313109771065
G2group:positive:change,restore,69,-0.15559465643288434,0.2055614962094072,-0.086151123046875,-1.45611572265625,0.36285400390625,0.7101449275362319,0.5797101449275363,True,coherent,-0.22334216254344885,-0.09584549026212834,0.3437088330586751
G2group:positive:intact,noise,69,4.073305648306142,4.078206262726715,3.8734846115112305,-0.16907119750976562,9.6478271484375,0.9855072463768116,1.0,True,coherent,3.6820516392804574,4.485008745262588,1.7098495787468508
G2group:positive:intact,restore,69,3.9930030988610308,3.9930030988610308,3.852325439453125,1.2616653442382812,7.952239990234375,1.0,1.0,True,coherent,3.6727679176606993,4.326172383626302,1.745493515678074
G2group:positive:weakened,noise,69,3.9406427689220593,3.9524119392685266,3.773540496826172,-0.406036376953125,9.179183959960938,0.9855072463768116,1.0,True,coherent,3.555084181976491,4.345037103627902,1.7858338615168696
G2group:positive:weakened,restore,69,3.8374084424281465,3.8374084424281465,3.916015625,1.2649688720703125,7.5240478515625,1.0,1.0,True,coherent,3.5430095029913864,4.141784148717271,1.8605747153793557
G2group:reference1:change,noise,69,-0.015307979307312897,0.027826530345972034,-0.0196533203125,-0.119354248046875,0.06441497802734375,0.6666666666666666,0.014492753623188406,False,below_rule,-0.02309615059175353,-0.007710418666618466,0.05827027472896852
G2group:reference1:change,restore,69,-0.020216426987578903,0.030760277872500214,-0.01080322265625,-0.21697998046875,0.062255859375,0.7246376811594203,0.028985507246376812,False,below_rule,-0.030600866200267404,-0.01078474020612415,0.051032916359279465
G2group:reference1:intact,noise,69,-0.05038950408714405,0.22600822863371475,-0.0289306640625,-0.955322265625,0.5322265625,0.5507246376811594,0.6811594202898551,True,heterogeneous,-0.11784376441568567,0.014778962342635383,0.3819096744924352
G2group:reference1:intact,restore,69,-0.0879466706427975,0.18854562787042148,-0.05590057373046875,-0.76788330078125,0.587432861328125,0.6086956521739131,0.5507246376811594,True,heterogeneous,-0.14445514333420906,-0.03228572002355609,0.3651883498482082
G2group:reference1:weakened,noise,69,-0.06569748339445694,0.222624647444573,-0.03497314453125,-0.970703125,0.519287109375,0.5797101449275363,0.6811594202898551,True,heterogeneous,-0.1319223148235376,-0.002078030420386291,0.40195311670717987
G2group:reference1:weakened,restore,69,-0.1081630976303764,0.19415757621543994,-0.07712554931640625,-0.774993896484375,0.590423583984375,0.6231884057971014,0.5652173913043478,True,heterogeneous,-0.1641151884327764,-0.052662229019662665,0.37557577741318854
G2group:reference2:change,noise,69,0.010810492695241735,0.031234575354534645,0.007340431213378906,-0.109161376953125,0.1868896484375,0.5797101449275363,0.028985507246376812,False,below_rule,0.0015015125274658204,0.02084798467332038,0.04124660768370698
G2group:reference2:change,restore,69,0.003938806229743404,0.02826263593590778,-0.0015869140625,-0.10888671875,0.14599609375,0.463768115942029,0.043478260869565216,False,below_rule,-0.004992316252943398,0.013478547421054553,0.0436429424562316
G2group:reference2:intact,noise,69,-0.07251435431881227,0.2420390170553456,-0.0599365234375,-0.787353515625,0.4918975830078125,0.5942028985507246,0.7681159420289855,True,heterogeneous,-0.1422175193178481,-0.004925948295040498,0.30912672955056897
G2group:reference2:intact,restore,69,-0.053195835887521935,0.24991595917853757,-0.0767822265625,-0.905792236328125,0.7333984375,0.6086956521739131,0.7971014492753623,True,heterogeneous,-0.1252138098080953,0.01999409008717188,0.35647946509762085
G2group:reference2:weakened,noise,69,-0.06170386162357054,0.24955547719761945,-0.05615234375,-0.7664794921875,0.5047607421875,0.5942028985507246,0.782608695652174,True,heterogeneous,-0.13331628260405168,0.007487963593524327,0.3076395781143852
G2group:reference2:weakened,restore,69,-0.049257029657778534,0.2467553166375644,-0.06109619140625,-0.8526611328125,0.856903076171875,0.6086956521739131,0.782608695652174,True,heterogeneous,-0.12110120783681455,0.024374708922012926,0.3324689312257629
G2group:reference3:change,noise,69,0.005680892778479535,0.03592008093129034,0.00634765625,-0.11869621276855469,0.17572021484375,0.5362318840579711,0.07246376811594203,False,below_rule,-0.0059516740881878395,0.01740669962288676,0.07043466706206833
G2group:reference3:change,restore,69,-0.001674966535706451,0.032530262850332954,0.0007114410400390625,-0.11236572265625,0.078125,0.4927536231884058,0.014492753623188406,False,below_rule,-0.011911813245303389,0.007950178954912263,0.06332117578257686
G2group:reference3:intact,noise,69,-0.181255250737287,0.2908189400382664,-0.22882080078125,-0.8131103515625,0.84796142578125,0.7536231884057971,0.7681159420289855,True,coherent,-0.2513097669767297,-0.10617752075195316,0.5237685355587282
G2group:reference3:intact,restore,69,-0.12854272040767947,0.25217672707378,-0.136810302734375,-0.6849365234375,0.746612548828125,0.7391304347826086,0.7536231884057971,True,coherent,-0.19511385655057603,-0.05860978140347248,0.477522863857988
G2group:reference3:weakened,noise,69,-0.17557435795880746,0.2828337489694789,-0.2054915428161621,-0.7911376953125,0.7292652130126953,0.7536231884057971,0.7971014492753623,True,coherent,-0.24241357886272927,-0.10335640993671141,0.5082902493684188
G2group:reference3:weakened,restore,69,-0.13021768694338592,0.24747313278308813,-0.12130236625671387,-0.663848876953125,0.6612167358398438,0.7391304347826086,0.7536231884057971,True,coherent,-0.19454668984896895,-0.06321391834728962,0.4598848992499752
G2group:reference4:change,noise,69,-0.0020792138749274654,0.035392350044803345,0.00201416015625,-0.22314453125,0.10609817504882812,0.4782608695652174,0.057971014492753624,False,below_rule,-0.014710459242696348,0.009714265059733733,0.06696906297103218
G2group:reference4:change,restore,69,0.004009025684301404,0.030305993729743404,0.0054931640625,-0.13173675537109375,0.0831451416015625,0.6231884057971014,0.028985507246376812,False,below_rule,-0.005735838845156241,0.01322709140570266,0.05750439132469288
G2group:reference4:intact,noise,69,-0.10323058003964632,0.30441868132439215,-0.09038543701171875,-1.81201171875,0.81414794921875,0.6086956521739131,0.7536231884057971,True,heterogeneous,-0.2001868018205615,-0.012431993864584727,0.5459165020265441
G2group:reference4:intact,restore,69,-0.07757079082986583,0.2968602664228799,-0.05560302734375,-1.4640045166015625,1.090301513671875,0.5797101449275363,0.6811594202898551,True,heterogeneous,-0.1768703073695086,0.019847196772478398,0.5182060020557349
G2group:reference4:weakened,noise,69,-0.10530979391457378,0.2988182807314223,-0.0892333984375,-1.81591796875,0.7993621826171875,0.6086956521739131,0.7246376811594203,True,heterogeneous,-0.2008888045946757,-0.015670775848886313,0.52705252688864
G2group:reference4:weakened,restore,69,-0.07356176514556442,0.28608161815698596,-0.0269775390625,-1.4622955322265625,1.0198593139648438,0.5797101449275363,0.7101449275362319,True,heterogeneous,-0.16955520346544792,0.020763865156449915,0.5050210261690444
G2group:residual23:change,noise,69,0.0024731677511463995,0.08663167815277542,-0.013916015625,-0.217529296875,0.47216796875,0.4492753623188406,0.30434782608695654,False,below_rule,-0.02428948602814605,0.03105617640674977,0.1473874907562698
G2group:residual23:change,restore,69,0.00044156157452127206,0.08468328351559846,0.0013275146484375,-0.312042236328125,0.25823974609375,0.5072463768115942,0.2753623188405797,False,below_rule,-0.025423676293829214,0.02580197349838587,0.15173134596451468
G2group:residual23:intact,noise,69,-0.6032051556352256,0.9759359083313873,-0.7061767578125,-4.450439453125,4.260986328125,0.7391304347826086,0.9420289855072463,True,coherent,-0.8674175068952036,-0.3269806680472005,1.2091730643009795
G2group:residual23:intact,restore,69,-0.7465881402941718,0.9433230248050414,-0.7521133422851562,-3.35302734375,2.32977294921875,0.8115942028985508,0.9565217391304348,True,coherent,-0.9610631514286649,-0.5319729355798253,1.13774103358172
G2group:residual23:weakened,noise,69,-0.6007319878840792,1.0011916091476663,-0.68572998046875,-4.47998046875,4.733154296875,0.7391304347826086,0.9420289855072463,True,coherent,-0.8723118365674779,-0.31470318929008834,1.1331820280655571
G2group:residual23:weakened,restore,69,-0.7461465787196505,0.9552852416384048,-0.7803955078125,-3.33428955078125,2.017730712890625,0.8260869565217391,0.9565217391304348,True,coherent,-0.9581059123294942,-0.5331255179384482,1.1125636238982712
block:L17H1:query_sentence,noise,69,1.865716989489569,1.8762256511743518,1.59320068359375,-0.362548828125,5.37060546875,0.9855072463768116,0.9855072463768116,True,coherent,1.595311985154083,2.165123218729876,1.334709001624066
block:L17H1:query_sentence,restore,69,1.7275033619092859,1.7275033619092859,1.505615234375,0.220458984375,3.95770263671875,1.0,1.0,True,coherent,1.5402549987253935,1.925700254716735,1.39916818038277
block:L17H1:query_sentence:self,noise,69,0.0,0.0,0.0,0.0,0.0,1.0,0.0,False,below_rule,0.0,0.0,0.0
block:L17H1:query_sentence:self,restore,69,0.0,0.0,0.0,0.0,0.0,1.0,0.0,False,below_rule,0.0,0.0,0.0
block:L17H1:query_sentence:source,noise,69,2.2162662105283877,2.2185307032820107,1.787567138671875,-0.078125,6.8988037109375,0.9855072463768116,0.9855072463768116,True,coherent,1.9097781597704129,2.5598161814869314,1.3473790901294653
block:L17H1:query_sentence:source,restore,69,1.9870902766352114,1.9870902766352114,1.7230224609375,0.498291015625,4.39312744140625,1.0,1.0,True,coherent,1.7786781587462495,2.208554115848265,1.4171956103780996
block:L17H1:query_writer_union,noise,69,1.6381583559340325,1.6510376584702644,1.39697265625,-0.439208984375,5.34796142578125,0.9710144927536232,0.9855072463768116,True,coherent,1.3893211527147153,1.9148427109787427,1.2951374330382417
block:L17H1:query_writer_union,restore,69,1.463155165962551,1.463155165962551,1.32110595703125,0.08349609375,3.6783447265625,1.0,0.9855072463768116,True,coherent,1.293839556928994,1.640167388363161,1.335238332333772
block:L17H1:query_writer_union:self,noise,69,0.0,0.0,0.0,0.0,0.0,1.0,0.0,False,below_rule,0.0,0.0,0.0
block:L17H1:query_writer_union:self,restore,69,0.0,0.0,0.0,0.0,0.0,1.0,0.0,False,below_rule,0.0,0.0,0.0
block:L17H1:query_writer_union:source,noise,69,1.9453420155290244,1.9507555685181548,1.6160316467285156,-0.186767578125,5.93658447265625,0.9855072463768116,1.0,True,coherent,1.6666335000508072,2.260128375412761,1.2684675437816675
block:L17H1:query_writer_union:source,restore,69,1.6800739730613818,1.6800739730613818,1.488555908203125,0.166015625,4.2100830078125,1.0,1.0,True,coherent,1.4900778319524683,1.8799662190934883,1.321177413498146
