pair_id,config_id,direction,query_mother_mass,child_last_mass,entropy,head_output_norm
000/direct/base/0/order0,cec41ab38193f8498178,noise,0.01836421457119286,0.0007380718016065657,3.2841756176207375,2.030098639577604
000/direct/base/0/order0,cec41ab38193f8498178,restore,0.02000374480849132,0.0004965518019162118,3.1053085253741797,1.7075846407329194
000/direct/base/0/order1,cec41ab38193f8498178,noise,0.017841081833466887,0.00041663466254249215,3.4361319096239633,2.6554173495020104
000/direct/base/0/order1,cec41ab38193f8498178,restore,0.015824406553292647,0.0002204576594522223,3.185826681361829,2.367686915049652
006/direct/base/0/order0,cec41ab38193f8498178,noise,0.024384961929172277,0.00012363764108158648,3.0470448889317754,1.1635726261630768
006/direct/base/0/order0,cec41ab38193f8498178,restore,0.039606943319085985,0.00025716429809108377,3.338102879267818,2.9990176104512973
006/direct/base/0/order1,cec41ab38193f8498178,noise,0.017657068907283247,6.417500844690949e-05,3.25163371927344,2.984636566840121
006/direct/base/0/order1,cec41ab38193f8498178,restore,0.03376987038063817,0.00011512514902278781,3.291003721271866,3.3884253070019206
014/direct/base/0/order0,cec41ab38193f8498178,noise,0.0028003925690427423,5.142575901118107e-05,1.9487502847484588,7.434905331064706
014/direct/base/0/order0,cec41ab38193f8498178,restore,0.4276425034040585,0.00016355814295820892,1.593098765396348,7.490510873271286
014/direct/base/0/order1,cec41ab38193f8498178,noise,0.005341485913959332,4.302122033550404e-05,2.5238012112026667,5.9832660168651195
014/direct/base/0/order1,cec41ab38193f8498178,restore,0.5220901208231226,6.472182576544583e-05,1.7383848980672678,6.914343973830643
024/direct/base/0/order0,cec41ab38193f8498178,noise,0.024771218246314675,0.00013676185335498303,3.0115201041353443,1.7288820535225313
024/direct/base/0/order0,cec41ab38193f8498178,restore,0.02445420261938125,0.0005214153206907213,3.37713087703104,2.2265832817592752
024/direct/base/0/order1,cec41ab38193f8498178,noise,0.019037642545299605,0.0002459953830111772,3.0207988805671535,1.7455602824758505
024/direct/base/0/order1,cec41ab38193f8498178,restore,0.011123380798380822,0.0002652798139024526,2.9428727129360754,1.3711204584769776
030/direct/base/0/order0,cec41ab38193f8498178,noise,0.013367963139899075,0.00012216177128721029,2.800151452800553,0.6933571862934875
030/direct/base/0/order0,cec41ab38193f8498178,restore,0.01825785601977259,7.20564421499148e-05,2.726937110018315,0.7977025445761962
030/direct/base/0/order1,cec41ab38193f8498178,noise,0.010202911624219269,4.094048563274555e-05,2.629441433858655,0.5871962869892827
030/direct/base/0/order1,cec41ab38193f8498178,restore,0.016719298029784113,3.229745925636962e-05,2.6941154830341745,0.6414776046269164
036/direct/base/0/order0,cec41ab38193f8498178,noise,0.02459286991506815,0.00018810821347869933,3.421678741697101,1.6951619026953848
036/direct/base/0/order0,cec41ab38193f8498178,restore,0.03292202530428767,0.00011808144336100668,2.942955219544187,1.1408494108677607
036/direct/base/0/order1,cec41ab38193f8498178,noise,0.012512380024418235,0.0001338404545094818,3.318673328332614,2.2978655787218867
036/direct/base/0/order1,cec41ab38193f8498178,restore,0.010768972570076585,0.00010148988076252863,3.0373054973141285,1.2985180576813513
044/direct/base/0/order0,cec41ab38193f8498178,noise,0.9066872905241325,0.00017808361735660583,1.2042652144232324,7.656361001381466
044/direct/base/0/order0,cec41ab38193f8498178,restore,0.020091608515940607,0.00010830999963218346,2.243201700874425,5.3429554367175545
044/direct/base/0/order1,cec41ab38193f8498178,noise,0.8781224357953761,0.0001277443370781839,1.357738995659645,7.547251849048462
044/direct/base/0/order1,cec41ab38193f8498178,restore,0.019444102654233575,0.00013343188038561493,2.566593115387212,5.177784183617351
050/direct/base/0/order0,cec41ab38193f8498178,noise,0.023081816172634717,0.005635904148221016,2.7883913787577423,0.6888255686150808
050/direct/base/0/order0,cec41ab38193f8498178,restore,0.040301264729350805,0.01260585617274046,3.053735509419649,1.1282780241507415
050/direct/base/0/order1,cec41ab38193f8498178,noise,0.012617420063179452,0.001628200407139957,2.3742270701537094,0.4810862534844907
050/direct/base/0/order1,cec41ab38193f8498178,restore,0.011180928151588887,0.0018863825825974345,2.514946878359825,0.5648219657409682
056/direct/base/0/order0,cec41ab38193f8498178,noise,0.03717817220604047,0.00011537447426235303,2.956984274236132,2.5640233123463387
056/direct/base/0/order0,cec41ab38193f8498178,restore,0.008544382639229298,6.830797792645171e-05,2.808468050371607,3.660537139850298
056/direct/base/0/order1,cec41ab38193f8498178,noise,0.03117605271108914,5.649593731504865e-05,3.138291028286422,1.9447003744460292
056/direct/base/0/order1,cec41ab38193f8498178,restore,0.014703635592013597,5.8131783589487895e-05,3.2261708341904303,1.6913350802108027
062/direct/base/0/order0,cec41ab38193f8498178,noise,0.010366818984039128,0.00016708706971257925,3.1269715643047595,2.2029771329949743
062/direct/base/0/order0,cec41ab38193f8498178,restore,0.03892982818069868,0.0001426252565579489,2.9697709388320463,1.6791824809145215
062/direct/base/0/order1,cec41ab38193f8498178,noise,0.007660667994059622,0.00011680485476972535,3.2315542568557616,1.8727728467907268
062/direct/base/0/order1,cec41ab38193f8498178,restore,0.0328674045013031,7.877861935412511e-05,3.0009346093076985,1.3821757469444362
068/direct/base/0/order0,cec41ab38193f8498178,noise,0.04205861687660217,0.00024199942708946764,3.4140370274936918,2.4867340121718526
068/direct/base/0/order0,cec41ab38193f8498178,restore,0.04702459916006774,0.00011432202154537663,3.2721254455066338,3.2189014721511446
068/direct/base/0/order1,cec41ab38193f8498178,noise,0.01608048794150818,0.00016791740199550986,3.1056326222186965,4.782126527247392
068/direct/base/0/order1,cec41ab38193f8498178,restore,0.023766344151226804,0.00011793366866186261,2.9604669157540906,5.245942744052657
076/direct/base/0/order0,cec41ab38193f8498178,noise,0.020328003854956478,5.1518247346393764e-05,2.055758817170871,5.2749403921009375
076/direct/base/0/order0,cec41ab38193f8498178,restore,0.9279143521562219,4.6980327169876546e-05,0.7738024849347782,8.252054104654956
076/direct/base/0/order1,cec41ab38193f8498178,noise,0.017095000483095646,4.152035035076551e-05,2.399699712577582,4.6054432146504825
076/direct/base/0/order1,cec41ab38193f8498178,restore,0.8778648485895246,2.6829882699530572e-05,0.9974482107455416,7.90481524537513
082/direct/base/0/order0,cec41ab38193f8498178,noise,0.029497712064767256,0.00020314277207944542,2.769297791689611,2.165014920044421
082/direct/base/0/order0,cec41ab38193f8498178,restore,0.012458857730962336,0.00020375683379825205,2.9344020578547543,3.0840210892419813
082/direct/base/0/order1,cec41ab38193f8498178,noise,0.010329738499422092,0.00015491551312152296,2.8510878867379237,2.04958068908475
082/direct/base/0/order1,cec41ab38193f8498178,restore,0.007275049167219549,0.00025579717475920916,2.8496714386453736,3.3537388300589583
088/direct/base/0/order0,cec41ab38193f8498178,noise,0.01597869792021811,0.00010393130651209503,2.966231379878549,1.0014587254987004
088/direct/base/0/order0,cec41ab38193f8498178,restore,0.02918791677802801,0.00017258613661397249,3.1062929853971406,1.5074061624561677
088/direct/base/0/order1,cec41ab38193f8498178,noise,0.014265288948081434,6.267582648433745e-05,3.0353050765846614,1.160773114622762
088/direct/base/0/order1,cec41ab38193f8498178,restore,0.021386587992310524,9.434481034986675e-05,3.155371548214692,1.5880638415620858
094/direct/base/0/order0,cec41ab38193f8498178,noise,0.02734885667450726,0.00043957604793831706,3.036845636300675,2.884574981284985
094/direct/base/0/order0,cec41ab38193f8498178,restore,0.023827243072446436,0.00040567750693298876,3.0958498908677745,1.4570179462562691
094/direct/base/0/order1,cec41ab38193f8498178,noise,0.023634184908587486,0.00038371741538867354,3.021301155840993,2.4790651745250134
094/direct/base/0/order1,cec41ab38193f8498178,restore,0.01733078242978081,0.000377101416233927,3.285191836856473,2.265246112761029
100/direct/base/0/order0,cec41ab38193f8498178,noise,0.019775032997131348,0.0004459259507711977,3.0034550522411,1.3846637040469285
100/direct/base/0/order0,cec41ab38193f8498178,restore,0.018815659917891026,0.0005333953886292875,3.155172963937887,1.800835054562982
100/direct/base/0/order1,cec41ab38193f8498178,noise,0.010798507137224078,0.00024531155941076577,2.8493762736573407,1.2600885301772045
100/direct/base/0/order1,cec41ab38193f8498178,restore,0.010366874863393605,0.00020997754472773522,2.8426789590467605,1.2256712602308926
108/direct/base/0/order0,cec41ab38193f8498178,noise,0.8173196222633123,0.00018520209414418787,1.381639364761706,7.846409074486059
108/direct/base/0/order0,cec41ab38193f8498178,restore,0.006792366271838546,5.1891351176891476e-05,2.2784526580632978,5.585828437618207
108/direct/base/0/order1,cec41ab38193f8498178,noise,0.7425738242454827,6.414898962248117e-05,1.6922565975887716,7.393893051932644
108/direct/base/0/order1,cec41ab38193f8498178,restore,0.004397023447381798,4.084029933437705e-05,1.9939414113090521,6.622136798747826
114/direct/base/0/order0,cec41ab38193f8498178,noise,0.008263921248726547,0.00012614917068276554,2.1747949132909303,4.477431619756722
114/direct/base/0/order0,cec41ab38193f8498178,restore,0.006627571608987637,7.267793262144551e-05,2.4689335233413963,4.054152971017643
114/direct/base/0/order1,cec41ab38193f8498178,noise,0.007312875939533114,6.897898128954694e-05,2.638226939582067,2.339917604820804
114/direct/base/0/order1,cec41ab38193f8498178,restore,0.007973800125910202,7.797982107149437e-05,2.840736531064624,4.034241848167492
120/direct/base/0/order0,cec41ab38193f8498178,noise,0.0076833051280118525,0.00012873709783889353,1.820863812170149,6.9832152653524835
120/direct/base/0/order0,cec41ab38193f8498178,restore,0.006749374442733824,5.419977969722822e-05,1.1599179206570456,8.60020057166772
120/direct/base/0/order1,cec41ab38193f8498178,noise,0.006460274511482567,0.00020410749129951,2.7739382172831064,4.19362892378977
120/direct/base/0/order1,cec41ab38193f8498178,restore,0.016228238702751696,0.0001165038556791842,2.8166772297966363,3.424304100314908
126/direct/base/0/order0,cec41ab38193f8498178,noise,0.023877667146734893,0.00039874660433270037,2.6274473017251427,0.8525943532123939
126/direct/base/0/order0,cec41ab38193f8498178,restore,0.019508376659359783,0.0001403935457346961,2.5760384756711643,0.7840555914881406
126/direct/base/0/order1,cec41ab38193f8498178,noise,0.008865603027516045,2.8310352718108334e-05,2.7200090513508313,1.7119688333489471
126/direct/base/0/order1,cec41ab38193f8498178,restore,0.012603789014974609,2.8406499041011557e-05,2.7662626176387004,1.5355077136706985
132/direct/base/0/order0,cec41ab38193f8498178,noise,0.005869288899702951,6.895887054270133e-05,1.9617190693216626,6.814031667867103
132/direct/base/0/order0,cec41ab38193f8498178,restore,0.016267223516479135,0.0001164502464234829,2.2970257221623775,6.0313825948581465
132/direct/base/0/order1,cec41ab38193f8498178,noise,0.011139284819364548,6.765613215975463e-05,2.7952562568199486,4.2246522345385396
132/direct/base/0/order1,cec41ab38193f8498178,restore,0.01263166789431125,4.9535232392372563e-05,2.7341203027949215,4.688818844466965
138/direct/base/0/order0,cec41ab38193f8498178,noise,0.01695236674277112,0.0003292132169008255,2.9761759175865734,2.227902415758764
138/direct/base/0/order0,cec41ab38193f8498178,restore,0.022546009626239538,0.0007468162220902741,3.2511741298408876,2.9849128181807227
138/direct/base/0/order1,cec41ab38193f8498178,noise,0.005736126855481416,0.00011885534331668168,2.919189510471524,2.3437168132516266
138/direct/base/0/order1,cec41ab38193f8498178,restore,0.009914531605318189,0.00020173787197563797,3.065958547964755,2.38900204085196
148/direct/base/0/order0,cec41ab38193f8498178,noise,0.019630490569397807,4.619005630956963e-05,2.886114444769089,0.8109572796820383
148/direct/base/0/order0,cec41ab38193f8498178,restore,0.05040734144859016,0.00011300801998004317,3.2004860389633065,2.1889092547464206
148/direct/base/0/order1,cec41ab38193f8498178,noise,0.01638376375194639,6.298025255091488e-05,3.1140861975365897,1.3485164174787916
148/direct/base/0/order1,cec41ab38193f8498178,restore,0.03283458715304732,4.935212928103283e-05,3.2382238387262174,2.0166587549907855
154/direct/base/0/order0,cec41ab38193f8498178,noise,0.012764606042765081,0.0001298755669267848,2.3420122910167827,4.14960793459618
154/direct/base/0/order0,cec41ab38193f8498178,restore,0.018046078737825155,0.00010546588600846007,2.4587675836940286,5.012835773262487
154/direct/base/0/order1,cec41ab38193f8498178,noise,0.0165654432203155,9.32316979742609e-05,2.7184950224274935,3.095478785751862
154/direct/base/0/order1,cec41ab38193f8498178,restore,0.009674930770415813,4.1312447137897834e-05,2.5984832046280437,3.910582015936111
160/direct/base/0/order0,cec41ab38193f8498178,noise,0.014217395801097155,0.0002204469492426142,2.9844898428265143,3.097748762630486
160/direct/base/0/order0,cec41ab38193f8498178,restore,0.00992449396289885,0.00024610868422314525,2.6550892867510205,3.2387961633211604
160/direct/base/0/order1,cec41ab38193f8498178,noise,0.01577001460827887,0.00027516952832229435,3.058665804998565,2.6301643889000585
160/direct/base/0/order1,cec41ab38193f8498178,restore,0.012374267913401127,0.00020199564460199326,2.9572310971923086,2.4355699966408806
168/direct/base/0/order0,cec41ab38193f8498178,noise,0.025513736647553742,0.00018703077512327582,2.981080338490767,3.2869867386538307
168/direct/base/0/order0,cec41ab38193f8498178,restore,0.13074883166700602,0.00012981629697605968,3.054100206799493,3.6440047375488605
168/direct/base/0/order1,cec41ab38193f8498178,noise,0.012016372551443055,8.08048716862686e-05,2.7870808913284226,5.093472498186375
168/direct/base/0/order1,cec41ab38193f8498178,restore,0.05219106748700142,8.668970986036584e-05,3.0136997515538733,4.41676196760829
174/direct/base/0/order0,cec41ab38193f8498178,noise,0.02420597121817991,0.0001729241048451513,2.9617726871848724,1.365697784364437
174/direct/base/0/order0,cec41ab38193f8498178,restore,0.015394414309412241,0.00018560468743089586,2.951312059171475,1.2531966222563442
174/direct/base/0/order1,cec41ab38193f8498178,noise,0.015726622208603658,3.8908754504518583e-05,2.8689923969359494,1.504310258762864
174/direct/base/0/order1,cec41ab38193f8498178,restore,0.007369528655544855,4.313802855904214e-05,2.8358326916478847,1.286247539888432
180/direct/base/0/order0,cec41ab38193f8498178,noise,0.03921761200763285,0.00020258105359971523,3.412558205943214,1.1604624007984516
180/direct/base/0/order0,cec41ab38193f8498178,restore,0.03743971511721611,0.00031849759398028255,3.154500527623593,0.8599617437005211
180/direct/base/0/order1,cec41ab38193f8498178,noise,0.0229178573936224,0.000127671446534805,3.4152003302250504,1.5049282097234127
180/direct/base/0/order1,cec41ab38193f8498178,restore,0.027060111053287983,0.00014339042536448687,3.3753179111596756,1.3526445699066758
188/direct/base/0/order0,cec41ab38193f8498178,noise,0.03534028341528028,4.0810296923154965e-05,2.586810049408261,0.9470023672795873
188/direct/base/0/order0,cec41ab38193f8498178,restore,0.0603529516083654,0.00010015047155320644,2.92729671129835,1.3662356546096839
188/direct/base/0/order1,cec41ab38193f8498178,noise,0.027415682678110898,1.175145007437095e-05,2.66328123766041,1.2246004080630817
188/direct/base/0/order1,cec41ab38193f8498178,restore,0.02650779234681977,2.6562714992905967e-05,2.926561042280664,1.642489657786796
196/direct/base/0/order0,cec41ab38193f8498178,noise,0.021997605450451374,6.958446465432644e-05,2.6561333446261886,0.629498496597718
196/direct/base/0/order0,cec41ab38193f8498178,restore,0.01668165050796233,9.246245463145897e-05,2.7930071455957926,0.7837106572902313
196/direct/base/0/order1,cec41ab38193f8498178,noise,0.017751534469425678,5.147380943526514e-05,2.6415512282753832,0.763261617029705
196/direct/base/0/order1,cec41ab38193f8498178,restore,0.010693453630665317,5.554483868763782e-05,2.5605156735570453,0.7869080211027442
002/direct/base/0/order0,cec41ab38193f8498178,noise,0.04423216637223959,0.0003871302178595215,3.4352083086915814,2.148542693420352
002/direct/base/0/order0,cec41ab38193f8498178,restore,0.025353004573844373,0.000398526230128482,3.319344128813438,2.130402034637106
002/direct/base/0/order1,cec41ab38193f8498178,noise,0.029129826463758945,0.00012693877215497196,3.0994437949593965,1.6460673580494898
002/direct/base/0/order1,cec41ab38193f8498178,restore,0.013218376145232469,0.00012139548198319972,3.1353435047804603,1.9846954524289306
008/direct/base/0/order0,cec41ab38193f8498178,noise,0.08736214623786509,0.00011768739932449535,2.7485074861286916,1.9865990129541964
008/direct/base/0/order0,cec41ab38193f8498178,restore,0.5363060096278787,8.585376053815708e-05,2.1675215153659027,4.915036713719079
008/direct/base/0/order1,cec41ab38193f8498178,noise,0.02883956088044215,5.5956243159016594e-05,2.7004673950064486,3.134661849871187
008/direct/base/0/order1,cec41ab38193f8498178,restore,0.3492708004778251,5.513313953997567e-05,2.453635686930392,3.334867433213179
016/direct/base/0/order0,cec41ab38193f8498178,noise,0.0260960009181872,8.904098649509251e-05,2.8662013095397514,0.7271918811546596
016/direct/base/0/order0,cec41ab38193f8498178,restore,0.02542703101062216,6.192555883899331e-05,2.9092809169906513,0.6879090474995688
016/direct/base/0/order1,cec41ab38193f8498178,noise,0.02407449414022267,6.202010990818962e-05,3.0501089891740043,1.0556143143895964
016/direct/base/0/order1,cec41ab38193f8498178,restore,0.024158917658496648,3.63902909157332e-05,3.2502715260968253,1.4540450977515738
026/direct/base/0/order0,cec41ab38193f8498178,noise,0.009903183323331177,0.00020852651505265385,2.7251281563486485,1.0882081407688557
026/direct/base/0/order0,cec41ab38193f8498178,restore,0.0515952561981976,0.00023130957561079413,3.1815174675999556,1.1432153827037979
026/direct/base/0/order1,cec41ab38193f8498178,noise,0.01360912992095109,0.00012671407603193074,2.7751761763743064,0.8053269845884063
026/direct/base/0/order1,cec41ab38193f8498178,restore,0.03252951567992568,0.00010231909254798666,3.2308219977107915,1.122794947007311
032/direct/base/0/order0,cec41ab38193f8498178,noise,0.9179034666158259,0.00017927736917044967,0.9584985733946166,8.85452108256783
032/direct/base/0/order0,cec41ab38193f8498178,restore,0.03315140753693413,0.0003697173378895968,2.753633848992236,3.7410575241589568
032/direct/base/0/order1,cec41ab38193f8498178,noise,0.8173024861607701,8.634920231997967e-05,1.5249399348431827,7.292615258798936
032/direct/base/0/order1,cec41ab38193f8498178,restore,0.020920826667861547,0.00015695582260377705,2.0782033597887866,6.202670106578105
038/direct/base/0/order0,cec41ab38193f8498178,noise,0.04428701938013546,5.613745815935545e-05,3.1970197485502663,1.0460569765759742
038/direct/base/0/order0,cec41ab38193f8498178,restore,0.042212349362671375,0.00010488853877177462,3.2401285041198715,1.4774149335002655
038/direct/base/0/order1,cec41ab38193f8498178,noise,0.034598587051732466,7.392158295260742e-05,3.483170427396092,1.7508273444957914
038/direct/base/0/order1,cec41ab38193f8498178,restore,0.014079855405725539,4.938837810186669e-05,3.2807435561678773,1.9020836864606536
046/direct/base/0/order0,cec41ab38193f8498178,noise,0.009371697873575613,2.748842780420091e-05,2.836602512064919,1.8133798210657088
046/direct/base/0/order0,cec41ab38193f8498178,restore,0.017103931459132582,5.443643021862954e-05,2.8847884523672853,2.0028778921649026
046/direct/base/0/order1,cec41ab38193f8498178,noise,0.010211825370788574,2.3778624381520785e-05,2.939262803229766,2.0881267954573928
046/direct/base/0/order1,cec41ab38193f8498178,restore,0.013283457283250755,3.0206563678802922e-05,3.1048465958085423,2.852221438863403
052/direct/base/0/order0,cec41ab38193f8498178,noise,0.01657775609419332,0.00020090983889531344,2.9567604523274404,2.592600831486669
052/direct/base/0/order0,cec41ab38193f8498178,restore,0.009557896526530385,0.00019080100173596293,3.016113493209825,3.3895333945226485
052/direct/base/0/order1,cec41ab38193f8498178,noise,0.017574144130776403,0.0001247268373845145,3.0301134267910097,2.792659353111309
052/direct/base/0/order1,cec41ab38193f8498178,restore,0.0071840264135971665,0.00013825455971527845,3.0172926127052397,3.2554471653654455
058/direct/base/0/order0,cec41ab38193f8498178,noise,0.7802289025858045,0.00015077630814630538,1.3490319733439124,6.007259816407606
058/direct/base/0/order0,cec41ab38193f8498178,restore,0.01957861933624372,8.944105502450839e-05,2.946675406586579,3.2753000571985975
058/direct/base/0/order1,cec41ab38193f8498178,noise,0.6231346009299159,3.893763278028928e-05,1.8549305349154581,4.931166012118108
058/direct/base/0/order1,cec41ab38193f8498178,restore,0.005323872275766917,2.8724454750772566e-05,2.675527069452806,3.7872754234163755
064/direct/base/0/order0,cec41ab38193f8498178,noise,0.0036709716459881747,0.00018288299906998873,2.598864133345928,3.0134763717686077
064/direct/base/0/order0,cec41ab38193f8498178,restore,0.007527338515501469,0.00030527051421813667,2.4952015118301434,5.584348512568237
064/direct/base/0/order1,cec41ab38193f8498178,noise,0.005562658048802405,0.0002041851112153381,2.322052840232347,5.020396718312793
064/direct/base/0/order1,cec41ab38193f8498178,restore,0.005442649562610313,0.0002509097976144403,1.8725809601110979,6.744982223586238
070/direct/base/0/order0,cec41ab38193f8498178,noise,0.015330183960031718,7.869963883422315e-05,3.104022146636762,1.2658288371090858
070/direct/base/0/order0,cec41ab38193f8498178,restore,0.023381753591820598,8.12027501524426e-05,2.828046932355641,0.8260625000120927
070/direct/base/0/order1,cec41ab38193f8498178,noise,0.008084507207968272,3.1585215765517205e-05,3.0721408443558147,1.591945294296178
070/direct/base/0/order1,cec41ab38193f8498178,restore,0.01677093334728852,4.911591167910956e-05,3.0850270071330947,1.198406471883227
078/direct/base/0/order0,cec41ab38193f8498178,noise,0.9160687737166882,0.0001355641143163666,1.1397440148289597,8.098836525248885
078/direct/base/0/order0,cec41ab38193f8498178,restore,0.021142768760910258,0.00026460079243406653,2.383731104552435,5.240878296816054
078/direct/base/0/order1,cec41ab38193f8498178,noise,0.8551388415507972,0.00013883312931284308,1.3517448052260814,7.218726176938159
078/direct/base/0/order1,cec41ab38193f8498178,restore,0.017527086369227618,0.000376932235667482,2.6839063954611655,5.299443282036354
084/direct/base/0/order0,cec41ab38193f8498178,noise,0.058210948831401765,0.0001422781788278371,3.1316115048412043,1.9854359637095786
084/direct/base/0/order0,cec41ab38193f8498178,restore,0.041797189420321956,6.99159354553558e-05,2.9821686800936638,1.4761627666572228
084/direct/base/0/order1,cec41ab38193f8498178,noise,0.04496121760166716,3.502011168166064e-05,3.1552298136693113,1.833253870335361
084/direct/base/0/order1,cec41ab38193f8498178,restore,0.03514527907827869,4.1447907278779894e-05,3.0552217720852934,1.577438955994711
090/direct/base/0/order0,cec41ab38193f8498178,noise,0.9521677111042663,5.894340938539244e-05,0.5324207245079675,10.936584306544955
090/direct/base/0/order0,cec41ab38193f8498178,restore,0.01569316162567702,5.7613811804912984e-05,2.104916309020366,6.810608064108511
090/direct/base/0/order1,cec41ab38193f8498178,noise,0.8940463706385344,3.2044059480540454e-05,0.9889509591915436,10.124386269792359
090/direct/base/0/order1,cec41ab38193f8498178,restore,0.009819169499678537,3.329626269987784e-05,1.2631687930805713,9.1278645861878
096/direct/base/0/order0,cec41ab38193f8498178,noise,0.022213882388314232,0.00011413560423534364,3.195761457345167,1.7137607064775997
096/direct/base/0/order0,cec41ab38193f8498178,restore,0.029492961708456278,0.00016656529624015093,2.996856203976281,1.3611263289672
096/direct/base/0/order1,cec41ab38193f8498178,noise,0.011073385365307331,0.00012697154306806624,2.972566216679768,2.7577491228589577
096/direct/base/0/order1,cec41ab38193f8498178,restore,0.017366907668474596,0.0001420183980371803,2.7088043881754835,1.915266565857608
102/direct/base/0/order0,cec41ab38193f8498178,noise,0.022647927573416382,0.00020338609465397894,3.0049995459169363,1.8353132261640421
102/direct/base/0/order0,cec41ab38193f8498178,restore,0.030834276345558465,0.0003258106007706374,3.3207010625299964,1.5284521119019812
102/direct/base/0/order1,cec41ab38193f8498178,noise,0.028788162337150425,6.353650678647682e-05,3.2435309153891216,1.8332254498904157
102/direct/base/0/order1,cec41ab38193f8498178,restore,0.02456051215995103,8.816555782686919e-05,3.186823313791091,1.491422522887993
110/direct/base/0/order0,cec41ab38193f8498178,noise,0.03519984634476714,0.0003191885189153254,3.16498387439794,1.5534108539279952
110/direct/base/0/order0,cec41ab38193f8498178,restore,0.017642644059378654,0.0002260530600324273,3.1843394102693985,2.0341098818663585
110/direct/base/0/order1,cec41ab38193f8498178,noise,0.014695760699396487,0.00012123447959311306,3.292367621342446,2.4536495324886025
110/direct/base/0/order1,cec41ab38193f8498178,restore,0.009894517424982041,0.00011677277507260442,3.2192670703269015,2.2052047973141873
116/direct/base/0/order0,cec41ab38193f8498178,noise,0.009251314419088885,0.0001334788539679721,1.9880018934815311,5.743623629633383
116/direct/base/0/order0,cec41ab38193f8498178,restore,0.006176106282509863,6.043537723599002e-05,2.146726941218227,4.940519667620812
116/direct/base/0/order1,cec41ab38193f8498178,noise,0.004170742467977107,7.356961577897891e-05,2.0184520209709857,6.0817618908657325
116/direct/base/0/order1,cec41ab38193f8498178,restore,0.00378954759798944,4.338592407293618e-05,2.2558503808970247,4.92776173237519
122/direct/base/0/order0,cec41ab38193f8498178,noise,0.0162528061773628,0.00027053902158513665,2.363848279642336,5.164869964804627
122/direct/base/0/order0,cec41ab38193f8498178,restore,0.011735831620171666,0.0004550944431684911,2.205186907761019,6.051073668499545
122/direct/base/0/order1,cec41ab38193f8498178,noise,0.009580275451298803,0.00031647345167584717,2.8396139023151172,3.868538691121619
122/direct/base/0/order1,cec41ab38193f8498178,restore,0.006262280861847103,0.0002880075480788946,2.804481040150882,3.921317666071983
128/direct/base/0/order0,cec41ab38193f8498178,noise,0.012120079540181905,0.00038378825411200523,3.1921383281931357,0.9051473128985165
128/direct/base/0/order0,cec41ab38193f8498178,restore,0.0127818510227371,0.00018558424199,2.9813757483149916,0.7831910469118718
128/direct/base/0/order1,cec41ab38193f8498178,noise,0.010367058217525482,0.0006303269765339792,3.2235770650320417,1.2209800771090171
128/direct/base/0/order1,cec41ab38193f8498178,restore,0.015194273219094612,0.0004091324226465076,3.181466216064717,1.1623120936623712
134/direct/base/0/order0,cec41ab38193f8498178,noise,0.9414945691823959,0.000173697539139539,1.0103105237085597,8.720359337321561
134/direct/base/0/order0,cec41ab38193f8498178,restore,0.02004518218745943,7.232859206851572e-05,2.017392568482903,5.72747002713705
134/direct/base/0/order1,cec41ab38193f8498178,noise,0.9116725032217801,8.870320743881166e-05,1.263562534264786,7.998614717972388
134/direct/base/0/order1,cec41ab38193f8498178,restore,0.006645965982897906,5.804206011816859e-05,1.2460392626548764,8.332853705938657
140/direct/base/0/order0,cec41ab38193f8498178,noise,0.9612105134874582,0.00033285090466961265,0.7419944583553199,8.40984409771382
140/direct/base/0/order0,cec41ab38193f8498178,restore,0.016508475178852677,0.0005788240814581513,2.5390986788522207,4.301814938099491
140/direct/base/0/order1,cec41ab38193f8498178,noise,0.9593395129777491,9.151767153525725e-05,0.7374260681885862,8.214146412706329
140/direct/base/0/order1,cec41ab38193f8498178,restore,0.014777149306610227,0.00014666689094156027,1.3231686233277988,6.915199246870157
150/direct/base/0/order0,cec41ab38193f8498178,noise,0.039643920958042145,0.00011613170499913394,3.339329192085934,3.382549163743093
150/direct/base/0/order0,cec41ab38193f8498178,restore,0.03687583698774688,8.693373820278794e-05,3.3112659694832316,3.208107691058542
150/direct/base/0/order1,cec41ab38193f8498178,noise,0.020452768076211214,4.319784784456715e-05,2.980510104514206,4.893012473158938
150/direct/base/0/order1,cec41ab38193f8498178,restore,0.021415414623334073,8.054317731875926e-05,3.025995023815233,4.639149277519516
156/direct/base/0/order0,cec41ab38193f8498178,noise,0.025483283563517034,0.00037053742562420666,2.9520641160394745,2.6321555565110173
156/direct/base/0/order0,cec41ab38193f8498178,restore,0.02653546439250931,0.0002408345608273521,3.10716905820776,2.206485714286156
156/direct/base/0/order1,cec41ab38193f8498178,noise,0.011072764522396028,0.00015691568842157722,2.9921533859207887,2.0540103871736966
156/direct/base/0/order1,cec41ab38193f8498178,restore,0.015257203005603515,0.00011509707837831229,2.9976849280861773,1.7578696605818709
162/direct/base/0/order0,cec41ab38193f8498178,noise,0.6147825121879578,0.0003229058929719031,2.4524290372391295,4.526117264227299
162/direct/base/0/order0,cec41ab38193f8498178,restore,0.016428610659204423,0.00029296622960828245,2.8490309200044015,2.9538925388014112
162/direct/base/0/order1,cec41ab38193f8498178,noise,0.5613365843892097,0.00012880378926638514,2.5962625357784583,4.109358021054936
162/direct/base/0/order1,cec41ab38193f8498178,restore,0.02830289231496863,0.00021802334231324494,2.9520781318845746,1.1688725862906373
170/direct/base/0/order0,cec41ab38193f8498178,noise,0.362491438863799,0.00018704700050875545,2.7243733843622975,5.09961320303896
170/direct/base/0/order0,cec41ab38193f8498178,restore,0.02761595044285059,0.000166319718118757,2.308822417262353,6.767114586376591
170/direct/base/0/order1,cec41ab38193f8498178,noise,0.2515304030966945,9.158389002550393e-05,2.9108266956434683,4.3772935444212004
170/direct/base/0/order1,cec41ab38193f8498178,restore,0.025695620104670525,7.306765473913401e-05,2.7713272674185605,4.895893969594519
176/direct/base/0/order0,cec41ab38193f8498178,noise,0.09196036803768948,0.0003703460097312927,3.1677973719044994,1.307941454984015
176/direct/base/0/order0,cec41ab38193f8498178,restore,0.017453216394642368,0.00019372141105122864,3.0865140471137376,0.9980271408345992
176/direct/base/0/order1,cec41ab38193f8498178,noise,0.0524830712529365,0.00026473429170437157,3.0742992122066353,1.4135816495668665
176/direct/base/0/order1,cec41ab38193f8498178,restore,0.010832697647856548,0.00015641933714505285,2.894917592061937,1.0728163421811432
182/direct/base/0/order0,cec41ab38193f8498178,noise,0.04655109503073618,9.658642375143245e-05,2.6750750896149302,0.9899146322204767
182/direct/base/0/order0,cec41ab38193f8498178,restore,0.00463594077154994,7.564570842077956e-05,2.6662067301607415,0.9755838397949116
182/direct/base/0/order1,cec41ab38193f8498178,noise,0.03739757987204939,5.78343024244532e-05,2.764553419163776,0.987239238012507
182/direct/base/0/order1,cec41ab38193f8498178,restore,0.007175392471253872,5.6349286751355976e-05,2.894585230808787,1.0074809575143333
192/direct/base/0/order0,cec41ab38193f8498178,noise,0.011209019721718505,0.00024092492822092026,2.4520301087226697,0.49798129095997923
192/direct/base/0/order0,cec41ab38193f8498178,restore,0.031903731607599184,0.00031670951284468174,2.9163087487297084,0.750444909621451
192/direct/base/0/order1,cec41ab38193f8498178,noise,0.009880479869025294,0.0001926560653373599,2.6179514463435436,0.6377608678698752
192/direct/base/0/order1,cec41ab38193f8498178,restore,0.025052624783711508,0.0002256535371998325,2.9255683076037133,0.8928123281841731
198/direct/base/0/order0,cec41ab38193f8498178,noise,0.029882866889238358,0.00010537762136664242,3.0346815888339624,1.0243682979471096
198/direct/base/0/order0,cec41ab38193f8498178,restore,0.0620206156745553,0.00014630048826802522,2.92582671355681,0.9423392693455775
198/direct/base/0/order1,cec41ab38193f8498178,noise,0.01704726368188858,0.00011795898899435997,3.2795625890500553,2.1673394360415412
198/direct/base/0/order1,cec41ab38193f8498178,restore,0.029610191937536,0.00010613153426675126,3.21257943005623,1.6469929517465058
004/direct/base/0/order0,cec41ab38193f8498178,noise,0.032552232732996345,0.00035439355997368693,2.8811309991972616,0.8640198062140422
004/direct/base/0/order0,cec41ab38193f8498178,restore,0.015035956719657406,0.0003816228127107024,3.1857995531475267,1.0254210957327747
004/direct/base/0/order1,cec41ab38193f8498178,noise,0.023471380583941936,0.00020182877779006958,3.1467656644260806,1.289137963945869
004/direct/base/0/order1,cec41ab38193f8498178,restore,0.01228831015760079,0.00035676383413374424,3.382629041747492,1.679108864375025
012/direct/base/0/order0,cec41ab38193f8498178,noise,0.014956534665543586,0.00014107584138400853,3.410277288744125,1.4330484259087684
012/direct/base/0/order0,cec41ab38193f8498178,restore,0.06433142814785242,0.00016713529475964606,3.3836045358326734,1.4223490534207763
012/direct/base/0/order1,cec41ab38193f8498178,noise,0.01113794167758897,4.894496305496432e-05,3.2810295549667883,1.2473726984296072
012/direct/base/0/order1,cec41ab38193f8498178,restore,0.03718284610658884,3.6592107790056616e-05,3.1970452024070877,1.2202541202089288
020/direct/base/0/order0,cec41ab38193f8498178,noise,0.0038999654352664948,6.207404658198357e-05,1.102189289247947,7.200855993992478
020/direct/base/0/order0,cec41ab38193f8498178,restore,0.009645291123888455,1.8444228771841154e-05,1.1273313583605469,7.0989536585945725
020/direct/base/0/order1,cec41ab38193f8498178,noise,0.004169311985606328,2.8496624508989044e-05,1.5312275890953781,6.924161310512098
020/direct/base/0/order1,cec41ab38193f8498178,restore,0.0095001519221114,2.0696514184237458e-05,1.844807122590186,6.328980971957964
028/direct/base/0/order0,cec41ab38193f8498178,noise,0.02711669052951038,0.00012922458699904382,3.318792487725033,1.3385831522996665
028/direct/base/0/order0,cec41ab38193f8498178,restore,0.024451231060083956,7.89363039075397e-05,3.175036706600381,1.5163634261986412
028/direct/base/0/order1,cec41ab38193f8498178,noise,0.023410010617226362,0.00012685607362072915,3.38119243290653,1.6254244145550751
028/direct/base/0/order1,cec41ab38193f8498178,restore,0.014033433159056585,4.1685027099447325e-05,3.2168226019090893,1.825200055963502
034/direct/base/0/order0,cec41ab38193f8498178,noise,0.014240203861845657,4.922946391161531e-05,3.025422593402983,1.6040011423940757
034/direct/base/0/order0,cec41ab38193f8498178,restore,0.06490663532167673,4.015602826257236e-05,2.937210755321515,1.2735057428983367
034/direct/base/0/order1,cec41ab38193f8498178,noise,0.010895156941842288,3.762289270525798e-05,3.06199695246922,2.4821841894959658
034/direct/base/0/order1,cec41ab38193f8498178,restore,0.04999503356521018,2.7573612896958366e-05,2.999707398313431,1.823518168082751
040/direct/base/0/order0,cec41ab38193f8498178,noise,0.019641920924186707,0.0021382621489465237,3.153966150063545,2.918711105795713
040/direct/base/0/order0,cec41ab38193f8498178,restore,0.23298842762596905,0.001852755551226437,3.225544205077161,4.461591267682832
040/direct/base/0/order1,cec41ab38193f8498178,noise,0.014993485761806369,0.00044924195390194654,3.1748515218395754,3.3397809068200894
040/direct/base/0/order1,cec41ab38193f8498178,restore,0.15927716126316227,0.00013371536624617875,3.0422359204463696,4.062045419479699
048/direct/base/0/order0,cec41ab38193f8498178,noise,0.015567170572467148,0.00018940346490126103,2.587614370153374,1.6168601915858511
048/direct/base/0/order0,cec41ab38193f8498178,restore,0.017969770880881697,0.00013118714559823275,2.7917590948273174,2.091794674233163
048/direct/base/0/order1,cec41ab38193f8498178,noise,0.008960660590673797,9.058632713276893e-05,2.5272940939460105,1.736822193150571
048/direct/base/0/order1,cec41ab38193f8498178,restore,0.008568023753468879,6.162029603729025e-05,2.539876259450491,1.8169048800709693
054/direct/base/0/order0,cec41ab38193f8498178,noise,0.5257909535430372,9.011619113152847e-05,1.6494538090320552,8.047597179583612
054/direct/base/0/order0,cec41ab38193f8498178,restore,0.015004684071755037,2.994421447510831e-05,1.6519233641975173,7.811007037964378
054/direct/base/0/order1,cec41ab38193f8498178,noise,0.3481440630275756,1.6659532775520347e-05,1.67036592435981,8.559060767888827
054/direct/base/0/order1,cec41ab38193f8498178,restore,0.018479948048479855,2.1841158741153777e-05,2.157413545916927,7.369294485271804
060/direct/base/0/order0,cec41ab38193f8498178,noise,0.007718063978245482,0.00024637370370328426,1.9907759855594291,5.453002654015177
060/direct/base/0/order0,cec41ab38193f8498178,restore,0.9646398075856268,0.00023910838353913277,0.5746905931634382,9.956796850975774
060/direct/base/0/order1,cec41ab38193f8498178,noise,0.005578821161179803,9.461752051720396e-05,1.2354803438602702,7.847711862990639
060/direct/base/0/order1,cec41ab38193f8498178,restore,0.9337922093691304,9.938303264789283e-05,0.9289354480058455,8.513886860974846
066/direct/base/0/order0,cec41ab38193f8498178,noise,0.025679666272480972,0.0007635793299414217,3.0118741385297394,1.8240938585354154
066/direct/base/0/order0,cec41ab38193f8498178,restore,0.017351947775750887,0.0006951562245376408,2.7770838869045598,1.1314796276764378
066/direct/base/0/order1,cec41ab38193f8498178,noise,0.004581937435432337,0.00017931943875737488,2.4493456103757794,0.9535871259752866
066/direct/base/0/order1,cec41ab38193f8498178,restore,0.005264577701382223,0.00014439919323194772,2.3184077067765965,0.7948709082301724
072/direct/base/0/order0,cec41ab38193f8498178,noise,0.02494491421384737,0.00020318331371527165,2.128583840635833,4.533290717036561
072/direct/base/0/order0,cec41ab38193f8498178,restore,0.7146011898294091,0.0005065294099040329,2.000142008158059,5.385330940324956
072/direct/base/0/order1,cec41ab38193f8498178,noise,0.03361915198183851,0.0001805308711482212,2.3933403710179877,4.277951479478197
072/direct/base/0/order1,cec41ab38193f8498178,restore,0.5765186233911663,0.00026626596809364855,2.468920674321401,4.542861714243563
080/direct/base/0/order0,cec41ab38193f8498178,noise,0.7858742158859968,0.00014136701065581292,1.7374804211415416,6.361219138369108
080/direct/base/0/order0,cec41ab38193f8498178,restore,0.03167933310032822,0.00011182556045241654,2.5259346707933306,1.5919394233069486
080/direct/base/0/order1,cec41ab38193f8498178,noise,0.6723640877753496,4.992332469555549e-05,1.932218465535972,5.609036142329343
080/direct/base/0/order1,cec41ab38193f8498178,restore,0.007238564114231849,3.4553828299976885e-05,2.4711670119789124,3.468461455565594
086/direct/base/0/order0,cec41ab38193f8498178,noise,0.024220289662480354,3.752301199710928e-05,2.3887280344015784,2.7940870877250488
086/direct/base/0/order0,cec41ab38193f8498178,restore,0.6386237064725719,3.0015353331691585e-05,1.9875147053555005,4.804649289832062
086/direct/base/0/order1,cec41ab38193f8498178,noise,0.01695242282585241,4.326015550759621e-05,2.381448881117474,3.9635246901124708
086/direct/base/0/order1,cec41ab38193f8498178,restore,0.5304438643506728,4.3779658881248906e-05,2.237703176028542,3.9449477651850753
092/direct/base/0/order0,cec41ab38193f8498178,noise,0.631416030228138,0.000335818825988099,2.1001299330193737,5.016044625673691
092/direct/base/0/order0,cec41ab38193f8498178,restore,0.016364139039069414,0.0004456700407899916,2.6435624086763445,2.5388913422195785
092/direct/base/0/order1,cec41ab38193f8498178,noise,0.5606357706710696,0.00013174883497413248,2.1933179870000794,4.434480461424192
092/direct/base/0/order1,cec41ab38193f8498178,restore,0.010488824802450836,0.00012259463255759329,2.6565577343415363,2.3504577240068696
098/direct/base/0/order0,cec41ab38193f8498178,noise,0.029063371010124683,0.00015527977666351944,3.414670510579407,1.3560450887805533
098/direct/base/0/order0,cec41ab38193f8498178,restore,0.046285608666948974,0.0002109250781359151,3.6666558035204533,2.1467907251236484
098/direct/base/0/order1,cec41ab38193f8498178,noise,0.019015122670680285,0.00018012152577284724,3.4173257488004367,1.083711464141774
098/direct/base/0/order1,cec41ab38193f8498178,restore,0.034125565754948184,0.00017730306717567146,3.3745925519758218,1.3708455191633597
104/direct/base/0/order0,cec41ab38193f8498178,noise,0.021165193058550358,0.0003980577748734504,3.4857960064587346,1.038860453971452
104/direct/base/0/order0,cec41ab38193f8498178,restore,0.01731897855643183,0.00035983460838906467,3.0832613035034675,0.7571969140781873
104/direct/base/0/order1,cec41ab38193f8498178,noise,0.014442084357142448,0.0002752357686404139,3.1743845571772207,1.005671255507648
104/direct/base/0/order1,cec41ab38193f8498178,restore,0.01376816228730604,0.00019741781579796225,2.7973945774831375,0.8561144955710448
112/direct/base/0/order0,cec41ab38193f8498178,noise,0.009546262619551271,7.568807632196695e-05,2.578362307328412,2.7579851143796974
112/direct/base/0/order0,cec41ab38193f8498178,restore,0.014250645326683298,4.556731801130809e-05,2.6258485378981367,3.163139805233587
112/direct/base/0/order1,cec41ab38193f8498178,noise,0.01007396390195936,7.47661033528857e-05,2.796458671314946,3.2651368700083703
112/direct/base/0/order1,cec41ab38193f8498178,restore,0.02248100080760196,9.3391390691977e-05,2.9723383536378174,3.43192024420855
118/direct/base/0/order0,cec41ab38193f8498178,noise,0.9465941188391298,0.0003473963588476181,0.8376139231632869,8.500647809282322
118/direct/base/0/order0,cec41ab38193f8498178,restore,0.011143946729134768,0.00031136965844780207,2.590259414755651,3.279903744133936
118/direct/base/0/order1,cec41ab38193f8498178,noise,0.8823573653353378,0.0002957811229862273,1.319960686989435,6.976907674482119
118/direct/base/0/order1,cec41ab38193f8498178,restore,0.0051471046899678186,0.00031733582727611065,1.9202727366202124,6.075320562786354
124/direct/base/0/order0,cec41ab38193f8498178,noise,0.010174871480558068,0.0004299525171518326,2.573455686504726,0.7114320545881921
124/direct/base/0/order0,cec41ab38193f8498178,restore,0.0214050670620054,0.00034360005520284176,2.8154473912473463,0.677110396918492
124/direct/base/0/order1,cec41ab38193f8498178,noise,0.005457018705783412,0.00018915622786153108,2.674316671063039,0.9602000067914245
124/direct/base/0/order1,cec41ab38193f8498178,restore,0.011217267019674182,0.00012337020598351955,2.60000679721813,0.672222995040921
130/direct/base/0/order0,cec41ab38193f8498178,noise,0.01835846115136519,0.0002025593421421945,1.8368094345966324,8.220245141290082
130/direct/base/0/order0,cec41ab38193f8498178,restore,0.016970293247140944,0.00021740734518971294,2.1808657963335216,6.568782221273377
130/direct/base/0/order1,cec41ab38193f8498178,noise,0.018456950085237622,0.00020460320229176432,2.305021851858096,7.005789478301682
130/direct/base/0/order1,cec41ab38193f8498178,restore,0.016953808953985572,0.00020005498663522303,2.4665844991726935,6.206555974325392
136/direct/base/0/order0,cec41ab38193f8498178,noise,0.017984929960221052,0.0001244945451617241,3.1716903192385497,2.529269597021853
136/direct/base/0/order0,cec41ab38193f8498178,restore,0.018446694710291922,0.00014949448814149946,2.9762543186165393,2.878610394979037
136/direct/base/0/order1,cec41ab38193f8498178,noise,0.013700033945497125,0.00010341607412556186,3.1113485938559045,2.092003992681612
136/direct/base/0/order1,cec41ab38193f8498178,restore,0.012211334047606215,0.0001384866627631709,2.9136997969251963,2.2833290824776054
142/direct/base/0/order0,cec41ab38193f8498178,noise,0.010396526544354856,0.00029648112831637263,2.8852581555876142,2.5234149359985136
142/direct/base/0/order0,cec41ab38193f8498178,restore,0.009070408385014161,0.00011723670468199998,2.8131716191261593,2.235207547261508
142/direct/base/0/order1,cec41ab38193f8498178,noise,0.009692125022411346,0.0002249349927296862,2.8911097160982213,2.6383196107391202
142/direct/base/0/order1,cec41ab38193f8498178,restore,0.0067951425080536865,9.052117093233392e-05,2.684962777304502,3.0096196056683575
152/direct/base/0/order0,cec41ab38193f8498178,noise,0.018138796323910356,0.000181757437530905,2.6856521943481004,3.822749945810893
152/direct/base/0/order0,cec41ab38193f8498178,restore,0.006661301507847384,0.00011535205703694373,2.2756573451614446,4.364592367343371
152/direct/base/0/order1,cec41ab38193f8498178,noise,0.01806980255059898,0.00010041656059911475,3.042900580402164,2.2991439691849815
152/direct/base/0/order1,cec41ab38193f8498178,restore,0.006332451564958319,9.646615944802761e-05,3.0871399309365604,2.6788203720875825
158/direct/base/0/order0,cec41ab38193f8498178,noise,0.021281232387991622,0.00037375843385234475,3.212171439641973,1.3402994272647542
158/direct/base/0/order0,cec41ab38193f8498178,restore,0.01622253065579571,0.00037655283813364804,3.2644834721239193,1.712876788541519
158/direct/base/0/order1,cec41ab38193f8498178,noise,0.014269964987761341,0.00026976584922522306,3.146413884982186,2.13257797194498
158/direct/base/0/order1,cec41ab38193f8498178,restore,0.010610534460283816,0.00019269440963398665,3.136482068549513,2.5838684005484502
166/direct/base/0/order0,cec41ab38193f8498178,noise,0.024722043424844742,0.0015248697018250823,3.2383967688682045,0.9812217842733276
166/direct/base/0/order0,cec41ab38193f8498178,restore,0.03725772420875728,0.001165950670838356,3.1647808247116234,1.404375518987544
166/direct/base/0/order1,cec41ab38193f8498178,noise,0.01040012831799686,0.0003076468128710985,3.3076368981483326,1.0956589548666174
166/direct/base/0/order1,cec41ab38193f8498178,restore,0.022114252671599388,0.0003373232902958989,3.154759770244556,1.3360503794527112
172/direct/base/0/order0,cec41ab38193f8498178,noise,0.01936843025032431,0.00013788117212243378,3.1208898263731926,1.5401406246369398
172/direct/base/0/order0,cec41ab38193f8498178,restore,0.015120419251616113,0.00026166244060732424,3.306286046012916,1.7616450524044813
172/direct/base/0/order1,cec41ab38193f8498178,noise,0.01658150547882542,0.00012345529103185982,3.382577715037194,2.366167051322191
172/direct/base/0/order1,cec41ab38193f8498178,restore,0.007378558577329386,9.248810238204896e-05,3.335518430804256,2.9104850313722928
178/direct/base/0/order0,cec41ab38193f8498178,noise,0.07222253107465804,0.0015816455706954002,2.9652817583858337,3.3967134843231843
178/direct/base/0/order0,cec41ab38193f8498178,restore,0.012750804977258667,0.0009937821887433529,2.8821788380248945,1.7437577985580346
178/direct/base/0/order1,cec41ab38193f8498178,noise,0.03305675645242445,0.0002539457054808736,3.105075915351798,2.535821884391473
178/direct/base/0/order1,cec41ab38193f8498178,restore,0.012090169911971316,0.0001865094673121348,2.776584138805923,1.8901763147894002
186/direct/base/0/order0,cec41ab38193f8498178,noise,0.01333391951629892,0.00043776759412139654,2.3067218534949827,6.023477143437715
186/direct/base/0/order0,cec41ab38193f8498178,restore,0.024692305363714695,0.0003860275028273463,2.6679656149419877,4.024711147231161
186/direct/base/0/order1,cec41ab38193f8498178,noise,0.007986964905285276,0.00033705466194078326,2.244625575545669,3.613825273317843
186/direct/base/0/order1,cec41ab38193f8498178,restore,0.016633168328553438,0.00028977470356039703,2.39919332175585,2.135417943001117
194/direct/base/0/order0,cec41ab38193f8498178,noise,0.06997125012276229,0.00023262832837644964,3.2173710322773705,1.486438215479447
194/direct/base/0/order0,cec41ab38193f8498178,restore,0.04666448477655649,9.92643108475022e-05,3.426763731073959,1.7568074065460366
194/direct/base/0/order1,cec41ab38193f8498178,noise,0.03377488908881787,9.665699326433241e-05,2.9882872784415304,1.4276978831346556
194/direct/base/0/order1,cec41ab38193f8498178,restore,0.029359731823205948,0.00010119041689904407,3.0561029132874964,1.4828506780875579
