id,direction,families,mean,mean_absolute,median,minimum,maximum,sign_fraction,above_tau_fraction,retained,classification,descriptive_ci_low,descriptive_ci_high,mean_absolute_order_difference,original_gap,normalized_mean,normalized_mean_absolute,panel,group,kind,head,cohort,source,site
G1:I1:conditional:L18H18,noise,89,3.693218124046754,3.693218124046754,3.59881591796875,0.109619140625,7.290771484375,1.0,1.0,True,coherent,3.3808566672078677,4.01095778272393,4.43033449837331,11.170458413241954,0.3306236850287765,0.3306236850287765,G1,I1,conditional,594,,,
G1:I1:conditional:L18H18,restore,89,3.6059766726547413,3.6059766726547413,3.5196533203125,0.2742919921875,7.15765380859375,1.0,1.0,True,coherent,3.3226598268144585,3.8916392240631446,4.26879846379998,11.170458413241954,0.3228136697040166,0.3228136697040166,G1,I1,conditional,594,,,
G1:I1:conditional:L18H19,noise,89,4.297184097632933,4.297184097632933,4.23626708984375,0.148681640625,7.803535461425781,1.0,1.0,True,coherent,3.9768980004814236,4.618861376837398,2.3874615015608542,11.170458413241954,0.38469183077919716,0.38469183077919716,G1,I1,conditional,595,,,
G1:I1:conditional:L18H19,restore,89,4.180347201529513,4.180347201529513,4.150012969970703,0.3946533203125,8.814208984375,1.0,1.0,True,coherent,3.893611763166578,4.476772925425111,2.2388320987144215,11.170458413241954,0.3742323767638708,0.3742323767638708,G1,I1,conditional,595,,,
G1:I1:whole,noise,89,5.339535311366735,5.339535311366735,5.37152099609375,0.461181640625,9.544921875,1.0,1.0,True,coherent,4.989556100663174,5.688268264090077,7.413365471229125,11.170458413241954,0.47800503021765106,0.47800503021765106,G1,I1,whole,,,,
G1:I1:whole,restore,89,5.335905192943102,5.335905192943102,5.3896484375,0.52880859375,8.60528564453125,1.0,1.0,True,coherent,5.0020562225513245,5.661133991466479,7.528732706991474,11.170458413241954,0.47768005533395874,0.47768005533395874,G1,I1,whole,,,,
G1:I2:conditional:L18H18,noise,89,3.523102543327246,3.523102543327246,3.39385986328125,0.12548828125,7.3143310546875,1.0,1.0,True,coherent,3.2376287290219508,3.811392013544446,4.567008131005791,11.170458413241954,0.31539462508994304,0.31539462508994304,G1,I2,conditional,594,,,
G1:I2:conditional:L18H18,restore,89,3.4680982011087824,3.4680982011087824,3.457275390625,0.2940673828125,6.20013427734375,1.0,1.0,True,coherent,3.2195258812957936,3.718373777625266,4.445160383588813,11.170458413241954,0.31047053512123957,0.31047053512123957,G1,I2,conditional,594,,,
G1:I2:conditional:L18H19,noise,89,4.202759967761093,4.202759967761093,4.19268798828125,0.1640625,8.15460205078125,1.0,1.0,True,coherent,3.9043547924984705,4.508538434210788,2.471740851241551,11.170458413241954,0.37623880885487704,0.37623880885487704,G1,I2,conditional,595,,,
G1:I2:conditional:L18H19,restore,89,4.135394482130415,4.135394482130415,4.243147850036621,0.4276123046875,6.883453369140625,1.0,1.0,True,coherent,3.864666130033772,4.403138974811253,2.3298540651128534,11.170458413241954,0.37020812657322427,0.37020812657322427,G1,I2,conditional,595,,,
G1:I2:whole,noise,89,5.460764311672596,5.460764311672596,5.3992919921875,0.380615234375,10.03887939453125,1.0,1.0,True,coherent,5.094805681035759,5.825033376725871,6.387722176112486,11.170458413241954,0.4888576734862703,0.4888576734862703,G1,I2,whole,,,,
G1:I2:whole,restore,89,5.495287187983481,5.495287187983481,5.623046875,0.549560546875,9.205078125,1.0,1.0,True,coherent,5.148167552037186,5.833635864097081,6.513420426443721,11.170458413241954,0.49194822492415574,0.49194822492415574,G1,I2,whole,,,,
G1:I3:conditional:L18H18,noise,89,3.2264729510532337,3.2264729510532337,3.1683807373046875,0.115478515625,6.49798583984375,1.0,1.0,True,coherent,2.9596311847815353,3.4975448174423045,4.011251792479097,11.170458413241954,0.2888397979467369,0.2888397979467369,G1,I3,conditional,594,,,
G1:I3:conditional:L18H18,restore,89,3.1213041798452315,3.1213041798452315,3.054443359375,0.2625732421875,6.30364990234375,1.0,1.0,True,coherent,2.8796302506093228,3.3663909617434724,3.775477420078235,11.170458413241954,0.2794248959510113,0.2794248959510113,G1,I3,conditional,594,,,
G1:I3:conditional:L18H19,noise,89,3.764624884959017,3.764624884959017,3.75396728515625,0.155517578125,6.9129486083984375,1.0,1.0,True,coherent,3.4943964765312963,4.03937016229951,2.1567530685596252,11.170458413241954,0.3370161497129128,0.3370161497129128,G1,I3,conditional,595,,,
G1:I3:conditional:L18H19,restore,89,3.6506024264217762,3.6506024264217762,3.611083984375,0.383056640625,7.9495849609375,1.0,1.0,True,coherent,3.399647416961327,3.9071613552865014,1.9405766604991441,11.170458413241954,0.3268086493293947,0.3268086493293947,G1,I3,conditional,595,,,
G1:I3:whole,noise,89,5.574127588379249,5.574127588379249,5.57586669921875,0.486083984375,9.8026123046875,1.0,1.0,True,coherent,5.219662127601967,5.926222226994761,7.173289706198017,11.170458413241954,0.49900616269887654,0.49900616269887654,G1,I3,whole,,,,
G1:I3:whole,restore,89,5.5744647336809825,5.5744647336809825,5.698886871337891,0.564697265625,9.010833740234375,1.0,1.0,True,coherent,5.226797479458069,5.918070653851112,7.219916182957339,11.170458413241954,0.49903634456691287,0.49903634456691287,G1,I3,whole,,,,
G1:O1:whole,noise,89,5.737452362360579,5.737452362360579,5.6357421875,0.527587890625,10.0443115234375,1.0,1.0,True,coherent,5.383246634649427,6.090313633640161,5.218039812666647,11.170458413241954,0.5136272971178291,0.5136272971178291,G1,O1,whole,,,,
G1:O1:whole,restore,89,5.7777491874909135,5.7777491874909135,5.796875,0.868408203125,10.0096435546875,1.0,1.0,True,coherent,5.416664892033245,6.137199538075522,5.332361612427101,11.170458413241954,0.5172347430828546,0.5172347430828546,G1,O1,whole,,,,
G1:O3:conditional:L18H19,noise,89,2.920695619636707,2.920695619636707,2.5972900390625,0.1700439453125,6.843505859375,1.0,1.0,True,coherent,2.6361226617620233,3.2236551460255387,1.9711701548501346,11.170458413241954,0.2614660483561163,0.2614660483561163,G1,O3,conditional,595,,,
G1:O3:conditional:L18H19,restore,89,2.8767311224776706,2.8767311224776706,2.553375244140625,0.4105224609375,7.4962158203125,1.0,1.0,True,coherent,2.6026173757703117,3.17120382116082,1.8824303873469321,11.170458413241954,0.2575302656395432,0.2575302656395432,G1,O3,conditional,595,,,
G1:O3:whole,noise,89,6.528266198179695,6.528266198179695,6.578322410583496,0.4808349609375,11.339691162109375,1.0,1.0,True,coherent,6.1416965303796065,6.905443288770954,5.93749652551801,11.170458413241954,0.5844224074493487,0.5844224074493487,G1,O3,whole,,,,
G1:O3:whole,restore,89,6.5675191557809205,6.5675191557809205,6.653564453125,0.275390625,10.26251220703125,1.0,1.0,True,coherent,6.185368584515004,6.930932806315047,6.098035405191143,11.170458413241954,0.5879364044715921,0.5879364044715921,G1,O3,whole,,,,
G1:O4:conditional:L18H19,noise,89,2.906222793493378,2.906222793493378,2.9144287109375,0.164306640625,5.9058837890625,1.0,1.0,True,coherent,2.7173185485132625,3.097201827402865,2.1149988710210565,11.170458413241954,0.26017041431784155,0.26017041431784155,G1,O4,conditional,595,,,
G1:O4:conditional:L18H19,restore,89,2.80691537428438,2.80691537428438,2.841217041015625,0.37744140625,4.76141357421875,1.0,1.0,True,coherent,2.6312889178147474,2.9793015800165326,2.0035744677768665,11.170458413241954,0.25128023134278343,0.25128023134278343,G1,O4,conditional,595,,,
G1:O4:whole,noise,89,5.629542549004715,5.629542549004715,5.5997314453125,0.413330078125,9.85308837890625,1.0,1.0,True,coherent,5.278754869203889,5.977417690432473,5.373235584644789,11.170458413241954,0.503967011983251,0.503967011983251,G1,O4,whole,,,,
G1:O4:whole,restore,89,5.671762777178475,5.671762777178475,5.740234375,0.59619140625,9.65521240234375,1.0,1.0,True,coherent,5.318567869636451,6.022349374749687,5.474174178048466,11.170458413241954,0.5077466445293701,0.5077466445293701,G1,O4,whole,,,,
G2:L14H23:change,noise,89,-0.0034436308935786903,0.03702437877655029,-0.00234222412109375,-0.13702392578125,0.15566253662109375,0.5168539325842697,0.07865168539325842,False,below_rule,-0.013879164952910347,0.007022490796078452,0.06237064586596543,11.170458413241954,-0.0003082801767111418,0.0033144905434373184,G2,,change,471,,,
G2:L14H23:change,restore,89,0.001605955402502853,0.03388386629940419,-0.0007171630859375,-0.1071014404296875,0.12948226928710938,0.48314606741573035,0.033707865168539325,False,below_rule,-0.0074426064330540345,0.01090215779422372,0.06941229573796305,11.170458413241954,0.00014376808391310803,0.003033346085352841,G2,,change,471,,,
G2:L14H23:conditional,noise,89,-0.21501205610425284,0.2461879293570358,-0.196075439453125,-0.9703369140625,0.25396728515625,0.8539325842696629,0.7865168539325843,True,coherent,-0.26629071155290923,-0.1678061260601108,0.3277740666035856,11.170458413241954,-0.019248275061779743,0.02203919662466079,G2,,conditional,471,,,
G2:L14H23:conditional,restore,89,-0.20057762874646134,0.23979423822981588,-0.203369140625,-0.80023193359375,0.381591796875,0.797752808988764,0.7303370786516854,True,coherent,-0.24640265930904431,-0.15474069707849053,0.32590949669312896,11.170458413241954,-0.017956078553471696,0.021466821625292763,G2,,conditional,471,,,
G2:L15H3:change,noise,89,0.0019955407367663438,0.013333482688732362,0.001953125,-0.06290435791015625,0.0428924560546875,0.6179775280898876,0.0,False,below_rule,-0.0018179283383187284,0.005739902344982275,0.02493840924809488,11.170458413241954,0.00017864448019436172,0.0011936379148886373,G2,,change,483,,,
G2:L15H3:change,restore,89,0.0038401142934734902,0.014615648248222438,0.00341796875,-0.0493927001953125,0.0698089599609375,0.5842696629213483,0.0,False,below_rule,-0.00013834264840972558,0.007929738451925553,0.023960735021012553,11.170458413241954,0.0003437741005258342,0.001308419736015167,G2,,change,483,,,
G2:L15H3:conditional,noise,89,-0.10403674238183525,0.11476349160912332,-0.088714599609375,-0.491668701171875,0.12918055057525635,0.8539325842696629,0.4606741573033708,True,coherent,-0.1279965996407391,-0.08205636870325282,0.12050080835149529,11.170458413241954,-0.009313560691341503,0.010273839028224447,G2,,conditional,483,,,
G2:L15H3:conditional,restore,89,-0.08622377374198999,0.0970475807618559,-0.08056640625,-0.34326171875,0.08511161804199219,0.8651685393258427,0.39325842696629215,False,below_rule,-0.10337790907099005,-0.069201330790359,0.11749426166663009,11.170458413241954,-0.007718910948164537,0.008687878077305353,G2,,conditional,483,,,
G2:L16H1:change,noise,89,-0.07029077846012759,0.09515159183673644,-0.05841064453125,-0.38812255859375,0.162353515625,0.7865168539325843,0.34831460674157305,False,below_rule,-0.09223763303140577,-0.049336749348747606,0.1868448391389311,11.170458413241954,-0.006292559880694045,0.00851814565854697,G2,,change,513,,,
G2:L16H1:change,restore,89,-0.07314490736200568,0.09750155652506967,-0.04895353317260742,-0.9805908203125,0.2641754150390625,0.7865168539325843,0.34831460674157305,False,below_rule,-0.10549508279628968,-0.04585299853528484,0.21109046293108652,11.170458413241954,-0.006548066753938807,0.008728518823317674,G2,,change,513,,,
G2:L16H1:conditional,noise,89,0.797624476839987,0.8028481020016617,0.65625,-0.12856948375701904,2.196044921875,0.9775280898876404,1.0,True,coherent,0.7013447331578544,0.8961978485075276,0.8883763725837964,11.170458413241954,0.07140481145289863,0.07187243999314567,G2,,conditional,513,,,
G2:L16H1:conditional,restore,89,0.7688864804385753,0.7768968303551834,0.74322509765625,-0.31024169921875,2.1189727783203125,0.9662921348314607,0.9662921348314607,True,coherent,0.6673661521311556,0.8727438658810732,0.8395363882686315,11.170458413241954,0.06883213311345426,0.06954923438363242,G2,,conditional,513,,,
G2:L16H21:change,noise,89,-0.03185427724645379,0.09198745047108511,-0.0289306640625,-0.520843505859375,0.35356903076171875,0.6292134831460674,0.3258426966292135,False,below_rule,-0.05945356575290809,-0.005499593528468962,0.19178640440608677,11.170458413241954,-0.002851653537216729,0.008234885898866883,G2,,change,533,,,
G2:L16H21:change,restore,89,-0.0660185840692413,0.1302621846788385,-0.0335845947265625,-1.28564453125,0.3182373046875,0.6404494382022472,0.3595505617977528,True,heterogeneous,-0.1157073211803865,-0.023811351382330568,0.20435672395684745,11.170458413241954,-0.0059101051744644565,0.011661310562189636,G2,,change,533,,,
G2:L16H21:conditional,noise,89,0.8926693442162503,0.8990938087527671,0.8189668655395508,-0.285888671875,2.746337890625,0.9887640449438202,0.9887640449438202,True,coherent,0.7773676984430699,1.012493367442924,0.6675254173493117,11.170458413241954,0.07991340294128312,0.08048853283289982,G2,,conditional,533,,,
G2:L16H21:conditional,restore,89,0.9992877686961313,1.000586651684193,0.85430908203125,-0.05780029296875,3.611968994140625,0.9887640449438202,0.9775280898876404,True,coherent,0.8630055227976167,1.1493103222230847,0.6348465855201978,11.170458413241954,0.08945808056646373,0.08957435896256984,G2,,conditional,533,,,
G2:L16H31:change,noise,89,0.014296846443347716,0.02392692914169826,0.010467529296875,-0.09356689453125,0.12017822265625,0.6966292134831461,0.02247191011235955,False,below_rule,0.008068822374504602,0.020564401685521826,0.045628030648392236,11.170458413241954,0.0012798800115848068,0.00214198274202733,G2,,change,543,,,
G2:L16H31:change,restore,89,0.01771686853987447,0.02434259050347832,0.01570606231689453,-0.085479736328125,0.14505767822265625,0.7865168539325843,0.02247191011235955,False,below_rule,0.011929786138320237,0.023951445737581567,0.04659659139225992,11.170458413241954,0.001586046685324222,0.002179193512293241,G2,,change,543,,,
G2:L16H31:conditional,noise,89,-0.17328275321574693,0.1743679086813766,-0.140625,-0.5068359375,0.03724205493927002,0.9775280898876404,0.6966292134831461,True,coherent,-0.19715412470062127,-0.15061901784345005,0.29830311389451614,11.170458413241954,-0.015512591050903506,0.01560973616576677,G2,,conditional,543,,,
G2:L16H31:conditional,restore,89,-0.16655344909496522,0.16802926545732477,-0.14215087890625,-0.550537109375,0.02685546875,0.9662921348314607,0.6853932584269663,True,coherent,-0.19050915683253428,-0.14407293300950125,0.29138720437382043,11.170458413241954,-0.014910171358547417,0.015042289156023845,G2,,conditional,543,,,
G2:L17H24:change,noise,89,-0.02011471517970053,0.04410512125893925,-0.017223358154296875,-0.1544189453125,0.180511474609375,0.7191011235955056,0.1348314606741573,False,below_rule,-0.03167837925171584,-0.008000060279717629,0.09142678775144426,11.170458413241954,-0.0018007063305348024,0.003948371644860616,G2,,change,568,,,
G2:L17H24:change,restore,89,-0.022868124286780197,0.048706193988242844,-0.0255126953125,-0.233612060546875,0.223388671875,0.7528089887640449,0.11235955056179775,False,below_rule,-0.036540925770663146,-0.009278670053803529,0.11029162031880925,11.170458413241954,-0.0020471965823418057,0.004360268145352421,G2,,change,568,,,
G2:L17H24:conditional,noise,89,0.4125053279855278,0.41287839680575256,0.381622314453125,-0.0166015625,1.1585693359375,0.9887640449438202,0.9775280898876404,True,coherent,0.37129222111085824,0.45597771754425553,0.8142455534988575,11.170458413241954,0.03692823631092219,0.036961634118462705,G2,,conditional,568,,,
G2:L17H24:conditional,restore,89,0.4131420435530416,0.4131420435530416,0.37396240234375,0.037109375,1.01751708984375,1.0,0.9662921348314607,True,coherent,0.37349888595302455,0.4542573107762283,0.8182902389697815,11.170458413241954,0.03698523626060725,0.03698523626060725,G2,,conditional,568,,,
G2:L18H19:change,noise,89,-0.06574637568398808,0.2495888096562932,-0.038360595703125,-0.7404632568359375,0.7983245849609375,0.5842696629213483,0.7528089887640449,True,heterogeneous,-0.129464573840077,-0.002363178669736693,0.414731478423215,11.170458413241954,-0.005885736578728894,0.022343649689471976,G2,,change,595,,,
G2:L18H19:change,restore,89,-0.08985028106175112,0.254450310482068,-0.093048095703125,-1.2621526718139648,0.7051239013671875,0.6629213483146067,0.7640449438202247,True,heterogeneous,-0.15968657356969426,-0.022861321856466606,0.37046206399296105,11.170458413241954,-0.008043562559190824,0.02277886019256214,G2,,change,595,,,
G2:L18H19:conditional,noise,89,3.0063918587866794,3.0063918587866794,2.96722412109375,0.126953125,5.727813720703125,1.0,1.0,True,coherent,2.8107180263219256,3.204266331436928,2.021186809861258,11.170458413241954,0.26913773343650516,0.26913773343650516,G2,,conditional,595,,,
G2:L18H19:conditional,restore,89,3.12895338187057,3.12895338187057,2.974365234375,0.2943115234375,6.120361328125,1.0,1.0,True,coherent,2.916757431726777,3.3384720354937434,2.286642342471005,11.170458413241954,0.2801096665971533,0.2801096665971533,G2,,conditional,595,,,
G2:L19H16:change,noise,89,-0.05394700805792648,0.09038136648328117,-0.026614665985107422,-0.65240478515625,0.2618408203125,0.6629213483146067,0.33707865168539325,False,below_rule,-0.08080704406406103,-0.02895738073949066,0.17171342989032187,11.170458413241954,-0.004829435468286182,0.008091106303760918,G2,,change,624,,,
G2:L19H16:change,restore,89,-0.07133444775356336,0.11622966273447101,-0.0455322265625,-0.55419921875,0.22922992706298828,0.6404494382022472,0.42696629213483145,True,heterogeneous,-0.10290380421649203,-0.04100258805778591,0.20272245299950076,11.170458413241954,-0.006385991077053772,0.01040509336632839,G2,,change,624,,,
G2:L19H16:conditional,noise,89,-0.8737313332182638,0.8744500393278143,-0.8172607421875,-2.5779075622558594,0.031982421875,0.9887640449438202,0.9775280898876404,True,coherent,-0.9758732508407549,-0.7756262445048001,0.5233497860726346,11.170458413241954,-0.07821803733520051,0.07828237722913883,G2,,conditional,624,,,
G2:L19H16:conditional,restore,89,-0.8926031294833409,0.8926031294833409,-0.8542633056640625,-2.3427734375,-0.0791015625,1.0,0.9662921348314607,True,coherent,-0.9855354610453831,-0.804091958517439,0.5380719752793901,11.170458413241954,-0.0799074752765034,0.0799074752765034,G2,,conditional,624,,,
G2:L20H7:change,noise,89,0.058065153239818104,0.12291342087006302,0.0363616943359375,-0.337432861328125,0.6135940551757812,0.6292134831460674,0.449438202247191,True,heterogeneous,0.025142743614282502,0.09245304759968528,0.14584807867414495,11.170458413241954,0.005198099405749106,0.01100343569824816,G2,,change,647,,,
G2:L20H7:change,restore,89,0.020147899563392895,0.0983111590481876,0.0114898681640625,-0.364471435546875,0.41064453125,0.5617977528089888,0.4044943820224719,False,below_rule,-0.006800318634911869,0.04815917678093638,0.16798258899302965,11.170458413241954,0.0018036770576495488,0.008800995931522847,G2,,change,647,,,
G2:L20H7:conditional,noise,89,0.031951144839940444,0.3175638940896881,-0.065185546875,-1.1265640258789062,1.42828369140625,0.38202247191011235,0.7415730337078652,True,heterogeneous,-0.060342607303951565,0.12738213006700014,0.24605382694287248,11.170458413241954,0.0028603253025018334,0.02842890437810805,G2,,conditional,647,,,
G2:L20H7:conditional,restore,89,0.09921596559245935,0.3141122266147914,-0.01094818115234375,-0.5720577239990234,1.69775390625,0.449438202247191,0.7191011235955056,True,heterogeneous,0.010153129060616656,0.19570843523807738,0.24802235271153825,11.170458413241954,0.008881995878955546,0.028119904751843387,G2,,conditional,647,,,
G2:L22H5:change,noise,89,0.10542105155044727,0.1335768364788441,0.0771636962890625,-0.158203125,0.58251953125,0.7528089887640449,0.48314606741573035,True,coherent,0.07546738325879815,0.13677969451030986,0.21570819951175305,11.170458413241954,0.009437486596385025,0.011958044293016322,G2,,change,709,,,
G2:L22H5:change,restore,89,0.10685044192196277,0.13666332973523088,0.06518173217773438,-0.2369537353515625,0.472564697265625,0.7303370786516854,0.4943820224719101,True,coherent,0.07470729699295559,0.1389104149314794,0.2400859875625439,11.170458413241954,0.009565448253699019,0.012234352851018551,G2,,change,709,,,
G2:L22H5:conditional,noise,89,1.0878861151384505,1.0878861151384505,1.05401611328125,0.023193359375,2.4217529296875,1.0,0.9775280898876404,True,coherent,0.998988714814186,1.1803945268138072,0.7615491272358412,11.170458413241954,0.09738956763393186,0.09738956763393186,G2,,conditional,709,,,
G2:L22H5:conditional,restore,89,1.1145947167042936,1.1145947167042936,1.0592498779296875,0.0224609375,2.270751953125,1.0,0.9775280898876404,True,coherent,1.0239584054839745,1.2065303933754394,0.8297099638521002,11.170458413241954,0.09978057081193765,0.09978057081193765,G2,,conditional,709,,,
G2:L23H15:change,noise,89,0.014025009080265344,0.10621987701801772,0.0240478515625,-0.33441925048828125,0.4775390625,0.5730337078651685,0.3707865168539326,True,heterogeneous,-0.016105080119679482,0.045501296138495524,0.17445057697510452,11.170458413241954,0.0012555446304369638,0.009508998922738926,G2,,change,751,,,
G2:L23H15:change,restore,89,0.023416961177011555,0.1108684888046779,0.04486083984375,-0.4541778564453125,0.4301300048828125,0.6292134831460674,0.38202247191011235,True,heterogeneous,-0.006627118922351451,0.053215572941169284,0.17725097463372047,11.170458413241954,0.0020963294710673696,0.009925151207156323,G2,,change,751,,,
G2:L23H15:conditional,noise,89,-0.9328657094012486,0.9328657094012486,-0.89019775390625,-3.398651123046875,-0.046630859375,1.0,0.9775280898876404,True,coherent,-1.0503313297636054,-0.8267179245024585,0.4885853354850512,11.170458413241954,-0.08351185554707302,0.08351185554707302,G2,,conditional,751,,,
G2:L23H15:conditional,restore,89,-0.9019715946711852,0.9034995309422525,-0.7947998046875,-2.912149429321289,0.049072265625,0.9775280898876404,0.9775280898876404,True,coherent,-1.0072320776039294,-0.8061406300309003,0.4353022361069583,11.170458413241954,-0.08074615752581364,0.08088294119346116,G2,,conditional,751,,,
G2:L26H23:change,noise,89,0.0008357977599240421,0.030622333623050304,0.00099945068359375,-0.200927734375,0.214202880859375,0.5280898876404494,0.06741573033707865,False,below_rule,-0.009542297948612256,0.011609697743748001,0.049482546495587636,11.170458413241954,7.482215402487426e-05,0.00274136767625841,G2,,change,855,,,
G2:L26H23:change,restore,89,-0.006668993596280559,0.03374056601792239,-0.0002593994140625,-0.218231201171875,0.10488510131835938,0.5056179775280899,0.06741573033707865,False,below_rule,-0.01788053767064984,0.003920926806632047,0.04956878169199054,11.170458413241954,-0.0005970205831816928,0.0030205175803640107,G2,,change,855,,,
G2:L26H23:conditional,noise,89,-0.3666035178002347,0.37567958269226415,-0.221527099609375,-1.92010498046875,0.2844390869140625,0.9550561797752809,0.7528089887640449,True,coherent,-0.4578721102703823,-0.284374906474285,0.1508271104834053,11.170458413241954,-0.0328190217659865,0.03363152780255795,G2,,conditional,855,,,
G2:L26H23:conditional,restore,89,-0.35367338309127294,0.3565910692965047,-0.225250244140625,-1.884735107421875,0.1132354736328125,0.9775280898876404,0.7415730337078652,True,coherent,-0.4404466421416636,-0.2745091459724342,0.15367018238882,11.170458413241954,-0.03166149230473952,0.0319226889447783,G2,,conditional,855,,,
G2:L6H24:change,noise,89,-0.005318163486009234,0.04934935221511327,-0.014792442321777344,-0.13623046875,0.2394496202468872,0.5955056179775281,0.0898876404494382,False,below_rule,-0.018689615003178627,0.009027231744166163,0.06655072362235423,11.170458413241954,-0.0004760917850698811,0.004417844853762883,G2,,change,216,,,
G2:L6H24:change,restore,89,-0.010834728733877117,0.06053636583049646,-0.00130462646484375,-0.21424102783203125,0.260009765625,0.5168539325842697,0.19101123595505617,False,below_rule,-0.027274157692877093,0.00549817882227093,0.07406855701060777,11.170458413241954,-0.0009699448610840493,0.005419326905933778,G2,,change,216,,,
G2:L6H24:conditional,noise,89,0.09603064381674434,0.2408324560422576,0.0810546875,-0.7868423461914062,1.0479736328125,0.6292134831460674,0.7191011235955056,True,heterogeneous,0.03083702650632751,0.16205232116613494,0.26078138726480893,11.170458413241954,0.008596840009977152,0.021559764795038686,G2,,conditional,216,,,
G2:L6H24:conditional,restore,89,0.1034898597202944,0.21918139832743097,0.093292236328125,-0.706787109375,1.21063232421875,0.651685393258427,0.651685393258427,True,heterogeneous,0.04434136460336407,0.16573256147041748,0.3027658676833249,11.170458413241954,0.009264602748765704,0.019621522252623372,G2,,conditional,216,,,
G2:L8H15:change,noise,89,0.004591337750467022,0.04432508516847418,0.0059814453125,-0.16461944580078125,0.1312255859375,0.5393258426966292,0.0898876404494382,False,below_rule,-0.007583730508772175,0.01635207560624967,0.10464791233619947,11.170458413241954,0.00041102500726597285,0.003968063218957001,G2,,change,271,,,
G2:L8H15:change,restore,89,0.01411650154028046,0.05025803640987096,0.00350189208984375,-0.15932655334472656,0.1758441925048828,0.5393258426966292,0.14606741573033707,False,below_rule,0.00011878442228510184,0.028418470768446332,0.09432057584269662,11.170458413241954,0.0012637352038790222,0.0044991919356051555,G2,,change,271,,,
G2:L8H15:conditional,noise,89,0.2840294047687831,0.3790642478492823,0.26507568359375,-0.955810546875,1.4639892578125,0.7865168539325843,0.8089887640449438,True,coherent,0.2042123226637251,0.36361814723925645,0.5141587230596649,11.170458413241954,0.02542683516301194,0.03393452925798665,G2,,conditional,271,,,
G2:L8H15:conditional,restore,89,0.3162273021226519,0.3428313223163733,0.30145263671875,-0.4156646728515625,0.92840576171875,0.9213483146067416,0.8314606741573034,True,coherent,0.26042485719316466,0.37236136104283707,0.43368187379301265,11.170458413241954,0.02830925020478856,0.030690891065846135,G2,,conditional,271,,,
G2group:negative:change,noise,89,-0.14309273810868853,0.22378220317069064,-0.1026611328125,-0.9467759132385254,0.7694244384765625,0.6741573033707865,0.6629213483146067,True,heterogeneous,-0.20033902576130427,-0.08563260158126276,0.3927327354302567,11.170458413241954,-0.01280992532401894,0.020033394771463393,G2group,,change,,negative,,
G2group:negative:change,restore,89,-0.14209850182693995,0.22937888241885754,-0.06805419921875,-1.0072784423828125,0.5635528564453125,0.651685393258427,0.6179775280898876,True,heterogeneous,-0.20161077011837047,-0.084196936682369,0.41791114378511235,11.170458413241954,-0.012720919461862918,0.020534419800260093,G2group,,change,,negative,,
G2group:negative:intact,noise,89,-2.169887564155493,2.169887564155493,-1.91192626953125,-5.9022536277771,-0.0673828125,1.0,0.9887640449438202,True,coherent,-2.4256345570757145,-1.9334487250681678,0.876379120215941,11.170458413241954,-0.19425232912404136,0.19425232912404136,G2group,,intact,,negative,,
G2group:negative:intact,restore,89,-2.1016369294584467,2.1016369294584467,-1.90673828125,-6.127685546875,-0.0672607421875,1.0,0.9887640449438202,True,coherent,-2.3379239735978374,-1.8802341279019132,0.721243740467543,11.170458413241954,-0.18814240666856372,0.18814240666856372,G2group,,intact,,negative,,
G2group:negative:weakened,noise,89,-2.3129803022641813,2.3129803022641813,-2.0784759521484375,-6.849029541015625,-0.0654296875,1.0,0.9887640449438202,True,coherent,-2.5911178192395843,-2.056859005066786,1.0137333093064556,11.170458413241954,-0.20706225444806028,0.20706225444806028,G2group,,weakened,,negative,,
G2group:negative:weakened,restore,89,-2.2437354312853866,2.2437354312853866,-1.993011474609375,-6.230127334594727,-0.0673828125,1.0,0.9887640449438202,True,coherent,-2.49935029570976,-2.0061794787310485,0.9144302968228801,11.170458413241954,-0.20086332613042662,0.20086332613042662,G2group,,weakened,,negative,,
G2group:positive:change,noise,89,-0.18750156847278723,0.33901723984921917,-0.18762588500976562,-1.42724609375,0.9681015014648438,0.7078651685393258,0.8202247191011236,True,coherent,-0.27095402295000093,-0.10495097828045329,0.5448126980427945,11.170458413241954,-0.016785485567048404,0.030349447382332417,G2group,,change,,positive,,
G2group:positive:change,restore,89,-0.28015619985173257,0.39710290244456087,-0.2262725830078125,-3.173187255859375,0.9156494140625,0.7415730337078652,0.8089887640449438,True,coherent,-0.3932347244091248,-0.18004188350077444,0.5121798783205869,11.170458413241954,-0.02508009872894948,0.03554938282334211,G2group,,change,,positive,,
G2group:positive:intact,noise,89,5.337455979893717,5.337455979893717,5.1981201171875,0.0037841796875,9.2635498046875,1.0,0.9887640449438202,True,coherent,4.995679566431582,5.684543363967638,2.280200840382094,11.170458413241954,0.47781888463650346,0.47781888463650346,G2group,,intact,,positive,,
G2group:positive:intact,restore,89,5.520144087544987,5.520144087544987,5.44873046875,1.2510986328125,11.63201904296875,1.0,1.0,True,coherent,5.15508504342497,5.89712988499845,2.5741871180159324,11.170458413241954,0.4941734603300761,0.4941734603300761,G2group,,intact,,positive,,
G2group:positive:weakened,noise,89,5.1499544114209295,5.1499544114209295,5.15533447265625,0.007080078125,9.009124755859375,1.0,0.9887640449438202,True,coherent,4.814885114953759,5.489523691575179,2.5150646493676003,11.170458413241954,0.46103339906945506,0.46103339906945506,G2group,,weakened,,positive,,
G2group:positive:weakened,restore,89,5.239987887693255,5.239987887693255,5.126220703125,1.244140625,12.2928466796875,1.0,1.0,True,coherent,4.887939129786544,5.60009759329678,2.7746218777774425,11.170458413241954,0.4690933616011266,0.4690933616011266,G2group,,weakened,,positive,,
G2group:reference1:change,noise,89,-0.020554385828168206,0.036494119783465784,-0.019733428955078125,-0.138916015625,0.082244873046875,0.6966292134831461,0.02247191011235955,False,below_rule,-0.029345861579594987,-0.011875493472881539,0.06244725055908889,11.170458413241954,-0.0018400664563418569,0.0032670207822629773,G2group,,change,,reference1,,
G2group:reference1:change,restore,89,-0.022629544976052275,0.04478487807713198,-0.0129852294921875,-0.356719970703125,0.156524658203125,0.651685393258427,0.11235955056179775,False,below_rule,-0.03678666205888383,-0.009573148609547142,0.0882361979966753,11.170458413241954,-0.0020258385232629498,0.004009224726537812,G2group,,change,,reference1,,
G2group:reference1:intact,noise,89,0.05845662984955177,0.22471170211106203,0.0509185791015625,-0.729705810546875,1.2347412109375,0.5842696629213483,0.7191011235955056,True,heterogeneous,-0.0015700904171118569,0.1210093396433282,0.2889815234066395,11.170458413241954,0.005233145112491955,0.020116605227649284,G2group,,intact,,reference1,,
G2group:reference1:intact,restore,89,-0.05892786818943667,0.19841814576909783,-0.05419921875,-0.98681640625,0.5438232421875,0.6067415730337079,0.6404494382022472,True,heterogeneous,-0.11398436273081919,-0.006280835290973127,0.3155527650640252,11.170458413241954,-0.005275331236145239,0.017762757662110287,G2group,,intact,,reference1,,
G2group:reference1:weakened,noise,89,0.03790224402138356,0.21383275744620334,0.03662109375,-0.7106304168701172,1.2374267578125,0.5617977528089888,0.7303370786516854,True,heterogeneous,-0.019411637910296407,0.09784348811326403,0.28328132361508485,11.170458413241954,0.0033930786561500977,0.01914270207503002,G2group,,weakened,,reference1,,
G2group:reference1:weakened,restore,89,-0.08155741316548894,0.21107125014401554,-0.07917213439941406,-0.9873046875,0.5889053344726562,0.6292134831460674,0.6853932584269663,True,heterogeneous,-0.13881854260905405,-0.02671187272232574,0.3247701237710674,11.170458413241954,-0.007301169759408189,0.01889548685788959,G2group,,weakened,,reference1,,
G2group:reference2:change,noise,89,-0.014435729283965035,0.05563326230209865,0.00836181640625,-0.7452392578125,0.13421630859375,0.39325842696629215,0.1348314606741573,False,below_rule,-0.04204046796546893,0.008179700006259939,0.05885963493518615,11.170458413241954,-0.0012923130591357187,0.004980392052321553,G2group,,change,,reference2,,
G2group:reference2:change,restore,89,-0.017892676123072594,0.04133990574418829,-0.0041351318359375,-0.2586822509765625,0.09632110595703125,0.5617977528089888,0.10112359550561797,False,below_rule,-0.03158623546027066,-0.0051554525836130256,0.05720352992582857,11.170458413241954,-0.0016017853038029152,0.003700824461705362,G2group,,change,,reference2,,
G2group:reference2:intact,noise,89,0.10300851136111142,0.2097309466158406,0.03426361083984375,-0.44049072265625,1.935302734375,0.6067415730337079,0.6067415730337079,True,heterogeneous,0.03531721910733855,0.18206641312395588,0.2598049613866913,11.170458413241954,0.009221511557574091,0.01877550041878463,G2group,,intact,,reference2,,
G2group:reference2:intact,restore,89,0.07898311400681399,0.20268834574838704,0.043182373046875,-0.41705322265625,0.9869384765625,0.5955056179775281,0.651685393258427,True,heterogeneous,0.024930267119675543,0.1345751751674695,0.2550626176126887,11.170458413241954,0.007070713759892246,0.018145033824942345,G2group,,intact,,reference2,,
G2group:reference2:weakened,noise,89,0.08857278207714638,0.1762008975061138,0.03802490234375,-0.3447265625,1.4302978515625,0.6067415730337079,0.6404494382022472,True,heterogeneous,0.03831092500954532,0.14462417344029002,0.2240937291906121,11.170458413241954,0.00792919849843837,0.015773828699566842,G2group,,weakened,,reference2,,
G2group:reference2:weakened,restore,89,0.0610904378837414,0.17778511328643629,0.04768562316894531,-0.3909912109375,0.821258544921875,0.6179775280898876,0.5955056179775281,True,heterogeneous,0.014791983952013294,0.10844684452488178,0.22455108165740967,11.170458413241954,0.005468928456089331,0.015915650612483546,G2group,,weakened,,reference2,,
G2group:reference3:change,noise,89,-0.005934547842218635,0.03536233607302891,-0.00335693359375,-0.1727447509765625,0.11229813098907471,0.5168539325842697,0.0449438202247191,False,below_rule,-0.015790426262309042,0.0034249896413824483,0.08592636397715366,11.170458413241954,-0.0005312716472927879,0.0031657014210901887,G2group,,change,,reference3,,
G2group:reference3:change,restore,89,-0.020724883240260436,0.04381280802608876,-0.013392448425292969,-0.16651153564453125,0.18282699584960938,0.6741573033707865,0.0898876404494382,False,below_rule,-0.0328073312057538,-0.008885308865750794,0.08291592222920964,11.170458413241954,-0.0018553296985280609,0.003922203226158661,G2group,,change,,reference3,,
G2group:reference3:intact,noise,89,-0.08482233861858925,0.2117886971891596,-0.0653076171875,-0.6829986572265625,0.469970703125,0.5955056179775281,0.6067415730337079,True,heterogeneous,-0.13922959418779007,-0.03132480007878861,0.300017956937297,11.170458413241954,-0.007593451896122464,0.018959714038064537,G2group,,intact,,reference3,,
G2group:reference3:intact,restore,89,-0.07584110270725207,0.2081890668761864,-0.087432861328125,-0.86785888671875,0.7398529052734375,0.651685393258427,0.7303370786516854,True,heterogeneous,-0.12763998622304937,-0.023849457301450595,0.3046484368570735,11.170458413241954,-0.006789435124466036,0.018637468506161742,G2group,,intact,,reference3,,
G2group:reference3:weakened,noise,89,-0.09075688646080789,0.1969244975722238,-0.03753662109375,-0.71270751953125,0.4739990234375,0.5955056179775281,0.6179775280898876,True,heterogeneous,-0.14213859636462137,-0.04060413760415628,0.29246467150998917,11.170458413241954,-0.008124723543415252,0.017629043525982855,G2group,,weakened,,reference3,,
G2group:reference3:weakened,restore,89,-0.0965659859475125,0.20226426070995546,-0.097412109375,-0.87359619140625,0.5948486328125,0.6853932584269663,0.6966292134831461,True,heterogeneous,-0.14411828303604982,-0.049113099226790885,0.2810288118512443,11.170458413241954,-0.008644764822994097,0.018107068951636083,G2group,,weakened,,reference3,,
G2group:reference4:change,noise,89,0.006516361504458309,0.04138115952523907,0.00445556640625,-0.227447509765625,0.274017333984375,0.5617977528089888,0.10112359550561797,False,below_rule,-0.0063424743963091555,0.01955850834257147,0.06810983111349385,11.170458413241954,0.0005833566773529659,0.003704517576125973,G2group,,change,,reference4,,
G2group:reference4:change,restore,89,0.005677880865804265,0.04001708914724628,0.0045166015625,-0.19931793212890625,0.17571449279785156,0.5617977528089888,0.10112359550561797,False,below_rule,-0.00628812386748496,0.01763645875989721,0.056515198075369505,11.170458413241954,0.0005082943470854745,0.0035824034848747355,G2group,,change,,reference4,,
G2group:reference4:intact,noise,89,-0.08413470729013507,0.21472439605198548,-0.0958251953125,-0.8611297607421875,0.8723831176757812,0.6741573033707865,0.6966292134831461,True,heterogeneous,-0.14002695378292815,-0.02723183417588156,0.38558348109213153,11.170458413241954,-0.007531893873791077,0.019222523204369277,G2group,,intact,,reference4,,
G2group:reference4:intact,restore,89,-0.045161985279469005,0.22461428133289466,-0.03125,-1.0223388671875,0.6826419830322266,0.5730337078651685,0.7303370786516854,True,heterogeneous,-0.10497972235251009,0.014796442965443135,0.27868360615848153,11.170458413241954,-0.0040429840574789655,0.020107883940253247,G2group,,intact,,reference4,,
G2group:reference4:weakened,noise,89,-0.07761834578567677,0.2007017738363716,-0.065216064453125,-0.80908203125,1.1464004516601562,0.6629213483146067,0.6179775280898876,True,heterogeneous,-0.13202328333693944,-0.021012990930107237,0.3566670926769128,11.170458413241954,-0.006948537196438112,0.01796719225044971,G2group,,weakened,,reference4,,
G2group:reference4:weakened,restore,89,-0.03948410441366474,0.20934193321828093,-0.0294189453125,-0.8466243743896484,0.63787841796875,0.550561797752809,0.7191011235955056,True,heterogeneous,-0.09442761922150515,0.015876727425650206,0.2600913422830989,11.170458413241954,-0.003534689710393491,0.018740675223329936,G2group,,weakened,,reference4,,
G2group:residual23:change,noise,89,0.0689355456427242,0.15192037352015464,0.04119873046875,-0.365447998046875,1.0076141357421875,0.5730337078651685,0.5617977528089888,True,heterogeneous,0.027790024072936414,0.11247768291596612,0.2191599915536602,11.170458413241954,0.0061712369441351625,0.01360019149617544,G2group,,change,,residual23,,
G2group:residual23:change,restore,89,0.017844885922549816,0.13629241471879938,0.00101470947265625,-0.4580078125,0.529052734375,0.5168539325842697,0.4943820224719101,True,heterogeneous,-0.018960805957236985,0.055703189131918865,0.2518337764097064,11.170458413241954,0.0015975070370787738,0.012201147855958385,G2group,,change,,residual23,,
G2group:residual23:intact,noise,89,0.11639698971523328,0.5943988950065012,0.092620849609375,-1.3623046875,2.486328125,0.550561797752809,0.8651685393258427,True,heterogeneous,-0.0394720903943094,0.2765072852038265,0.9185991823003533,11.170458413241954,0.01042007278566573,0.05321168326466124,G2group,,intact,,residual23,,
G2group:residual23:intact,restore,89,0.23779426531845263,0.6053103864862678,0.23130416870117188,-1.635986328125,2.0224609375,0.6067415730337079,0.8876404494382022,True,heterogeneous,0.08905250677901708,0.3854933304733104,0.967019863342971,11.170458413241954,0.021287780368669636,0.054188500068064006,G2group,,intact,,residual23,,
G2group:residual23:weakened,noise,89,0.18533253535795746,0.6562204160047381,0.17919921875,-1.536834716796875,2.75537109375,0.5955056179775281,0.9101123595505618,True,heterogeneous,0.014637575022290265,0.3607089806473657,0.8774296433738108,11.170458413241954,0.016591309729800892,0.05874605962695546,G2group,,weakened,,residual23,,
G2group:residual23:weakened,restore,89,0.25563915124100245,0.611795382553272,0.249420166015625,-1.4355926513671875,1.90478515625,0.5955056179775281,0.9213483146067416,True,heterogeneous,0.10658518866206823,0.4048114784647908,0.9694584192854635,11.170458413241954,0.022885287405748408,0.05476904885371784,G2group,,weakened,,residual23,,
block:L17H1:query_sentence,noise,89,5.535144162981697,5.535144162981697,5.32861328125,0.5670833587646484,9.60595703125,1.0,1.0,True,coherent,5.194135983874289,5.883109356848041,3.5552535753571584,11.170458413241954,0.4955162946956674,0.4955162946956674,blocking,,blocking,,,545,query_sentence
block:L17H1:query_sentence,restore,89,5.350544425878632,5.350544425878632,5.4971923828125,0.32733917236328125,9.131866455078125,1.0,1.0,True,coherent,5.021266155296497,5.673158124055754,3.6534712930743614,11.170458413241954,0.47899058641459696,0.47899058641459696,blocking,,blocking,,,545,query_sentence
block:L17H1:query_sentence:self,noise,89,0.0,0.0,0.0,0.0,0.0,1.0,0.0,False,below_rule,0.0,0.0,0.0,11.170458413241954,0.0,0.0,control,,self_clamp,,,,
block:L17H1:query_sentence:self,restore,89,0.0,0.0,0.0,0.0,0.0,1.0,0.0,False,below_rule,0.0,0.0,0.0,11.170458413241954,0.0,0.0,control,,self_clamp,,,,
block:L17H1:query_sentence:source,noise,89,6.276379397745883,6.276379397745883,5.939605712890625,2.9380455017089844,11.3253173828125,1.0,1.0,True,coherent,5.919524382741264,6.651270670033573,3.6282674275087508,11.170458413241954,0.5618730373952769,0.5618730373952769,blocking,,source,,,545,query_sentence
block:L17H1:query_sentence:source,restore,89,5.972021365433596,5.972021365433596,5.955780029296875,1.5768203735351562,10.648895263671875,1.0,1.0,True,coherent,5.633342470211929,6.31296150389682,3.812329613760616,11.170458413241954,0.5346263460731476,0.5346263460731476,blocking,,source,,,545,query_sentence
block:L17H1:query_writer_union,noise,89,4.978002012445685,4.978002012445685,4.749443054199219,0.558319091796875,8.3363037109375,1.0,1.0,True,coherent,4.666299336144093,5.29205353822601,3.5212992121664324,11.170458413241954,0.4456399037791092,0.4456399037791092,blocking,,blocking,,,545,query_writer_union
block:L17H1:query_writer_union,restore,89,4.790111766772323,4.790111766772323,4.880126953125,0.279205322265625,9.042449951171875,1.0,1.0,True,coherent,4.482427552308929,5.093421411782168,3.598390922117769,11.170458413241954,0.4288196231135791,0.4288196231135791,blocking,,blocking,,,545,query_writer_union
block:L17H1:query_writer_union:self,noise,89,0.0,0.0,0.0,0.0,0.0,1.0,0.0,False,below_rule,0.0,0.0,0.0,11.170458413241954,0.0,0.0,control,,self_clamp,,,,
block:L17H1:query_writer_union:self,restore,89,0.0,0.0,0.0,0.0,0.0,1.0,0.0,False,below_rule,0.0,0.0,0.0,11.170458413241954,0.0,0.0,control,,self_clamp,,,,
block:L17H1:query_writer_union:source,noise,89,5.663744588916221,5.663744588916221,5.3454132080078125,2.729034423828125,9.963623046875,1.0,1.0,True,coherent,5.335874659023927,6.009780653541007,3.5402573039022722,11.170458413241954,0.5070288415560608,0.5070288415560608,blocking,,source,,,545,query_writer_union
block:L17H1:query_writer_union:source,restore,89,5.357709027408214,5.357709027408214,5.3414459228515625,1.410186767578125,9.775115966796875,1.0,1.0,True,coherent,5.04191504221284,5.676735303643045,3.711366589149732,11.170458413241954,0.47963197473229474,0.47963197473229474,blocking,,source,,,545,query_writer_union
